backbone,dataset,run_id,artifact_dir,method,axis,seed,candidate,candidate_score,contract_valid,status,selected_epoch,val_selection_value,balanced_accuracy,cohen_kappa,macro_f1,weighted_f1,trainable_parameters,adapter_delta_ratio,backbone_update_norm,source
CBraMod,faced,faced_cbramod_original_s42_lr1e-4_b64_e50_r3,/panfs/accrepfs.vampire/data/neurogroup/mingyangjiang/EEGxPlore/CBraMod/results/faced/faced_cbramod_original_s42_lr1e-4_b64_e50_r3,full_finetune,none,42,True,7,True,completed,25,0.5754929712613347,0.5831991411701556,0.5271355002814669,0.5909614301650772,0.5864019244151826,133287809,,0.013130431063473225,summary.json + test_metrics.json
CBraMod,faced,faced_cbramod_original_s1024_lr1e-4_b64_e50,/panfs/accrepfs.vampire/data/neurogroup/mingyangjiang/EEGxPlore/CBraMod/results/faced/faced_cbramod_original_s1024_lr1e-4_b64_e50,full_finetune,none,1024,True,7,True,completed,18,0.5557369179068652,0.5619967793880838,0.505205399428345,0.5675525451894428,0.5641155910561543,133287809,,0.01328353863209486,summary.json + test_metrics.json
CBraMod,faced,faced_cbramod_original_s3407_lr1e-4_b64_e50,/panfs/accrepfs.vampire/data/neurogroup/mingyangjiang/EEGxPlore/CBraMod/results/faced/faced_cbramod_original_s3407_lr1e-4_b64_e50,full_finetune,none,3407,True,7,True,completed,27,0.5678867154686189,0.5701825013419217,0.5139172891541126,0.5772939497719034,0.5732697153020277,133287809,,0.01238232757896185,summary.json + test_metrics.json
CBraMod,faced,faced_native_full_channel_s42_lr1e-4_b64_e50,/panfs/accrepfs.vampire/data/neurogroup/mingyangjiang/EEGxPlore/CBraMod/results/faced/faced_native_full_channel_s42_lr1e-4_b64_e50,native_full_finetune,channel,42,True,7,True,completed,17,0.5697574072298398,0.5748792270531401,0.517362124306974,0.5795516553879829,0.5750980069215464,133317614,0.0045227427035570145,0.010685320012271404,summary.json + test_metrics.json
CBraMod,faced,faced_native_full_patch_s42_lr1e-4_b64_e50,/panfs/accrepfs.vampire/data/neurogroup/mingyangjiang/EEGxPlore/CBraMod/results/faced/faced_native_full_patch_s42_lr1e-4_b64_e50,native_full_finetune,patch,42,True,7,True,completed,20,0.5624789976477366,0.5683038110574342,0.5105650695646733,0.5766813305675851,0.5719460861969206,133317614,0.007601723540574312,0.010737528093159199,summary.json + test_metrics.json
CBraMod,faced,faced_native_full_channel_patch_s42_lr1e-4_b64_e50,/panfs/accrepfs.vampire/data/neurogroup/mingyangjiang/EEGxPlore/CBraMod/results/faced/faced_native_full_channel_patch_s42_lr1e-4_b64_e50,native_full_finetune,channel_patch,42,True,7,True,completed,23,0.5620066697056214,0.5672302737520128,0.5090996268423358,0.5733905560015712,0.5690337621975613,133347419,0.011999818496406078,0.01151922158896923,summary.json + test_metrics.json
CBraMod,faced,faced_native_full_channel_s1024_lr1e-4_b64_e50,/panfs/accrepfs.vampire/data/neurogroup/mingyangjiang/EEGxPlore/CBraMod/results/faced/faced_native_full_channel_s1024_lr1e-4_b64_e50,native_full_finetune,channel,1024,True,7,True,completed,33,0.5507194158199418,0.546027911969941,0.4881865090141845,0.5563877787927478,0.5525806379760944,133317614,0.002715789945796132,0.010840137489140034,summary.json + test_metrics.json
CBraMod,faced,faced_native_full_patch_s1024_lr1e-4_b64_e50,/panfs/accrepfs.vampire/data/neurogroup/mingyangjiang/EEGxPlore/CBraMod/results/faced/faced_native_full_patch_s1024_lr1e-4_b64_e50,native_full_finetune,patch,1024,True,7,True,completed,31,0.5569641528007876,0.5599838969404187,0.5036849907092302,0.5703184756668841,0.5666762368189032,133317614,0.005046918522566557,0.011060339398682117,summary.json + test_metrics.json
CBraMod,faced,faced_native_full_channel_patch_s1024_lr1e-4_b64_e50,/panfs/accrepfs.vampire/data/neurogroup/mingyangjiang/EEGxPlore/CBraMod/results/faced/faced_native_full_channel_patch_s1024_lr1e-4_b64_e50,native_full_finetune,channel_patch,1024,True,7,True,completed,27,0.550055163812539,0.5605206655931293,0.5024402452759354,0.5674772928421377,0.5634233985966418,133347419,0.004367637448012829,0.011138686910271645,summary.json + test_metrics.json
CBraMod,faced,faced_native_full_channel_s3407_lr1e-4_b64_e50,/panfs/accrepfs.vampire/data/neurogroup/mingyangjiang/EEGxPlore/CBraMod/results/faced/faced_native_full_channel_s3407_lr1e-4_b64_e50,native_full_finetune,channel,3407,True,7,True,completed,31,0.5674818622976024,0.5725979602791197,0.5180179239173578,0.5845221419797368,0.5803163855451201,133317614,0.00039708372787572443,0.011213730089366436,summary.json + test_metrics.json
CBraMod,faced,faced_native_full_patch_s3407_lr1e-4_b64_e50,/panfs/accrepfs.vampire/data/neurogroup/mingyangjiang/EEGxPlore/CBraMod/results/faced/faced_native_full_patch_s3407_lr1e-4_b64_e50,native_full_finetune,patch,3407,True,7,True,completed,28,0.5703273216301241,0.5719269994632313,0.5164550618108922,0.5813669808093852,0.5770075288369569,133317614,0.004851181525737047,0.01150983665138483,summary.json + test_metrics.json
CBraMod,faced,faced_native_full_channel_patch_s3407_lr1e-4_b64_e50,/panfs/accrepfs.vampire/data/neurogroup/mingyangjiang/EEGxPlore/CBraMod/results/faced/faced_native_full_channel_patch_s3407_lr1e-4_b64_e50,native_full_finetune,channel_patch,3407,True,7,True,completed,30,0.579442391669466,0.5683038110574343,0.5101547187122065,0.5731034658075461,0.568469974021308,133347419,0.003214473370462656,0.00998748280107975,summary.json + test_metrics.json
CBraMod,faced,faced_evalmode_frozen_probe_s42_20260804,/panfs/accrepfs.vampire/data/neurogroup/mingyangjiang/EEGxPlore/CBraMod/results/faced/faced_evalmode_frozen_probe_s42_20260804,frozen_probe,none,42,True,102,True,completed,46,0.3693966241686475,0.3750670960815888,0.2979704219770135,0.37618588879858567,0.3768114208915497,128404009,,0.0,summary.json + test_metrics.json
CBraMod,faced,faced_evalmode_frozen_channel_s42_lr5e-4_20260804,/panfs/accrepfs.vampire/data/neurogroup/mingyangjiang/EEGxPlore/CBraMod/results/faced/faced_evalmode_frozen_channel_s42_lr5e-4_20260804,interaction_aligned,channel,42,True,102,True,completed,28,0.37117903930131,0.3836553945249597,0.30547159979155813,0.3847724205827893,0.3839851478961803,128433814,0.4127635657787323,0.0,summary.json + test_metrics.json
CBraMod,faced,faced_evalmode_frozen_patch_s42_lr5e-4_20260804,/panfs/accrepfs.vampire/data/neurogroup/mingyangjiang/EEGxPlore/CBraMod/results/faced/faced_evalmode_frozen_patch_s42_lr5e-4_20260804,interaction_aligned,patch,42,True,102,True,completed,47,0.38406858624912954,0.38298443370907137,0.30551962952146516,0.38481922926521017,0.3842866123669117,128433814,0.5078914165496826,0.0,summary.json + test_metrics.json
CBraMod,faced,faced_evalmode_frozen_channel_patch_s42_lr5e-4_20260804,/panfs/accrepfs.vampire/data/neurogroup/mingyangjiang/EEGxPlore/CBraMod/results/faced/faced_evalmode_frozen_channel_patch_s42_lr5e-4_20260804,interaction_aligned,channel_patch,42,True,102,True,completed,37,0.3827924492096616,0.3951959205582394,0.31846788646688606,0.39505783033163044,0.3943868787640964,128463619,0.6623373031616211,0.0,summary.json + test_metrics.json
CBraMod,faced,faced_evalmode_frozen_generic_s42_20260804,/panfs/accrepfs.vampire/data/neurogroup/mingyangjiang/EEGxPlore/CBraMod/results/faced/faced_evalmode_frozen_generic_s42_20260804,generic_bottleneck,none,42,True,102,True,completed,35,0.3891738984513592,0.3935856146001073,0.31580701608199313,0.39315171255028436,0.39197271782134063,128430274,,0.0,summary.json + test_metrics.json
CBraMod,faced,faced_evalmode_frozen_lora_qkv_r8_s42_20260804,/panfs/accrepfs.vampire/data/neurogroup/mingyangjiang/EEGxPlore/CBraMod/results/faced/faced_evalmode_frozen_lora_qkv_r8_s42_20260804,lora,none,42,True,102,True,completed,12,0.40683936830501566,0.42096081588835216,0.34605608567023616,0.4224268573722585,0.4205631201279947,128480809,,0.0,summary.json + test_metrics.json
CBraMod,faced,faced_evalmode_frozen_upper2_s42_20260804,/panfs/accrepfs.vampire/data/neurogroup/mingyangjiang/EEGxPlore/CBraMod/results/faced/faced_evalmode_frozen_upper2_s42_20260804,upper_k_finetune,none,42,True,102,True,completed,41,0.39311403088136565,0.4087493290391841,0.3330832708177044,0.4090537794941171,0.40780720379303953,129209209,,0.0,summary.json + test_metrics.json
CBraMod,faced,faced_evalmode_frozen_axis_blind_s42_20260804,/panfs/accrepfs.vampire/data/neurogroup/mingyangjiang/EEGxPlore/CBraMod/results/faced/faced_evalmode_frozen_axis_blind_s42_20260804,axis_blind,generic_token_control,42,True,102,True,completed,27,0.37988063565111096,0.38727858293075684,0.30842600691407396,0.38725319859351187,0.38596753008255563,128463958,,0.0,summary.json + test_metrics.json
CBraMod,faced,faced_evalmode_frozen_probe_s1024_20260804,/panfs/accrepfs.vampire/data/neurogroup/mingyangjiang/EEGxPlore/CBraMod/results/faced/faced_evalmode_frozen_probe_s1024_20260804,frozen_probe,none,1024,True,102,True,completed,17,0.37035614860324473,0.37909286097691897,0.2997519954984057,0.3795963124311903,0.3784459502731745,128404009,,0.0,summary.json + test_metrics.json
CBraMod,faced,faced_evalmode_frozen_channel_s1024_lr5e-4_20260804,/panfs/accrepfs.vampire/data/neurogroup/mingyangjiang/EEGxPlore/CBraMod/results/faced/faced_evalmode_frozen_channel_s1024_lr5e-4_20260804,interaction_aligned,channel,1024,True,102,True,completed,37,0.3727429888590089,0.37815351583467527,0.3004379562043795,0.3787534865242982,0.378690747902424,128433814,0.4023004174232483,0.0,summary.json + test_metrics.json
CBraMod,faced,faced_evalmode_frozen_patch_s1024_lr5e-4_20260804,/panfs/accrepfs.vampire/data/neurogroup/mingyangjiang/EEGxPlore/CBraMod/results/faced/faced_evalmode_frozen_patch_s1024_lr5e-4_20260804,interaction_aligned,patch,1024,True,102,True,completed,43,0.37655357742693985,0.3824476650563607,0.3047285464098074,0.3825379109622883,0.3821811648424867,128433814,0.5075993537902832,0.0,summary.json + test_metrics.json
CBraMod,faced,faced_evalmode_frozen_channel_patch_s1024_lr5e-4_20260804,/panfs/accrepfs.vampire/data/neurogroup/mingyangjiang/EEGxPlore/CBraMod/results/faced/faced_evalmode_frozen_channel_patch_s1024_lr5e-4_20260804,interaction_aligned,channel_patch,1024,True,102,True,completed,44,0.3876552683324541,0.3875469672571122,0.3088363954505686,0.387896632331497,0.3865745094976027,128463619,0.6740647554397583,0.0,summary.json + test_metrics.json
CBraMod,faced,faced_evalmode_frozen_generic_s1024_20260804,/panfs/accrepfs.vampire/data/neurogroup/mingyangjiang/EEGxPlore/CBraMod/results/faced/faced_evalmode_frozen_generic_s1024_20260804,generic_bottleneck,none,1024,True,102,True,completed,18,0.3797936165106792,0.38754696725711213,0.31001125797439844,0.3863050278036913,0.38562317376620586,128430274,,0.0,summary.json + test_metrics.json
CBraMod,faced,faced_evalmode_frozen_lora_qkv_r8_s1024_20260804,/panfs/accrepfs.vampire/data/neurogroup/mingyangjiang/EEGxPlore/CBraMod/results/faced/faced_evalmode_frozen_lora_qkv_r8_s1024_20260804,lora,none,1024,True,102,True,completed,21,0.4240920532182667,0.42243692968330643,0.3471683960495061,0.4235914236304431,0.42122702693475605,128480809,,0.0,summary.json + test_metrics.json
CBraMod,faced,faced_evalmode_frozen_upper2_s1024_20260804,/panfs/accrepfs.vampire/data/neurogroup/mingyangjiang/EEGxPlore/CBraMod/results/faced/faced_evalmode_frozen_upper2_s1024_20260804,upper_k_finetune,none,1024,True,102,True,completed,46,0.3947362107435042,0.4017713365539452,0.3246330887258172,0.4027601491103256,0.40082886558946806,129209209,,0.0,summary.json + test_metrics.json
CBraMod,faced,faced_evalmode_frozen_axis_blind_s1024_20260804,/panfs/accrepfs.vampire/data/neurogroup/mingyangjiang/EEGxPlore/CBraMod/results/faced/faced_evalmode_frozen_axis_blind_s1024_20260804,axis_blind,generic_token_control,1024,True,102,True,completed,32,0.3779119930974978,0.3852657004830918,0.3065033537474482,0.38599831322065864,0.3848693007810737,128463958,,0.0,summary.json + test_metrics.json
CBraMod,faced,faced_evalmode_frozen_probe_s3407_20260804,/panfs/accrepfs.vampire/data/neurogroup/mingyangjiang/EEGxPlore/CBraMod/results/faced/faced_evalmode_frozen_probe_s3407_20260804,frozen_probe,none,3407,True,102,True,completed,43,0.3705525299297042,0.3789586688137413,0.30011674449633086,0.38084727771879767,0.3799335591536526,128404009,,0.0,summary.json + test_metrics.json
CBraMod,faced,faced_evalmode_frozen_channel_s3407_lr5e-4_20260804,/panfs/accrepfs.vampire/data/neurogroup/mingyangjiang/EEGxPlore/CBraMod/results/faced/faced_evalmode_frozen_channel_s3407_lr5e-4_20260804,interaction_aligned,channel,3407,True,102,True,completed,43,0.3713681986265188,0.37654320987654316,0.2984813084112149,0.37761446006560856,0.3772978722061226,128433814,0.40668967366218567,0.0,summary.json + test_metrics.json
CBraMod,faced,faced_evalmode_frozen_patch_s3407_lr5e-4_20260804,/panfs/accrepfs.vampire/data/neurogroup/mingyangjiang/EEGxPlore/CBraMod/results/faced/faced_evalmode_frozen_patch_s3407_lr5e-4_20260804,interaction_aligned,patch,3407,True,102,True,completed,37,0.38032896945283656,0.39492753623188404,0.3175710863451724,0.394399891034501,0.39344903177876545,128433814,0.5034801363945007,0.0,summary.json + test_metrics.json
CBraMod,faced,faced_evalmode_frozen_channel_patch_s3407_lr5e-4_20260804,/panfs/accrepfs.vampire/data/neurogroup/mingyangjiang/EEGxPlore/CBraMod/results/faced/faced_evalmode_frozen_channel_patch_s3407_lr5e-4_20260804,interaction_aligned,channel_patch,3407,True,102,True,completed,18,0.3775539568345323,0.39023081052066555,0.31227865505603936,0.389112028967704,0.3881569328609679,128463619,0.6617234945297241,0.0,summary.json + test_metrics.json
CBraMod,faced,faced_evalmode_frozen_generic_s3407_20260804,/panfs/accrepfs.vampire/data/neurogroup/mingyangjiang/EEGxPlore/CBraMod/results/faced/faced_evalmode_frozen_generic_s3407_20260804,generic_bottleneck,none,3407,True,102,True,completed,30,0.38556730700050357,0.3894256575415996,0.3110546272761364,0.38823561659221256,0.3869751008735831,128430274,,0.0,summary.json + test_metrics.json
CBraMod,faced,faced_evalmode_frozen_lora_qkv_r8_s3407_20260804,/panfs/accrepfs.vampire/data/neurogroup/mingyangjiang/EEGxPlore/CBraMod/results/faced/faced_evalmode_frozen_lora_qkv_r8_s3407_20260804,lora,none,3407,True,102,True,completed,11,0.4037415862217645,0.4088835212023618,0.3318340829585207,0.4084876718194134,0.4064505862316601,128480809,,0.0,summary.json + test_metrics.json
CBraMod,faced,faced_evalmode_frozen_upper2_s3407_20260804,/panfs/accrepfs.vampire/data/neurogroup/mingyangjiang/EEGxPlore/CBraMod/results/faced/faced_evalmode_frozen_upper2_s3407_20260804,upper_k_finetune,none,3407,True,102,True,completed,17,0.3998705377478363,0.39989264626945786,0.32133933033483253,0.3991059502450864,0.39675692821252384,129209209,,0.0,summary.json + test_metrics.json
CBraMod,faced,faced_evalmode_frozen_axis_blind_s3407_20260804,/panfs/accrepfs.vampire/data/neurogroup/mingyangjiang/EEGxPlore/CBraMod/results/faced/faced_evalmode_frozen_axis_blind_s3407_20260804,axis_blind,generic_token_control,3407,True,102,True,completed,34,0.3801060180854381,0.3913043478260869,0.31424045356011343,0.38906197842338075,0.38850024109873615,128463958,,0.0,summary.json + test_metrics.json
CBraMod,isruc,isruc_cbramod_dense_s42_lr5e-5_b8_e20,/panfs/accrepfs.vampire/data/neurogroup/mingyangjiang/EEGxPlore/CBraMod/results/isruc/isruc_cbramod_dense_s42_lr5e-5_b8_e20,full_finetune,none,42,True,102,True,completed,15,0.7317636443862843,0.7744223119560828,0.7341284026124207,0.7715597560329264,0.7956283066473264,26471261,,0.034643176943063736,summary.json + test_metrics.json
CBraMod,isruc,isruc_cbramod_upper2_s42_lr2e-4_b8_e20,/panfs/accrepfs.vampire/data/neurogroup/mingyangjiang/EEGxPlore/CBraMod/results/isruc/isruc_cbramod_upper2_s42_lr2e-4_b8_e20,upper_k_finetune,none,42,True,102,True,completed,6,0.7398820368942991,0.7758898107736814,0.7495102855404923,0.7730561327112506,0.8021801735659505,22392661,,0.0,summary.json + test_metrics.json
CBraMod,isruc,isruc_cbramod_frozen_probe_s42_lr2e-4_b8_e20,/panfs/accrepfs.vampire/data/neurogroup/mingyangjiang/EEGxPlore/CBraMod/results/isruc/isruc_cbramod_frozen_probe_s42_lr2e-4_b8_e20,frozen_probe,none,42,True,102,True,completed,16,0.7246305812739118,0.7542625984571867,0.7041219340097529,0.7465727382575784,0.767764261252889,21587461,,0.0,summary.json + test_metrics.json
CBraMod,isruc,isruc_cbramod_frozen_channel_s42_lr2e-4_b8_e20,/panfs/accrepfs.vampire/data/neurogroup/mingyangjiang/EEGxPlore/CBraMod/results/isruc/isruc_cbramod_frozen_channel_s42_lr2e-4_b8_e20,interaction_aligned,channel,42,True,102,True,completed,9,0.7221371773715987,0.7433502181558147,0.6930913158934278,0.7248673706374896,0.7527917529488668,21617266,0.12096795439720154,0.0,summary.json + test_metrics.json
CBraMod,isruc,isruc_cbramod_axisblind_s42_lr2e-4_b8_e20,/panfs/accrepfs.vampire/data/neurogroup/mingyangjiang/EEGxPlore/CBraMod/results/isruc/isruc_cbramod_axisblind_s42_lr2e-4_b8_e20,axis_blind,generic_token_control,42,True,102,True,completed,9,0.7222968447587717,0.7546861099347553,0.7135281478522446,0.750640002005781,0.7764788577739145,21647410,,0.0,summary.json + test_metrics.json
CBraMod,isruc,isruc_cbramod_frozen_patch_s42_lr2e-4_b8_e20,/panfs/accrepfs.vampire/data/neurogroup/mingyangjiang/EEGxPlore/CBraMod/results/isruc/isruc_cbramod_frozen_patch_s42_lr2e-4_b8_e20,interaction_aligned,patch,42,True,102,True,completed,9,0.7374509115512764,0.7428491008591609,0.693361020362675,0.7241756357304281,0.7542565916279415,21617266,0.07489670813083649,0.0,summary.json + test_metrics.json
CBraMod,isruc,isruc_cbramod_native_full_channel_s42_lr2e-4_b8_e20,/panfs/accrepfs.vampire/data/neurogroup/mingyangjiang/EEGxPlore/CBraMod/results/isruc/isruc_cbramod_native_full_channel_s42_lr2e-4_b8_e20,native_full_finetune,channel,42,True,102,True,completed,8,0.74150132324183,0.774252945847443,0.7421730382496129,0.7739773821663986,0.7995611759492017,26501066,4.714798342320137e-05,0.04260611906647682,summary.json + test_metrics.json
CBraMod,isruc,isruc_cbramod_frozen_channel_patch_s42_lr2e-4_b8_e20,/panfs/accrepfs.vampire/data/neurogroup/mingyangjiang/EEGxPlore/CBraMod/results/isruc/isruc_cbramod_frozen_channel_patch_s42_lr2e-4_b8_e20,interaction_aligned,channel_patch,42,True,102,True,completed,9,0.736504515851614,0.7541019622189131,0.7119569714407924,0.7471509189075352,0.7732663754247068,21647071,0.1896972954273224,0.0,summary.json + test_metrics.json
CBraMod,isruc,isruc_cbramod_native_full_patch_s42_lr2e-4_b8_e20,/panfs/accrepfs.vampire/data/neurogroup/mingyangjiang/EEGxPlore/CBraMod/results/isruc/isruc_cbramod_native_full_patch_s42_lr2e-4_b8_e20,native_full_finetune,patch,42,True,102,True,completed,10,0.7339571793621571,0.7739250953015382,0.727524958541965,0.7701606178260242,0.7901155681855095,26501066,1.7248634321731515e-05,0.03905661031603813,summary.json + test_metrics.json
CBraMod,isruc,isruc_cbramod_frozen_generic_s42_lr2e-4_b8_e20,/panfs/accrepfs.vampire/data/neurogroup/mingyangjiang/EEGxPlore/CBraMod/results/isruc/isruc_cbramod_frozen_generic_s42_lr2e-4_b8_e20,generic_bottleneck,none,42,True,102,True,completed,9,0.7293925776443975,0.752260738681068,0.7114092871489754,0.7437807301070515,0.771384657073822,21613726,,0.0,summary.json + test_metrics.json
CBraMod,isruc,isruc_cbramod_lora_qkv_r8_s42_lr2e-4_b8_e20,/panfs/accrepfs.vampire/data/neurogroup/mingyangjiang/EEGxPlore/CBraMod/results/isruc/isruc_cbramod_lora_qkv_r8_s42_lr2e-4_b8_e20,lora,none,42,True,102,True,completed,9,0.727591496073642,0.746508729374732,0.700463382439486,0.7387823196824165,0.7662418302422025,21664261,,0.0,summary.json + test_metrics.json
CBraMod,isruc,isruc_cbramod_native_full_channel_patch_s42_lr2e-4_b8_e20,/panfs/accrepfs.vampire/data/neurogroup/mingyangjiang/EEGxPlore/CBraMod/results/isruc/isruc_cbramod_native_full_channel_patch_s42_lr2e-4_b8_e20,native_full_finetune,channel_patch,42,True,102,True,completed,20,0.7373726824338765,0.7828451424869682,0.74697324922096,0.7827616835790476,0.8052137083972031,26530871,4.733820242108777e-05,0.034704603254795074,summary.json + test_metrics.json
CBraMod,isruc,isruc_cbramod_dense_s1024_lr2e-4_b8_e20,/panfs/accrepfs.vampire/data/neurogroup/mingyangjiang/EEGxPlore/CBraMod/results/isruc/isruc_cbramod_dense_s1024_lr2e-4_b8_e20,full_finetune,none,1024,True,102,True,completed,4,0.7343384423136812,0.793113887986853,0.754006144489807,0.7893432253370829,0.8103796060896085,26471261,,0.03563309460878372,summary.json + test_metrics.json
CBraMod,isruc,isruc_cbramod_dense_s3407_lr2e-4_b8_e20,/panfs/accrepfs.vampire/data/neurogroup/mingyangjiang/EEGxPlore/CBraMod/results/isruc/isruc_cbramod_dense_s3407_lr2e-4_b8_e20,full_finetune,none,3407,True,102,True,completed,4,0.7397617004394166,0.775524558870085,0.7335915851686902,0.7730517303229248,0.7966772075623807,26471261,,0.037474144250154495,summary.json + test_metrics.json
CBraMod,isruc,isruc_cbramod_frozen_probe_s1024_lr2e-4_b8_e20,/panfs/accrepfs.vampire/data/neurogroup/mingyangjiang/EEGxPlore/CBraMod/results/isruc/isruc_cbramod_frozen_probe_s1024_lr2e-4_b8_e20,frozen_probe,none,1024,True,102,True,completed,20,0.708655217165719,0.7543855637013218,0.7069015499765529,0.7509045801707795,0.7720601779743427,21587461,,0.0,summary.json + test_metrics.json
CBraMod,isruc,isruc_cbramod_frozen_probe_s3407_lr2e-4_b8_e20,/panfs/accrepfs.vampire/data/neurogroup/mingyangjiang/EEGxPlore/CBraMod/results/isruc/isruc_cbramod_frozen_probe_s3407_lr2e-4_b8_e20,frozen_probe,none,3407,True,102,True,completed,10,0.734245586714593,0.7599638783089742,0.7225676263771739,0.7574594748575196,0.7853328223561034,21587461,,0.0,summary.json + test_metrics.json
CBraMod,isruc,isruc_cbramod_alpha0_frozen_channel_r32_s3407,/panfs/accrepfs.vampire/data/neurogroup/mingyangjiang/EEGxPlore/CBraMod/results/isruc/isruc_cbramod_alpha0_frozen_channel_r32_s3407,interaction_aligned,channel,3407,True,2,True,completed,16,0.7152184908679668,0.7507157513471675,0.7104063642919359,0.746691753647598,0.7727219306643444,21598418,0.05739283561706543,0.0,summary.json + test_metrics.json
CBraMod,isruc,isruc_cbramod_alpha0_frozen_channel_r32_s1024,/panfs/accrepfs.vampire/data/neurogroup/mingyangjiang/EEGxPlore/CBraMod/results/isruc/isruc_cbramod_alpha0_frozen_channel_r32_s1024,interaction_aligned,channel,1024,True,2,True,completed,10,0.7183106014608274,0.7501866977937308,0.698797224924274,0.7413308935511482,0.7635002213767207,21598418,0.02913769520819187,0.0,summary.json + test_metrics.json
CBraMod,isruc,isruc_cbramod_alpha0_frozen_patch_r32_s3407,/panfs/accrepfs.vampire/data/neurogroup/mingyangjiang/EEGxPlore/CBraMod/results/isruc/isruc_cbramod_alpha0_frozen_patch_r32_s3407,interaction_aligned,patch,3407,True,2,True,completed,16,0.7239872946962121,0.751728362361652,0.7081978366685706,0.7501864111008701,0.7719204480684727,21598418,0.0163811594247818,0.0,summary.json + test_metrics.json
CBraMod,isruc,isruc_cbramod_alpha0_frozen_patch_r32_s1024,/panfs/accrepfs.vampire/data/neurogroup/mingyangjiang/EEGxPlore/CBraMod/results/isruc/isruc_cbramod_alpha0_frozen_patch_r32_s1024,interaction_aligned,patch,1024,True,2,True,completed,13,0.7272524707799201,0.7506977400259212,0.7084492340465698,0.7501811391137457,0.7740439924086199,21598418,0.036782775074243546,0.0,summary.json + test_metrics.json
CBraMod,isruc,isruc_cbramod_alpha0_frozen_channel_patch_r32_s3407,/panfs/accrepfs.vampire/data/neurogroup/mingyangjiang/EEGxPlore/CBraMod/results/isruc/isruc_cbramod_alpha0_frozen_channel_patch_r32_s3407,interaction_aligned,channel_patch,3407,True,2,True,completed,16,0.7255887613188947,0.7582700564676808,0.7177018636118719,0.7560127141520887,0.779714160419938,21609375,0.05443057417869568,0.0,summary.json + test_metrics.json
CBraMod,isruc,isruc_cbramod_alpha0_frozen_channel_patch_r32_s1024,/panfs/accrepfs.vampire/data/neurogroup/mingyangjiang/EEGxPlore/CBraMod/results/isruc/isruc_cbramod_alpha0_frozen_channel_patch_r32_s1024,interaction_aligned,channel_patch,1024,True,2,True,completed,10,0.7161103551841617,0.7467958307219527,0.7140817188339508,0.7421781037924606,0.7727081374220769,21609375,0.04047507047653198,0.0,summary.json + test_metrics.json
CBraMod,isruc,isruc_cbramod_alpha0_frozen_generic_r64_s1024,/panfs/accrepfs.vampire/data/neurogroup/mingyangjiang/EEGxPlore/CBraMod/results/isruc/isruc_cbramod_alpha0_frozen_generic_r64_s1024,generic_bottleneck,none,1024,True,2,True,completed,19,0.7087106843787128,0.7438227429921227,0.7000894256682084,0.7448189227043173,0.7683882913514379,21613726,,0.0,summary.json + test_metrics.json
CBraMod,isruc,isruc_cbramod_alpha0_frozen_generic_r64_s3407,/panfs/accrepfs.vampire/data/neurogroup/mingyangjiang/EEGxPlore/CBraMod/results/isruc/isruc_cbramod_alpha0_frozen_generic_r64_s3407,generic_bottleneck,none,3407,True,2,True,completed,16,0.7168704962571311,0.7398393134590322,0.6974637430867696,0.737684351925253,0.7631038849593457,21613726,,0.0,summary.json + test_metrics.json
CBraMod,isruc,isruc_cbramod_alpha0_axisblind_s1024,/panfs/accrepfs.vampire/data/neurogroup/mingyangjiang/EEGxPlore/CBraMod/results/isruc/isruc_cbramod_alpha0_axisblind_s1024,axis_blind,generic_token_control,1024,True,2,True,completed,13,0.716453311000237,0.7602972545775273,0.7193175444221973,0.7600400933507746,0.7830423822479932,21647410,,0.0,summary.json + test_metrics.json
CBraMod,isruc,isruc_cbramod_alpha0_axisblind_s3407,/panfs/accrepfs.vampire/data/neurogroup/mingyangjiang/EEGxPlore/CBraMod/results/isruc/isruc_cbramod_alpha0_axisblind_s3407,axis_blind,generic_token_control,3407,True,2,True,completed,20,0.7194421386972443,0.744904249206741,0.6983302246477419,0.7430382233768631,0.7667343927634974,21647410,,0.0,summary.json + test_metrics.json
CBraMod,isruc,isruc_cbramod_lora_qkv_r8_s1024_lr2e-4_b8_e20,/panfs/accrepfs.vampire/data/neurogroup/mingyangjiang/EEGxPlore/CBraMod/results/isruc/isruc_cbramod_lora_qkv_r8_s1024_lr2e-4_b8_e20,lora,none,1024,True,102,True,completed,10,0.722363758830908,0.7521066099568637,0.7171117679540066,0.7486022387534367,0.7779990264540873,21664261,,0.0,summary.json + test_metrics.json
CBraMod,isruc,isruc_cbramod_lora_qkv_r8_s3407_lr2e-4_b8_e20,/panfs/accrepfs.vampire/data/neurogroup/mingyangjiang/EEGxPlore/CBraMod/results/isruc/isruc_cbramod_lora_qkv_r8_s3407_lr2e-4_b8_e20,lora,none,3407,True,102,True,completed,19,0.7297367795528849,0.7554935179435303,0.711312713982995,0.7524173765741068,0.776195704146789,21664261,,0.0,summary.json + test_metrics.json
CBraMod,isruc,isruc_cbramod_upper2_s1024_lr2e-4_b8_e20,/panfs/accrepfs.vampire/data/neurogroup/mingyangjiang/EEGxPlore/CBraMod/results/isruc/isruc_cbramod_upper2_s1024_lr2e-4_b8_e20,upper_k_finetune,none,1024,True,102,True,completed,9,0.7235808639082402,0.7791125899125213,0.7315814124027624,0.7694528410103383,0.7890267635356137,22392661,,0.0,summary.json + test_metrics.json
CBraMod,isruc,isruc_cbramod_upper2_s3407_lr2e-4_b8_e20,/panfs/accrepfs.vampire/data/neurogroup/mingyangjiang/EEGxPlore/CBraMod/results/isruc/isruc_cbramod_upper2_s3407_lr2e-4_b8_e20,upper_k_finetune,none,3407,True,102,True,completed,6,0.7284756473249867,0.7770745360613545,0.7404410496499066,0.7749668864201185,0.8003940544110134,22392661,,0.0,summary.json + test_metrics.json
CBraMod,isruc,isruc_cbramod_alpha0_full_channel_r64_s3407,/panfs/accrepfs.vampire/data/neurogroup/mingyangjiang/EEGxPlore/CBraMod/results/isruc/isruc_cbramod_alpha0_full_channel_r64_s3407,native_full_finetune,channel,3407,True,2,True,completed,14,0.7388093044280649,0.7836943972410813,0.7431680193632344,0.7826411568336149,0.801904228710281,26501066,0.006706295534968376,0.03692011907696724,summary.json + test_metrics.json
CBraMod,isruc,isruc_cbramod_alpha0_full_channel_r64_s1024,/panfs/accrepfs.vampire/data/neurogroup/mingyangjiang/EEGxPlore/CBraMod/results/isruc/isruc_cbramod_alpha0_full_channel_r64_s1024,native_full_finetune,channel,1024,True,2,True,completed,5,0.7388958614982113,0.7848987408880281,0.7441508988898596,0.7814008024305533,0.8036078531323811,26501066,0.010568525642156601,0.03989492356777191,summary.json + test_metrics.json
CBraMod,isruc,isruc_cbramod_alpha0_full_patch_r64_s3407,/panfs/accrepfs.vampire/data/neurogroup/mingyangjiang/EEGxPlore/CBraMod/results/isruc/isruc_cbramod_alpha0_full_patch_r64_s3407,native_full_finetune,patch,3407,True,2,True,completed,5,0.7384913757947715,0.7652346217884973,0.7363608968627474,0.7614740327775282,0.7874351585776054,26501066,6.871122195661883e-07,0.03629467636346817,summary.json + test_metrics.json
CBraMod,isruc,isruc_cbramod_alpha0_full_patch_r64_s1024,/panfs/accrepfs.vampire/data/neurogroup/mingyangjiang/EEGxPlore/CBraMod/results/isruc/isruc_cbramod_alpha0_full_patch_r64_s1024,native_full_finetune,patch,1024,True,2,True,completed,6,0.7382421707490006,0.7712175979814243,0.7424566456967385,0.7714787356885952,0.7996100065386215,26501066,3.0279277325462317e-06,0.03563706949353218,summary.json + test_metrics.json
CBraMod,isruc,isruc_cbramod_alpha0_full_channel_patch_r64_s1024,/panfs/accrepfs.vampire/data/neurogroup/mingyangjiang/EEGxPlore/CBraMod/results/isruc/isruc_cbramod_alpha0_full_channel_patch_r64_s1024,native_full_finetune,channel_patch,1024,True,2,True,completed,5,0.7297839771827105,0.7947230412866584,0.7550503990549803,0.790833627366357,0.8112346022174244,26530871,0.010198138654232025,0.03985460475087166,summary.json + test_metrics.json
CBraMod,isruc,isruc_cbramod_alpha0_full_channel_patch_r64_s3407,/panfs/accrepfs.vampire/data/neurogroup/mingyangjiang/EEGxPlore/CBraMod/results/isruc/isruc_cbramod_alpha0_full_channel_patch_r64_s3407,native_full_finetune,channel_patch,3407,True,2,True,completed,9,0.7334372900918283,0.7711765546243626,0.7305665813162617,0.7609549835901797,0.7864743233394832,26530871,0.0033445016015321016,0.04153861850500107,summary.json + test_metrics.json
CBraMod,physionet_mi,physionet_mi_cbramod_dense_s42_lr2e-4_b64_e40,/panfs/accrepfs.vampire/data/neurogroup/mingyangjiang/EEGxPlore/CBraMod/results/physionet_mi/physionet_mi_cbramod_dense_s42_lr2e-4_b64_e40,full_finetune,none,42,True,102,True,completed,17,0.44018849123199133,0.6179117159568019,0.4904981094652241,0.6190032384490151,0.6189859530748257,46005604,,0.007485347334295511,summary.json + test_metrics.json
CBraMod,physionet_mi,physionet_mi_cbramod_frozen_probe_s42_lr2e-4_b64_e40,/panfs/accrepfs.vampire/data/neurogroup/mingyangjiang/EEGxPlore/CBraMod/results/physionet_mi/physionet_mi_cbramod_frozen_probe_s42_lr2e-4_b64_e40,frozen_probe,none,42,True,102,True,completed,7,0.35022627644973237,0.5404099732452281,0.38705358314524163,0.542561038807855,0.5424948095549804,41121804,,0.0,summary.json + test_metrics.json
CBraMod,physionet_mi,physionet_mi_cbramod_lora_qkv_r8_s42_lr2e-4_b64_e40,/panfs/accrepfs.vampire/data/neurogroup/mingyangjiang/EEGxPlore/CBraMod/results/physionet_mi/physionet_mi_cbramod_lora_qkv_r8_s42_lr2e-4_b64_e40,lora,none,42,True,102,True,completed,7,0.3663972584394426,0.5530676793538323,0.40402194084174914,0.5556002063418632,0.5555925729578591,41198604,,0.0,summary.json + test_metrics.json
CBraMod,physionet_mi,physionet_mi_cbramod_frozen_channel_r64_s42_lr2e-4_b64_e40,/panfs/accrepfs.vampire/data/neurogroup/mingyangjiang/EEGxPlore/CBraMod/results/physionet_mi/physionet_mi_cbramod_frozen_channel_r64_s42_lr2e-4_b64_e40,interaction_aligned,channel,42,True,102,True,completed,7,0.35330126803672934,0.5392313995057074,0.38554458482747767,0.541705919662576,0.5416744180025194,41151609,0.30187463760375977,0.0,summary.json + test_metrics.json
CBraMod,physionet_mi,physionet_mi_cbramod_upper2_s42_lr2e-4_b64_e40,/panfs/accrepfs.vampire/data/neurogroup/mingyangjiang/EEGxPlore/CBraMod/results/physionet_mi/physionet_mi_cbramod_upper2_s42_lr2e-4_b64_e40,upper_k_finetune,none,42,True,102,True,completed,22,0.3879111629858192,0.5956809083125915,0.4608932509680761,0.5982934210075351,0.598278840454946,41927004,,0.0,summary.json + test_metrics.json
CBraMod,physionet_mi,physionet_mi_cbramod_full_channel_r64_s42_lr2e-4_b64_e40,/panfs/accrepfs.vampire/data/neurogroup/mingyangjiang/EEGxPlore/CBraMod/results/physionet_mi/physionet_mi_cbramod_full_channel_r64_s42_lr2e-4_b64_e40,native_full_finetune,channel,42,True,102,True,completed,26,0.42559993259558015,0.6306809311326789,0.5075146386267806,0.6312290527216571,0.6312160905451548,46035409,6.589476834051311e-05,0.007205212488770485,summary.json + test_metrics.json
CBraMod,physionet_mi,physionet_mi_cbramod_frozen_patch_r64_s42_lr2e-4_b64_e40,/panfs/accrepfs.vampire/data/neurogroup/mingyangjiang/EEGxPlore/CBraMod/results/physionet_mi/physionet_mi_cbramod_frozen_patch_r64_s42_lr2e-4_b64_e40,interaction_aligned,patch,42,True,102,True,completed,2,0.35471271301462814,0.5231767658035582,0.36413487436724334,0.5234802564982007,0.5234426855190963,41151609,0.37652280926704407,0.0,summary.json + test_metrics.json
CBraMod,physionet_mi,physionet_mi_cbramod_frozen_channel_patch_r64_s42_lr2e-4_b64_e40,/panfs/accrepfs.vampire/data/neurogroup/mingyangjiang/EEGxPlore/CBraMod/results/physionet_mi/physionet_mi_cbramod_frozen_channel_patch_r64_s42_lr2e-4_b64_e40,interaction_aligned,channel_patch,42,True,102,True,completed,19,0.35024903949510966,0.5563284808016258,0.4084043980851071,0.5589373627887834,0.5589193862134213,41181414,0.4670140743255615,0.0,summary.json + test_metrics.json
CBraMod,physionet_mi,physionet_mi_cbramod_full_patch_r64_s42_lr2e-4_b64_e40,/panfs/accrepfs.vampire/data/neurogroup/mingyangjiang/EEGxPlore/CBraMod/results/physionet_mi/physionet_mi_cbramod_full_patch_r64_s42_lr2e-4_b64_e40,native_full_finetune,patch,42,True,102,True,completed,15,0.43098984778326555,0.6228946337768595,0.4971416759155126,0.6240058329628781,0.6239773064605499,46035409,0.00012297541252337396,0.007156291976571083,summary.json + test_metrics.json
CBraMod,physionet_mi,physionet_mi_cbramod_frozen_generic_r64_s42_lr2e-4_b64_e40,/panfs/accrepfs.vampire/data/neurogroup/mingyangjiang/EEGxPlore/CBraMod/results/physionet_mi/physionet_mi_cbramod_frozen_generic_r64_s42_lr2e-4_b64_e40,generic_bottleneck,none,42,True,102,True,completed,4,0.35718172131078485,0.5425707668081,0.38997207973188663,0.5449031234091855,0.5448459749237149,41148069,,0.0,summary.json + test_metrics.json
CBraMod,physionet_mi,physionet_mi_cbramod_frozen_axisblind_s42_lr2e-4_b64_e40,/panfs/accrepfs.vampire/data/neurogroup/mingyangjiang/EEGxPlore/CBraMod/results/physionet_mi/physionet_mi_cbramod_frozen_axisblind_s42_lr2e-4_b64_e40,axis_blind,generic_token_control,42,True,102,True,completed,3,0.3463918961286835,0.537081780499967,0.3826342627619592,0.5369314232370992,0.5368961444635937,41181753,,0.0,summary.json + test_metrics.json
CBraMod,physionet_mi,physionet_mi_cbramod_full_channel_patch_r64_s42_lr2e-4_b64_e40,/panfs/accrepfs.vampire/data/neurogroup/mingyangjiang/EEGxPlore/CBraMod/results/physionet_mi/physionet_mi_cbramod_full_channel_patch_r64_s42_lr2e-4_b64_e40,native_full_finetune,channel_patch,42,True,102,True,completed,17,0.4302163671323461,0.625170768346639,0.5001197585143382,0.6255580464728573,0.6255072294334038,46065214,0.00012883130693808198,0.006882971618324518,summary.json + test_metrics.json
CBraMod,physionet_mi,physionet_mi_cbramod_dense_s1024_lr2e-4_b64_e40,/panfs/accrepfs.vampire/data/neurogroup/mingyangjiang/EEGxPlore/CBraMod/results/physionet_mi/physionet_mi_cbramod_dense_s1024_lr2e-4_b64_e40,full_finetune,none,1024,True,102,True,completed,15,0.440208102923321,0.6257313167774399,0.5008721229478043,0.6265302355716044,0.6264985734802647,46005604,,0.007436857558786869,summary.json + test_metrics.json
CBraMod,physionet_mi,physionet_mi_cbramod_dense_s3407_lr2e-4_b64_e40,/panfs/accrepfs.vampire/data/neurogroup/mingyangjiang/EEGxPlore/CBraMod/results/physionet_mi/physionet_mi_cbramod_dense_s3407_lr2e-4_b64_e40,full_finetune,none,3407,True,102,True,completed,16,0.4455983386761114,0.6246091734803796,0.49938952993600016,0.625767881002731,0.6257425794318654,46005604,,0.006969483569264412,summary.json + test_metrics.json
CBraMod,physionet_mi,physionet_mi_cbramod_frozen_probe_s3407_lr2e-4_b64_e40,/panfs/accrepfs.vampire/data/neurogroup/mingyangjiang/EEGxPlore/CBraMod/results/physionet_mi/physionet_mi_cbramod_frozen_probe_s3407_lr2e-4_b64_e40,frozen_probe,none,3407,True,102,True,completed,7,0.3425786285396534,0.5475023720990332,0.39661282484010474,0.5497823368589918,0.5497720365342724,41121804,,0.0,summary.json + test_metrics.json
CBraMod,physionet_mi,physionet_mi_cbramod_frozen_probe_s1024_lr2e-4_b64_e40,/panfs/accrepfs.vampire/data/neurogroup/mingyangjiang/EEGxPlore/CBraMod/results/physionet_mi/physionet_mi_cbramod_frozen_probe_s1024_lr2e-4_b64_e40,frozen_probe,none,1024,True,102,True,completed,12,0.3479352916134525,0.5425242785108676,0.38996257280585844,0.5440738589439391,0.5440560821872225,41121804,,0.0,summary.json + test_metrics.json
CBraMod,physionet_mi,physionet_mi_cbramod_frozen_channel_s1024_r64_lr2e-4_b64_e40,/panfs/accrepfs.vampire/data/neurogroup/mingyangjiang/EEGxPlore/CBraMod/results/physionet_mi/physionet_mi_cbramod_frozen_channel_s1024_r64_lr2e-4_b64_e40,interaction_aligned,channel,1024,True,102,True,completed,2,0.3455114947550315,0.5552695052871399,0.40693927386864703,0.5545717673204273,0.5545100653436812,41151609,0.2878001928329468,0.0,summary.json + test_metrics.json
CBraMod,physionet_mi,physionet_mi_cbramod_frozen_channel_s3407_r64_lr2e-4_b64_e40,/panfs/accrepfs.vampire/data/neurogroup/mingyangjiang/EEGxPlore/CBraMod/results/physionet_mi/physionet_mi_cbramod_frozen_channel_s3407_r64_lr2e-4_b64_e40,interaction_aligned,channel,3407,True,102,True,completed,11,0.34097417137160346,0.5402712924306594,0.386977160424965,0.5432412332908125,0.5432178800623216,41151609,0.28831052780151367,0.0,summary.json + test_metrics.json
CBraMod,physionet_mi,physionet_mi_cbramod_frozen_patch_s1024_r64_lr2e-4_b64_e40,/panfs/accrepfs.vampire/data/neurogroup/mingyangjiang/EEGxPlore/CBraMod/results/physionet_mi/physionet_mi_cbramod_frozen_patch_s1024_r64_lr2e-4_b64_e40,interaction_aligned,patch,1024,True,102,True,completed,2,0.34475025990568886,0.5608115976270177,0.4143340460149233,0.5611777050507358,0.5611219910180419,41151609,0.35680124163627625,0.0,summary.json + test_metrics.json
CBraMod,physionet_mi,physionet_mi_cbramod_frozen_patch_s3407_r64_lr2e-4_b64_e40,/panfs/accrepfs.vampire/data/neurogroup/mingyangjiang/EEGxPlore/CBraMod/results/physionet_mi/physionet_mi_cbramod_frozen_patch_s3407_r64_lr2e-4_b64_e40,interaction_aligned,patch,3407,True,102,True,completed,5,0.3417603859935431,0.5418406821700308,0.38913695298175965,0.5402862138389434,0.5402832158154107,41151609,0.35689404606819153,0.0,summary.json + test_metrics.json
CBraMod,physionet_mi,physionet_mi_cbramod_frozen_channel_patch_s1024_r32_lr2e-4_b64_e40,/panfs/accrepfs.vampire/data/neurogroup/mingyangjiang/EEGxPlore/CBraMod/results/physionet_mi/physionet_mi_cbramod_frozen_channel_patch_s1024_r32_lr2e-4_b64_e40,interaction_aligned,channel_patch,1024,True,102,True,completed,6,0.3494503896076251,0.5447280280358292,0.39289244375614696,0.5474045257062004,0.5473611345361193,41143718,0.4016905426979065,0.0,summary.json + test_metrics.json
CBraMod,physionet_mi,physionet_mi_cbramod_frozen_channel_patch_s3407_r32_lr2e-4_b64_e40,/panfs/accrepfs.vampire/data/neurogroup/mingyangjiang/EEGxPlore/CBraMod/results/physionet_mi/physionet_mi_cbramod_frozen_channel_patch_s3407_r32_lr2e-4_b64_e40,interaction_aligned,channel_patch,3407,True,102,True,completed,10,0.34173936798634796,0.5385787626651348,0.3847423404298079,0.5408047389865864,0.5407886462338123,41143718,0.42583346366882324,0.0,summary.json + test_metrics.json
CBraMod,physionet_mi,physionet_mi_cbramod_frozen_generic_s1024_r64_lr2e-4_b64_e40,/panfs/accrepfs.vampire/data/neurogroup/mingyangjiang/EEGxPlore/CBraMod/results/physionet_mi/physionet_mi_cbramod_frozen_generic_s1024_r64_lr2e-4_b64_e40,generic_bottleneck,none,1024,True,102,True,completed,2,0.3509293245034052,0.562441614470168,0.41653022251607386,0.5627679789379954,0.5627192578897148,41148069,,0.0,summary.json + test_metrics.json
CBraMod,physionet_mi,physionet_mi_cbramod_frozen_generic_s3407_r64_lr2e-4_b64_e40,/panfs/accrepfs.vampire/data/neurogroup/mingyangjiang/EEGxPlore/CBraMod/results/physionet_mi/physionet_mi_cbramod_frozen_generic_s3407_r64_lr2e-4_b64_e40,generic_bottleneck,none,3407,True,102,True,completed,8,0.34410685842199173,0.5473733390214944,0.39653585474018915,0.5503297619207032,0.5503428286183412,41148069,,0.0,summary.json + test_metrics.json
CBraMod,physionet_mi,physionet_mi_cbramod_frozen_axisblind_s3407_r148_lr2e-4_b64_e40,/panfs/accrepfs.vampire/data/neurogroup/mingyangjiang/EEGxPlore/CBraMod/results/physionet_mi/physionet_mi_cbramod_frozen_axisblind_s3407_r148_lr2e-4_b64_e40,axis_blind,generic_token_control,3407,True,102,True,completed,5,0.3486765081527523,0.5440961577473573,0.392116570607315,0.5496647353599788,0.5496464634870936,41181753,,0.0,summary.json + test_metrics.json
CBraMod,physionet_mi,physionet_mi_cbramod_frozen_axisblind_s1024_r148_lr2e-4_b64_e40,/panfs/accrepfs.vampire/data/neurogroup/mingyangjiang/EEGxPlore/CBraMod/results/physionet_mi/physionet_mi_cbramod_frozen_axisblind_s1024_r148_lr2e-4_b64_e40,axis_blind,generic_token_control,1024,True,102,True,completed,6,0.35484234319130925,0.536947764649069,0.3825408309155919,0.5405298416645647,0.5405025521387802,41181753,,0.0,summary.json + test_metrics.json
CBraMod,physionet_mi,physionet_mi_cbramod_lora_qkv_r8_s3407_lr2e-4_b64_e40,/panfs/accrepfs.vampire/data/neurogroup/mingyangjiang/EEGxPlore/CBraMod/results/physionet_mi/physionet_mi_cbramod_lora_qkv_r8_s3407_lr2e-4_b64_e40,lora,none,3407,True,102,True,completed,9,0.3517642024226324,0.5502713419589702,0.4002994743818573,0.5528088623564995,0.5527869870397326,41198604,,0.0,summary.json + test_metrics.json
CBraMod,physionet_mi,physionet_mi_cbramod_upper2_s3407_lr2e-4_b64_e40,/panfs/accrepfs.vampire/data/neurogroup/mingyangjiang/EEGxPlore/CBraMod/results/physionet_mi/physionet_mi_cbramod_upper2_s3407_lr2e-4_b64_e40,upper_k_finetune,none,3407,True,102,True,completed,2,0.4049076245495624,0.5924414030391509,0.45648424724869774,0.5917255311482967,0.5916796896741513,41927004,,0.0,summary.json + test_metrics.json
CBraMod,physionet_mi,physionet_mi_cbramod_lora_qkv_r8_s1024_lr2e-4_b64_e40,/panfs/accrepfs.vampire/data/neurogroup/mingyangjiang/EEGxPlore/CBraMod/results/physionet_mi/physionet_mi_cbramod_lora_qkv_r8_s1024_lr2e-4_b64_e40,lora,none,1024,True,102,True,completed,16,0.3494835650771858,0.5446692651842091,0.39286829018200453,0.5464679282043813,0.5464545266921237,41198604,,0.0,summary.json + test_metrics.json
CBraMod,physionet_mi,physionet_mi_cbramod_full_channel_s3407_r64_adaplr2e-4_lr2e-4_b64_e40,/panfs/accrepfs.vampire/data/neurogroup/mingyangjiang/EEGxPlore/CBraMod/results/physionet_mi/physionet_mi_cbramod_full_channel_s3407_r64_adaplr2e-4_lr2e-4_b64_e40,native_full_finetune,channel,3407,True,102,True,completed,12,0.4494439869574067,0.6124028776987829,0.48310797093454616,0.6141561867166017,0.6141092131477366,46035409,0.0027207667008042336,0.006638667546212673,summary.json + test_metrics.json
CBraMod,physionet_mi,physionet_mi_cbramod_upper2_s1024_lr2e-4_b64_e40,/panfs/accrepfs.vampire/data/neurogroup/mingyangjiang/EEGxPlore/CBraMod/results/physionet_mi/physionet_mi_cbramod_upper2_s1024_lr2e-4_b64_e40,upper_k_finetune,none,1024,True,102,True,completed,2,0.389461258304136,0.6073146476461674,0.4764028877898957,0.6100689882889578,0.6100326232833504,41927004,,0.0,summary.json + test_metrics.json
CBraMod,physionet_mi,physionet_mi_cbramod_full_patch_s3407_r64_adaplr2e-4_lr2e-4_b64_e40,/panfs/accrepfs.vampire/data/neurogroup/mingyangjiang/EEGxPlore/CBraMod/results/physionet_mi/physionet_mi_cbramod_full_patch_s3407_r64_adaplr2e-4_lr2e-4_b64_e40,native_full_finetune,patch,3407,True,102,True,completed,25,0.446369237059311,0.6268302184513554,0.5023430604725329,0.6280322262379716,0.627996476896273,46035409,0.0003540740581229329,0.0067384932190179825,summary.json + test_metrics.json
CBraMod,physionet_mi,physionet_mi_cbramod_full_channel_s1024_r64_adaplr2e-4_lr2e-4_b64_e40,/panfs/accrepfs.vampire/data/neurogroup/mingyangjiang/EEGxPlore/CBraMod/results/physionet_mi/physionet_mi_cbramod_full_channel_s1024_r64_adaplr2e-4_lr2e-4_b64_e40,native_full_finetune,channel,1024,True,102,True,completed,17,0.43174718894843,0.6212425420238723,0.49493478380344824,0.6221057779681725,0.6220853374125851,46035409,0.0005484703578986228,0.0076152062974870205,summary.json + test_metrics.json
CBraMod,physionet_mi,physionet_mi_cbramod_full_patch_s1024_r64_adaplr2e-4_lr2e-4_b64_e40,/panfs/accrepfs.vampire/data/neurogroup/mingyangjiang/EEGxPlore/CBraMod/results/physionet_mi/physionet_mi_cbramod_full_patch_s1024_r64_adaplr2e-4_lr2e-4_b64_e40,native_full_finetune,patch,1024,True,102,True,completed,32,0.4363713764982904,0.6290265336787553,0.5052860912045037,0.6301778180734139,0.6301362729917737,46035409,0.0005573636735789478,0.007559764198958874,summary.json + test_metrics.json
CBraMod,physionet_mi,physionet_mi_cbramod_full_channel_patch_s3407_r64_adaplr2e-4_lr2e-4_b64_e40,/panfs/accrepfs.vampire/data/neurogroup/mingyangjiang/EEGxPlore/CBraMod/results/physionet_mi/physionet_mi_cbramod_full_channel_patch_s3407_r64_adaplr2e-4_lr2e-4_b64_e40,native_full_finetune,channel_patch,3407,True,102,True,completed,19,0.4525024811507927,0.6257103752228851,0.5008541084358844,0.6265177626235708,0.626472884234863,46065214,0.003295599017292261,0.006966694723814726,summary.json + test_metrics.json
CBraMod,physionet_mi,physionet_mi_cbramod_full_channel_patch_s1024_r64_adaplr2e-4_lr2e-4_b64_e40,/panfs/accrepfs.vampire/data/neurogroup/mingyangjiang/EEGxPlore/CBraMod/results/physionet_mi/physionet_mi_cbramod_full_channel_patch_s1024_r64_adaplr2e-4_lr2e-4_b64_e40,native_full_finetune,channel_patch,1024,True,102,True,completed,14,0.43716077674586895,0.6229646911727589,0.4971787975501185,0.6231720997578893,0.6231431119044099,46065214,0.0006773885106667876,0.007145092356950045,summary.json + test_metrics.json
CBraMod,seedv,seedv_dense_full_s42,/panfs/accrepfs.vampire/data/neurogroup/mingyangjiang/EEGxPlore/CBraMod/results/seedv/seedv_dense_full_s42,full_finetune,none,42,True,2,True,completed,7,0.20564980136008093,0.3822997605071836,0.2350441210048685,0.38217977400782005,0.3931424184699292,14965805,,0.05250607803463936,summary.json + test_metrics.json
CBraMod,seedv,seedv_native_full_channel_s42,/panfs/accrepfs.vampire/data/neurogroup/mingyangjiang/EEGxPlore/CBraMod/results/seedv/seedv_native_full_channel_s42,native_full_finetune,channel,42,True,2,True,completed,4,0.21987645924275923,0.39765357730950784,0.25425479008590235,0.39754644853589305,0.40815404010215556,14995610,0.21112999320030212,0.05131889507174492,summary.json + test_metrics.json
CBraMod,seedv,seedv_dense_full_s1024,/panfs/accrepfs.vampire/data/neurogroup/mingyangjiang/EEGxPlore/CBraMod/results/seedv/seedv_dense_full_s1024,full_finetune,none,1024,True,2,True,completed,30,0.20769257280307285,0.40081481657183937,0.25889433768476644,0.40128780632006417,0.41190772635308864,14965805,,0.05416177958250046,summary.json + test_metrics.json
CBraMod,seedv,seedv_native_full_channel_s1024,/panfs/accrepfs.vampire/data/neurogroup/mingyangjiang/EEGxPlore/CBraMod/results/seedv/seedv_native_full_channel_s1024,native_full_finetune,channel,1024,True,2,True,completed,29,0.21004808827859667,0.4031073473273993,0.26016038755037885,0.4030770964656445,0.4128267744576811,14995610,0.20299506187438965,0.053173184394836426,summary.json + test_metrics.json
CBraMod,seedv,seedv_dense_full_s3407,/panfs/accrepfs.vampire/data/neurogroup/mingyangjiang/EEGxPlore/CBraMod/results/seedv/seedv_dense_full_s3407,full_finetune,none,3407,True,2,True,completed,8,0.20956319362534415,0.37974486759455534,0.22847346591378603,0.3748987106346814,0.38409382809430226,14965805,,0.054118067026138306,summary.json + test_metrics.json
CBraMod,seedv,seedv_native_full_channel_s3407,/panfs/accrepfs.vampire/data/neurogroup/mingyangjiang/EEGxPlore/CBraMod/results/seedv/seedv_native_full_channel_s3407,native_full_finetune,channel,3407,True,2,True,completed,18,0.21177698018844504,0.38519024059184903,0.23778118515098023,0.3833441141950308,0.3937867249915951,14995610,0.18162588775157928,0.054265767335891724,summary.json + test_metrics.json
CBraMod,seedv,seedv_evalmode_frozen_dense_s42_20260804,/panfs/accrepfs.vampire/data/neurogroup/mingyangjiang/EEGxPlore/CBraMod/results/seedv/seedv_evalmode_frozen_dense_s42_20260804,frozen_probe,none,42,True,102,True,completed,18,0.11471153518640098,0.29887356868193465,0.12037805964392967,0.2972422535706719,0.3009894967006879,10082005,,0.0,summary.json + test_metrics.json
CBraMod,seedv,seedv_evalmode_frozen_channel_s42_lr1e-5_20260804,/panfs/accrepfs.vampire/data/neurogroup/mingyangjiang/EEGxPlore/CBraMod/results/seedv/seedv_evalmode_frozen_channel_s42_lr1e-5_20260804,interaction_aligned,channel,42,True,102,True,completed,5,0.11090414712438712,0.288196999934955,0.108617838060861,0.28532104252684387,0.29184776948437363,10111810,0.2572495639324188,0.0,summary.json + test_metrics.json
CBraMod,seedv,seedv_evalmode_frozen_patch_singleton_s42_20260804,/panfs/accrepfs.vampire/data/neurogroup/mingyangjiang/EEGxPlore/CBraMod/results/seedv/seedv_evalmode_frozen_patch_singleton_s42_20260804,interaction_aligned,patch,42,True,102,True,completed,5,0.11614787813612948,0.2908788206898414,0.11009642225492222,0.2838028999034868,0.28876392273775664,10111810,0.5073957443237305,0.0,summary.json + test_metrics.json
CBraMod,seedv,seedv_evalmode_frozen_generic_s42_20260804,/panfs/accrepfs.vampire/data/neurogroup/mingyangjiang/EEGxPlore/CBraMod/results/seedv/seedv_evalmode_frozen_generic_s42_20260804,generic_bottleneck,none,42,True,102,True,completed,5,0.11474321582793334,0.29327278088386477,0.11305587634891845,0.2892504477598282,0.2935554378212802,10108270,,0.0,summary.json + test_metrics.json
CBraMod,seedv,seedv_evalmode_frozen_lora_qkv_r8_s42_20260804,/panfs/accrepfs.vampire/data/neurogroup/mingyangjiang/EEGxPlore/CBraMod/results/seedv/seedv_evalmode_frozen_lora_qkv_r8_s42_20260804,lora,none,42,True,102,True,completed,17,0.21171251577085115,0.3815379686624684,0.23047322396546233,0.38342825703241834,0.39145469335203414,10158805,,0.0,summary.json + test_metrics.json
CBraMod,seedv,seedv_evalmode_frozen_upper2_s42_20260804,/panfs/accrepfs.vampire/data/neurogroup/mingyangjiang/EEGxPlore/CBraMod/results/seedv/seedv_evalmode_frozen_upper2_s42_20260804,upper_k_finetune,none,42,True,102,True,completed,14,0.19835125514351248,0.3913698888844211,0.242431646016815,0.3927003265206678,0.4009271779362901,10887205,,0.0,summary.json + test_metrics.json
CBraMod,seedv,seedv_evalmode_frozen_axis_blind_s42_20260804,/panfs/accrepfs.vampire/data/neurogroup/mingyangjiang/EEGxPlore/CBraMod/results/seedv/seedv_evalmode_frozen_axis_blind_s42_20260804,axis_blind,generic_token_control,42,True,102,True,completed,5,0.11587051637523493,0.2947997448294509,0.11518687748745593,0.29005141124950845,0.2946620884146674,10141954,,0.0,summary.json + test_metrics.json
CBraMod,seedv,seedv_evalmode_frozen_dense_s1024_20260804,/panfs/accrepfs.vampire/data/neurogroup/mingyangjiang/EEGxPlore/CBraMod/results/seedv/seedv_evalmode_frozen_dense_s1024_20260804,frozen_probe,none,1024,True,102,True,completed,13,0.10830259055681846,0.2974509276419053,0.11955363242396444,0.2943688133968042,0.29968074285288016,10082005,,0.0,summary.json + test_metrics.json
CBraMod,seedv,seedv_evalmode_frozen_channel_s1024_lr1e-5_20260804,/panfs/accrepfs.vampire/data/neurogroup/mingyangjiang/EEGxPlore/CBraMod/results/seedv/seedv_evalmode_frozen_channel_s1024_lr1e-5_20260804,interaction_aligned,channel,1024,True,102,True,completed,13,0.10715444877360125,0.2911470986043746,0.11102726904709448,0.29075242309834515,0.2947268347376295,10111810,0.24769067764282227,0.0,summary.json + test_metrics.json
CBraMod,seedv,seedv_evalmode_frozen_patch_singleton_s1024_20260804,/panfs/accrepfs.vampire/data/neurogroup/mingyangjiang/EEGxPlore/CBraMod/results/seedv/seedv_evalmode_frozen_patch_singleton_s1024_20260804,interaction_aligned,patch,1024,True,102,True,completed,13,0.10711238657647792,0.2965905683838764,0.12000009477710205,0.29628109040295014,0.3029047608653736,10111810,0.49586719274520874,0.0,summary.json + test_metrics.json
CBraMod,seedv,seedv_evalmode_frozen_generic_s1024_20260804,/panfs/accrepfs.vampire/data/neurogroup/mingyangjiang/EEGxPlore/CBraMod/results/seedv/seedv_evalmode_frozen_generic_s1024_20260804,generic_bottleneck,none,1024,True,102,True,completed,5,0.1171560180048582,0.294764441240966,0.11541017041287605,0.2948937702590357,0.29902430687271664,10108270,,0.0,summary.json + test_metrics.json
CBraMod,seedv,seedv_evalmode_frozen_lora_qkv_r8_s1024_20260804,/panfs/accrepfs.vampire/data/neurogroup/mingyangjiang/EEGxPlore/CBraMod/results/seedv/seedv_evalmode_frozen_lora_qkv_r8_s1024_20260804,lora,none,1024,True,102,True,completed,16,0.2109033659111157,0.3867902250139227,0.2350602402969746,0.3862253754203979,0.39334285536144853,10158805,,0.0,summary.json + test_metrics.json
CBraMod,seedv,seedv_evalmode_frozen_upper2_s1024_20260804,/panfs/accrepfs.vampire/data/neurogroup/mingyangjiang/EEGxPlore/CBraMod/results/seedv/seedv_evalmode_frozen_upper2_s1024_20260804,upper_k_finetune,none,1024,True,102,True,completed,17,0.1984930022652277,0.3892243661120306,0.23905169859105813,0.389832491222247,0.3972784537978518,10887205,,0.0,summary.json + test_metrics.json
CBraMod,seedv,seedv_evalmode_frozen_axis_blind_s1024_20260804,/panfs/accrepfs.vampire/data/neurogroup/mingyangjiang/EEGxPlore/CBraMod/results/seedv/seedv_evalmode_frozen_axis_blind_s1024_20260804,axis_blind,generic_token_control,1024,True,102,True,completed,5,0.11700477065469927,0.2971407044569917,0.11887990745562338,0.2971234244792269,0.3017802980985625,10141954,,0.0,summary.json + test_metrics.json
CBraMod,seedv,seedv_evalmode_frozen_dense_s3407_20260804,/panfs/accrepfs.vampire/data/neurogroup/mingyangjiang/EEGxPlore/CBraMod/results/seedv/seedv_evalmode_frozen_dense_s3407_20260804,frozen_probe,none,3407,True,102,True,completed,10,0.1126418539104832,0.29973132813597125,0.1228544096555827,0.28764286457921145,0.2948582455688621,10082005,,0.0,summary.json + test_metrics.json
CBraMod,seedv,seedv_evalmode_frozen_channel_s3407_lr1e-5_20260804,/panfs/accrepfs.vampire/data/neurogroup/mingyangjiang/EEGxPlore/CBraMod/results/seedv/seedv_evalmode_frozen_channel_s3407_lr1e-5_20260804,interaction_aligned,channel,3407,True,102,True,completed,10,0.1118485885541679,0.296139844846257,0.11836499239636145,0.28097478179789287,0.28848139295612957,10111810,0.2488143891096115,0.0,summary.json + test_metrics.json
CBraMod,seedv,seedv_evalmode_frozen_patch_singleton_s3407_20260804,/panfs/accrepfs.vampire/data/neurogroup/mingyangjiang/EEGxPlore/CBraMod/results/seedv/seedv_evalmode_frozen_patch_singleton_s3407_20260804,interaction_aligned,patch,3407,True,102,True,completed,25,0.11023250478447177,0.2977857747164364,0.12057424235301395,0.2988113814871551,0.3039129687511621,10111810,0.5107443928718567,0.0,summary.json + test_metrics.json
CBraMod,seedv,seedv_evalmode_frozen_generic_s3407_20260804,/panfs/accrepfs.vampire/data/neurogroup/mingyangjiang/EEGxPlore/CBraMod/results/seedv/seedv_evalmode_frozen_generic_s3407_20260804,generic_bottleneck,none,3407,True,102,True,completed,14,0.1151559677608075,0.293487994219922,0.11169233784283494,0.29012982862273634,0.290626152617409,10108270,,0.0,summary.json + test_metrics.json
CBraMod,seedv,seedv_evalmode_frozen_lora_qkv_r8_s3407_20260804,/panfs/accrepfs.vampire/data/neurogroup/mingyangjiang/EEGxPlore/CBraMod/results/seedv/seedv_evalmode_frozen_lora_qkv_r8_s3407_20260804,lora,none,3407,True,102,True,completed,21,0.2004919713049217,0.38314387377183884,0.23386297981557047,0.38374999623511946,0.3927679570764286,10158805,,0.0,summary.json + test_metrics.json
CBraMod,seedv,seedv_evalmode_frozen_upper2_s3407_requeue_20260805,/panfs/accrepfs.vampire/data/neurogroup/mingyangjiang/EEGxPlore/CBraMod/results/seedv/seedv_evalmode_frozen_upper2_s3407_requeue_20260805,upper_k_finetune,none,3407,True,102,True,completed,9,0.2038839717761719,0.38883403702200003,0.23642263336649239,0.3818443075764133,0.38919665572669876,10887205,,0.0,summary.json + test_metrics.json
CBraMod,seedv,seedv_evalmode_frozen_axis_blind_s3407_requeue_20260805,/panfs/accrepfs.vampire/data/neurogroup/mingyangjiang/EEGxPlore/CBraMod/results/seedv/seedv_evalmode_frozen_axis_blind_s3407_requeue_20260805,axis_blind,generic_token_control,3407,True,102,True,completed,25,0.11723456715529901,0.30977179298799296,0.13543871517007755,0.31077615432821776,0.31547402258168256,10141954,,0.0,summary.json + test_metrics.json
CBraMod,tuev,tuev_cbramod_frozen_channel_patch_s42_r64_lr1e-4_b8_e20,/panfs/accrepfs.vampire/data/neurogroup/mingyangjiang/EEGxPlore/CBraMod/results/tuev/tuev_cbramod_frozen_channel_patch_s42_r64_lr1e-4_b8_e20,interaction_aligned,channel_patch,42,True,107,True,completed,13,0.6676918939021711,0.44257555777800617,0.4296084848679441,0.4638179195160819,0.7066781414404987,16262016,0.6015414595603943,0.0,summary.json + test_metrics.json
CBraMod,tuev,tuev_cbramod_dense_s42_lr1e-4_b8_e20,/panfs/accrepfs.vampire/data/neurogroup/mingyangjiang/EEGxPlore/CBraMod/results/tuev/tuev_cbramod_dense_s42_lr1e-4_b8_e20,full_finetune,none,42,True,107,True,completed,5,0.6838281323829178,0.6187851311407706,0.6326770201492334,0.5277150656834997,0.8111272563143976,21086206,,0.16728784143924713,summary.json + test_metrics.json
CBraMod,tuev,tuev_cbramod_frozen_generic_s42_r64_lr1e-4_b8_e20,/panfs/accrepfs.vampire/data/neurogroup/mingyangjiang/EEGxPlore/CBraMod/results/tuev/tuev_cbramod_frozen_generic_s42_r64_lr1e-4_b8_e20,generic_bottleneck,none,42,True,107,True,completed,13,0.6684066562937346,0.4469931134879503,0.4388536472057195,0.4697045270602682,0.7115076694982526,16228671,,0.0,summary.json + test_metrics.json
CBraMod,tuev,tuev_cbramod_frozen_axisblind_s42_r148_lr1e-4_b8_e20,/panfs/accrepfs.vampire/data/neurogroup/mingyangjiang/EEGxPlore/CBraMod/results/tuev/tuev_cbramod_frozen_axisblind_s42_r148_lr1e-4_b8_e20,axis_blind,generic_token_control,42,True,107,True,completed,13,0.6733683767964636,0.4484764421640722,0.44637853176665965,0.4719184890066499,0.7155010797330563,16262355,,0.0,summary.json + test_metrics.json
CBraMod,tuev,tuev_cbramod_frozen_probe_s42_lr1e-4_b8_e20,/panfs/accrepfs.vampire/data/neurogroup/mingyangjiang/EEGxPlore/CBraMod/results/tuev/tuev_cbramod_frozen_probe_s42_lr1e-4_b8_e20,frozen_probe,none,42,True,107,True,completed,5,0.6853795791249961,0.498625760073093,0.47123591970337864,0.49270968095199646,0.7276106191897643,16202406,,0.0,summary.json + test_metrics.json
CBraMod,tuev,tuev_cbramod_frozen_lora_qkv_r8_s42_lr1e-4_b8_e20,/panfs/accrepfs.vampire/data/neurogroup/mingyangjiang/EEGxPlore/CBraMod/results/tuev/tuev_cbramod_frozen_lora_qkv_r8_s42_lr1e-4_b8_e20,lora,none,42,True,107,True,completed,12,0.7748769724969009,0.5653152861956737,0.554942498936728,0.5306642713326668,0.7695771453261946,16279206,,0.0,summary.json + test_metrics.json
CBraMod,tuev,tuev_cbramod_frozen_channel_s42_r64_lr1e-4_b8_e20,/panfs/accrepfs.vampire/data/neurogroup/mingyangjiang/EEGxPlore/CBraMod/results/tuev/tuev_cbramod_frozen_channel_s42_r64_lr1e-4_b8_e20,interaction_aligned,channel,42,True,107,True,completed,14,0.6542459045279547,0.4535935207170716,0.4481052957013847,0.4725227680440451,0.7175116161469016,16232211,0.3141558766365051,0.0,summary.json + test_metrics.json
CBraMod,tuev,tuev_cbramod_frozen_patch_s42_r64_lr1e-4_b8_e20,/panfs/accrepfs.vampire/data/neurogroup/mingyangjiang/EEGxPlore/CBraMod/results/tuev/tuev_cbramod_frozen_patch_s42_r64_lr1e-4_b8_e20,interaction_aligned,patch,42,True,107,True,completed,12,0.6917747171218971,0.4529235104920515,0.4475164006818122,0.47255050121362707,0.7170919992681187,16232211,0.512704074382782,0.0,summary.json + test_metrics.json
CBraMod,tuev,tuev_cbramod_upper2_s42_lr1e-4_b8_e20,/panfs/accrepfs.vampire/data/neurogroup/mingyangjiang/EEGxPlore/CBraMod/results/tuev/tuev_cbramod_upper2_s42_lr1e-4_b8_e20,upper_k_finetune,none,42,True,107,True,completed,9,0.6876502819926855,0.524402037858733,0.5261791368031639,0.5007928748295982,0.7554505800208469,17007606,,0.0,summary.json + test_metrics.json
CBraMod,tuev,tuev_cbramod_full_channel_s42_r64_lr1e-4_b8_e20,/panfs/accrepfs.vampire/data/neurogroup/mingyangjiang/EEGxPlore/CBraMod/results/tuev/tuev_cbramod_full_channel_s42_r64_lr1e-4_b8_e20,native_full_finetune,channel,42,True,107,True,completed,9,0.6821820472527116,0.6017625967860664,0.5841390564625697,0.5392126114032741,0.7866767857436044,21116011,0.03360530361533165,0.16490770876407623,summary.json + test_metrics.json
CBraMod,tuev,tuev_cbramod_full_channel_patch_s42_r64_lr1e-4_b8_e20,/panfs/accrepfs.vampire/data/neurogroup/mingyangjiang/EEGxPlore/CBraMod/results/tuev/tuev_cbramod_full_channel_patch_s42_r64_lr1e-4_b8_e20,native_full_finetune,channel_patch,42,True,107,True,completed,2,0.7041064937692879,0.6231449034225783,0.6321316862110228,0.6044132413580896,0.8071421920319624,21145816,0.02916593663394451,0.16824454069137573,summary.json + test_metrics.json
CBraMod,tuev,tuev_cbramod_full_patch_s42_r64_lr1e-4_b8_e20,/panfs/accrepfs.vampire/data/neurogroup/mingyangjiang/EEGxPlore/CBraMod/results/tuev/tuev_cbramod_full_patch_s42_r64_lr1e-4_b8_e20,native_full_finetune,patch,42,True,107,True,completed,4,0.6993592949762408,0.6273666265213005,0.6115365243712909,0.5773766381450679,0.7981348324468086,21116011,4.899381167433603e-08,0.16970747709274292,summary.json + test_metrics.json
CBraMod,tuev,tuev_cbramod_dense_s1024_lr1e-4_b8_e20,/panfs/accrepfs.vampire/data/neurogroup/mingyangjiang/EEGxPlore/CBraMod/results/tuev/tuev_cbramod_dense_s1024_lr1e-4_b8_e20,full_finetune,none,1024,True,107,True,completed,12,0.7084233401776322,0.6449209384201723,0.6258049121735196,0.6015572180823171,0.8053685026713142,21086206,,0.17189623415470123,summary.json + test_metrics.json
CBraMod,tuev,tuev_cbramod_dense_s3407_lr1e-4_b8_e20,/panfs/accrepfs.vampire/data/neurogroup/mingyangjiang/EEGxPlore/CBraMod/results/tuev/tuev_cbramod_dense_s3407_lr1e-4_b8_e20,full_finetune,none,3407,True,107,True,completed,5,0.6874932202601949,0.5967228432909115,0.6688489562887722,0.5670986023891754,0.8252821309519703,21086206,,0.17764396965503693,summary.json + test_metrics.json
CBraMod,tuev,tuev_cbramod_frozen_probe_s1024_lr1e-4_b8_e20,/panfs/accrepfs.vampire/data/neurogroup/mingyangjiang/EEGxPlore/CBraMod/results/tuev/tuev_cbramod_frozen_probe_s1024_lr1e-4_b8_e20,frozen_probe,none,1024,True,107,True,completed,12,0.6774731500949214,0.43595292064528185,0.44978759623596287,0.45910019787391104,0.7184126934262124,16202406,,0.0,summary.json + test_metrics.json
CBraMod,tuev,tuev_cbramod_frozen_probe_s3407_lr1e-4_b8_e20,/panfs/accrepfs.vampire/data/neurogroup/mingyangjiang/EEGxPlore/CBraMod/results/tuev/tuev_cbramod_frozen_probe_s3407_lr1e-4_b8_e20,frozen_probe,none,3407,True,107,True,completed,8,0.685607793630215,0.4622634660888078,0.4888135786192056,0.4920758607718871,0.737567363919175,16202406,,0.0,summary.json + test_metrics.json
CBraMod,tuev,tuev_cbramod_frozen_channel_s3407_r64_lr1e-4_b8_e20,/panfs/accrepfs.vampire/data/neurogroup/mingyangjiang/EEGxPlore/CBraMod/results/tuev/tuev_cbramod_frozen_channel_s3407_r64_lr1e-4_b8_e20,interaction_aligned,channel,3407,True,107,True,completed,8,0.680974486011329,0.4560299455710833,0.46917202998089114,0.4833385663825012,0.7279658510139784,16232211,0.2845228314399719,0.0,summary.json + test_metrics.json
CBraMod,tuev,tuev_cbramod_frozen_channel_s1024_r64_lr1e-4_b8_e20,/panfs/accrepfs.vampire/data/neurogroup/mingyangjiang/EEGxPlore/CBraMod/results/tuev/tuev_cbramod_frozen_channel_s1024_r64_lr1e-4_b8_e20,interaction_aligned,channel,1024,True,107,True,completed,3,0.6843726436270814,0.458060733332084,0.47567725394451243,0.4836023738580106,0.7320292854336291,16232211,0.29222431778907776,0.0,summary.json + test_metrics.json
CBraMod,tuev,tuev_cbramod_frozen_patch_s3407_r64_lr1e-4_b8_e20,/panfs/accrepfs.vampire/data/neurogroup/mingyangjiang/EEGxPlore/CBraMod/results/tuev/tuev_cbramod_frozen_patch_s3407_r64_lr1e-4_b8_e20,interaction_aligned,patch,3407,True,107,True,completed,11,0.6846781934822013,0.4629974887082091,0.44175433012825727,0.48037246213483975,0.7131342516032814,16232211,0.39478588104248047,0.0,summary.json + test_metrics.json
CBraMod,tuev,tuev_cbramod_frozen_patch_s1024_r64_lr1e-4_b8_e20,/panfs/accrepfs.vampire/data/neurogroup/mingyangjiang/EEGxPlore/CBraMod/results/tuev/tuev_cbramod_frozen_patch_s1024_r64_lr1e-4_b8_e20,interaction_aligned,patch,1024,True,107,True,completed,7,0.682110261194801,0.4499536968400317,0.44373585410424665,0.46354773605305977,0.7132791513256591,16232211,0.37818482518196106,0.0,summary.json + test_metrics.json
CBraMod,tuev,tuev_cbramod_frozen_channel_patch_s3407_r64_lr1e-4_b8_e20,/panfs/accrepfs.vampire/data/neurogroup/mingyangjiang/EEGxPlore/CBraMod/results/tuev/tuev_cbramod_frozen_channel_patch_s3407_r64_lr1e-4_b8_e20,interaction_aligned,channel_patch,3407,True,107,True,completed,5,0.6766013165983942,0.44131067030453225,0.4475318069907215,0.45565671339450664,0.7164435475602838,16262016,0.5101165175437927,0.0,summary.json + test_metrics.json
CBraMod,tuev,tuev_cbramod_frozen_channel_patch_s1024_r64_lr1e-4_b8_e20,/panfs/accrepfs.vampire/data/neurogroup/mingyangjiang/EEGxPlore/CBraMod/results/tuev/tuev_cbramod_frozen_channel_patch_s1024_r64_lr1e-4_b8_e20,interaction_aligned,channel_patch,1024,True,107,True,completed,3,0.6858194579068727,0.4804948741238085,0.47188591051178597,0.4964129906723327,0.7290714805482992,16262016,0.5203998684883118,0.0,summary.json + test_metrics.json
CBraMod,tuev,tuev_cbramod_frozen_generic_s3407_r64_lr1e-4_b8_e20,/panfs/accrepfs.vampire/data/neurogroup/mingyangjiang/EEGxPlore/CBraMod/results/tuev/tuev_cbramod_frozen_generic_s3407_r64_lr1e-4_b8_e20,generic_bottleneck,none,3407,True,107,True,completed,9,0.669672994896753,0.4663839073369296,0.4498019458688898,0.48218022065964816,0.7170099526665192,16228671,,0.0,summary.json + test_metrics.json
CBraMod,tuev,tuev_cbramod_frozen_generic_s1024_r64_lr1e-4_b8_e20,/panfs/accrepfs.vampire/data/neurogroup/mingyangjiang/EEGxPlore/CBraMod/results/tuev/tuev_cbramod_frozen_generic_s1024_r64_lr1e-4_b8_e20,generic_bottleneck,none,1024,True,107,True,completed,5,0.6827728035491978,0.470090624206543,0.4350475564059423,0.4704185500707072,0.7078262531208811,16228671,,0.0,summary.json + test_metrics.json
CBraMod,tuev,tuev_cbramod_frozen_lora_qkv_r8_s1024_lr1e-4_b8_e20,/panfs/accrepfs.vampire/data/neurogroup/mingyangjiang/EEGxPlore/CBraMod/results/tuev/tuev_cbramod_frozen_lora_qkv_r8_s1024_lr1e-4_b8_e20,lora,none,1024,True,107,True,completed,3,0.7208224133302363,0.5510944352881163,0.5481454694624113,0.5203032753126721,0.7650521159912209,16279206,,0.0,summary.json + test_metrics.json
CBraMod,tuev,tuev_cbramod_upper2_s3407_lr1e-4_b8_e20,/panfs/accrepfs.vampire/data/neurogroup/mingyangjiang/EEGxPlore/CBraMod/results/tuev/tuev_cbramod_upper2_s3407_lr1e-4_b8_e20,upper_k_finetune,none,3407,True,107,True,completed,3,0.7296571407735337,0.5864484905521598,0.5784001052910468,0.5114654896992662,0.77960981233308,17007606,,0.0,summary.json + test_metrics.json
CBraMod,tuev,tuev_cbramod_upper2_s1024_lr1e-4_b8_e20,/panfs/accrepfs.vampire/data/neurogroup/mingyangjiang/EEGxPlore/CBraMod/results/tuev/tuev_cbramod_upper2_s1024_lr1e-4_b8_e20,upper_k_finetune,none,1024,True,107,True,completed,5,0.7432503218090196,0.559305063549036,0.5873000330256613,0.5403012667584285,0.7845457193996405,17007606,,0.0,summary.json + test_metrics.json
CBraMod,tuev,tuev_cbramod_frozen_axisblind_s3407_r148_lr1e-4_b8_e20,/panfs/accrepfs.vampire/data/neurogroup/mingyangjiang/EEGxPlore/CBraMod/results/tuev/tuev_cbramod_frozen_axisblind_s3407_r148_lr1e-4_b8_e20,axis_blind,generic_token_control,3407,True,107,True,completed,5,0.674823430668009,0.4624084200865434,0.4646100399866223,0.4749475971827315,0.725217672944055,16262355,,0.0,summary.json + test_metrics.json
CBraMod,tuev,tuev_cbramod_frozen_axisblind_s1024_r148_lr1e-4_b8_e20,/panfs/accrepfs.vampire/data/neurogroup/mingyangjiang/EEGxPlore/CBraMod/results/tuev/tuev_cbramod_frozen_axisblind_s1024_r148_lr1e-4_b8_e20,axis_blind,generic_token_control,1024,True,107,True,completed,3,0.6767217179413337,0.4631238468124301,0.4634932475667418,0.48207995828534617,0.7250984677993937,16262355,,0.0,summary.json + test_metrics.json
CBraMod,tuev,tuev_cbramod_full_channel_s1024_r64_lr1e-4_b8_e20,/panfs/accrepfs.vampire/data/neurogroup/mingyangjiang/EEGxPlore/CBraMod/results/tuev/tuev_cbramod_full_channel_s1024_r64_lr1e-4_b8_e20,native_full_finetune,channel,1024,True,107,True,completed,3,0.7014197290632072,0.6449808096065971,0.6733939326449998,0.63155820050919,0.8290916758247825,21116011,3.7533291106228717e-06,0.16857333481311798,summary.json + test_metrics.json
CBraMod,tuev,tuev_cbramod_full_patch_s1024_r64_lr1e-4_b8_e20,/panfs/accrepfs.vampire/data/neurogroup/mingyangjiang/EEGxPlore/CBraMod/results/tuev/tuev_cbramod_full_patch_s1024_r64_lr1e-4_b8_e20,native_full_finetune,patch,1024,True,107,True,completed,3,0.6938355703915553,0.6508906658813526,0.6654438336693299,0.620705980891353,0.8283090449679582,21116011,2.1346131688915193e-06,0.17157121002674103,summary.json + test_metrics.json
CBraMod,tuev,tuev_cbramod_full_patch_s3407_r64_lr1e-4_b8_e20,/panfs/accrepfs.vampire/data/neurogroup/mingyangjiang/EEGxPlore/CBraMod/results/tuev/tuev_cbramod_full_patch_s3407_r64_lr1e-4_b8_e20,native_full_finetune,patch,3407,True,107,True,completed,4,0.7263867170140185,0.639681344472225,0.632310236628074,0.6373577512157605,0.8095093952798046,21116011,1.0183846825384535e-05,0.1655435860157013,summary.json + test_metrics.json
CBraMod,tuev,tuev_cbramod_full_channel_patch_s3407_r64_lr1e-4_b8_e20,/panfs/accrepfs.vampire/data/neurogroup/mingyangjiang/EEGxPlore/CBraMod/results/tuev/tuev_cbramod_full_channel_patch_s3407_r64_lr1e-4_b8_e20,native_full_finetune,channel_patch,3407,True,107,True,completed,3,0.7199404463111483,0.6499741122331651,0.6479007690870572,0.6392993336050192,0.8134913312080638,21145816,4.873591933574062e-06,0.17295949161052704,summary.json + test_metrics.json
CBraMod,tuev,tuev_cbramod_full_channel_patch_s1024_r64_lr1e-4_b8_e20,/panfs/accrepfs.vampire/data/neurogroup/mingyangjiang/EEGxPlore/CBraMod/results/tuev/tuev_cbramod_full_channel_patch_s1024_r64_lr1e-4_b8_e20,native_full_finetune,channel_patch,1024,True,107,True,completed,13,0.6804716800312105,0.6255575977854203,0.5750233439124852,0.5274170275146298,0.7790799522252536,21145816,2.5806016310525592e-06,0.1765262484550476,summary.json + test_metrics.json
CBraMod,tuev,tuev_cbramod_full_channel_s3407_r64_lr1e-4_b8_e20_resub,/panfs/accrepfs.vampire/data/neurogroup/mingyangjiang/EEGxPlore/CBraMod/results/tuev/tuev_cbramod_full_channel_s3407_r64_lr1e-4_b8_e20_resub,native_full_finetune,channel,3407,True,107,True,completed,2,0.747747386304539,0.6233241129757232,0.6509565440552678,0.6154999417524106,0.8199102685218411,21116011,6.020709861331852e-06,0.16687288880348206,summary.json + test_metrics.json
CBraMod,tuev,tuev_cbramod_frozen_lora_qkv_r8_s3407_lr1e-4_b8_e20_resub,/panfs/accrepfs.vampire/data/neurogroup/mingyangjiang/EEGxPlore/CBraMod/results/tuev/tuev_cbramod_frozen_lora_qkv_r8_s3407_lr1e-4_b8_e20_resub,lora,none,3407,True,107,True,completed,5,0.7521072242466605,0.5487286893225037,0.5310620215897752,0.5287687307521074,0.7577905390019238,16279206,,0.0,summary.json + test_metrics.json
LaBraM,FACED,faced_reviewer_r2_frozen_dense_seed1024,/panfs/accrepfs.vampire/data/neurogroup/mingyangjiang/EEGxPlore/LaBraM/checkpoints/faced_reviewer_r2_frozen_dense_seed1024,frozen_probe,none,1024,True,100,True,completed,38,0.03892020028543097,0.1379495437466452,0.03298363407469562,,0.11280109814543286,1809,,0.0,run_config.json + final_test.json
LaBraM,FACED,faced_reviewer_r2_frozen_dense_seed3407,/panfs/accrepfs.vampire/data/neurogroup/mingyangjiang/EEGxPlore/LaBraM/checkpoints/faced_reviewer_r2_frozen_dense_seed3407,frozen_probe,none,3407,True,100,True,completed,14,0.03114421123899802,0.13808373590982287,0.03389688650820222,,0.08290504585186034,1809,,0.0,run_config.json + final_test.json
LaBraM,FACED,faced_reviewer_r2_frozen_dense_seed42,/panfs/accrepfs.vampire/data/neurogroup/mingyangjiang/EEGxPlore/LaBraM/checkpoints/faced_reviewer_r2_frozen_dense_seed42,frozen_probe,none,42,True,100,True,completed,38,0.035160314579552154,0.1439881910896404,0.03878759969020151,,0.11379690817177396,1809,,0.0,run_config.json + final_test.json
LaBraM,FACED,faced_reviewer_r2_frozen_generic_seed1024,/panfs/accrepfs.vampire/data/neurogroup/mingyangjiang/EEGxPlore/LaBraM/checkpoints/faced_reviewer_r2_frozen_generic_seed1024,frozen_native_generic,generic,1024,True,100,True,completed,62,0.0869344670161114,0.17901234567901234,0.07853447011751902,,0.17218057617635846,28074,0.33386998644896915,0.0,run_config.json + final_test.json
LaBraM,FACED,faced_reviewer_r2_frozen_generic_seed3407,/panfs/accrepfs.vampire/data/neurogroup/mingyangjiang/EEGxPlore/LaBraM/checkpoints/faced_reviewer_r2_frozen_generic_seed3407,frozen_native_generic,generic,3407,True,100,True,completed,73,0.08810190099392079,0.1802200751476114,0.08000753406023076,,0.175537123733614,28074,0.3333135000297001,0.0,run_config.json + final_test.json
LaBraM,FACED,faced_reviewer_r2_frozen_generic_seed42,/panfs/accrepfs.vampire/data/neurogroup/mingyangjiang/EEGxPlore/LaBraM/checkpoints/faced_reviewer_r2_frozen_generic_seed42,frozen_native_generic,generic,42,True,100,True,completed,73,0.08646444170950063,0.17525496511003757,0.07405081836828664,,0.17003171692657595,28074,0.33195511727106003,0.0,run_config.json + final_test.json
LaBraM,FACED,faced_reviewer_r2_frozen_patch_seed1024,/panfs/accrepfs.vampire/data/neurogroup/mingyangjiang/EEGxPlore/LaBraM/checkpoints/faced_reviewer_r2_frozen_patch_seed1024,frozen_native_patch,patch,1024,True,100,True,completed,42,0.06666666666666676,0.15901771336553944,0.05539212618138567,,0.1565857611009523,163010,0.40306394753001984,0.0,run_config.json + final_test.json
LaBraM,FACED,faced_reviewer_r2_frozen_patch_seed3407,/panfs/accrepfs.vampire/data/neurogroup/mingyangjiang/EEGxPlore/LaBraM/checkpoints/faced_reviewer_r2_frozen_patch_seed3407,frozen_native_patch,patch,3407,True,100,True,completed,38,0.06828469613791788,0.1728395061728395,0.07052245034217985,,0.15699171474116658,163010,0.40307900621777487,0.0,run_config.json + final_test.json
LaBraM,FACED,faced_reviewer_r2_frozen_patch_seed42,/panfs/accrepfs.vampire/data/neurogroup/mingyangjiang/EEGxPlore/LaBraM/checkpoints/faced_reviewer_r2_frozen_patch_seed42,frozen_native_patch,patch,42,True,100,True,completed,38,0.06871074101706331,0.17028985507246375,0.06693915001876793,,0.15555694587822905,163010,0.40585249946230934,0.0,run_config.json + final_test.json
LaBraM,FACED,faced_reviewer_r2_lora_qkv_r8_seed1024,/panfs/accrepfs.vampire/data/neurogroup/mingyangjiang/EEGxPlore/LaBraM/checkpoints/faced_reviewer_r2_lora_qkv_r8_seed1024,lora,qkv,1024,True,100,True,completed,45,0.2201342281879195,0.27281266774020396,0.18078602620087336,,0.2702981365613395,78609,,0.0,run_config.json + final_test.json
LaBraM,FACED,faced_reviewer_r2_lora_qkv_r8_seed3407,/panfs/accrepfs.vampire/data/neurogroup/mingyangjiang/EEGxPlore/LaBraM/checkpoints/faced_reviewer_r2_lora_qkv_r8_seed3407,lora,qkv,3407,True,100,True,completed,63,0.1922430758892143,0.2557702630166398,0.16233333333333333,,0.2543449127780626,78609,,0.0,run_config.json + final_test.json
LaBraM,FACED,faced_reviewer_r2_lora_qkv_r8_seed42,/panfs/accrepfs.vampire/data/neurogroup/mingyangjiang/EEGxPlore/LaBraM/checkpoints/faced_reviewer_r2_lora_qkv_r8_seed42,lora,qkv,42,True,100,True,completed,79,0.2286427337300826,0.3184380032206119,0.2321978845673357,,0.3157336048813044,78609,,0.0,run_config.json + final_test.json
LaBraM,FACED,faced_reviewer_r2_upper2_seed1024,/panfs/accrepfs.vampire/data/neurogroup/mingyangjiang/EEGxPlore/LaBraM/checkpoints/faced_reviewer_r2_upper2_seed1024,upper2,upper,1024,True,100,True,completed,61,0.26096754087356755,0.2966988727858293,0.2087133991419885,,0.2970314602486105,967169,,0.00011622829652523313,run_config.json + final_test.json
LaBraM,FACED,faced_reviewer_r2_upper2_seed3407,/panfs/accrepfs.vampire/data/neurogroup/mingyangjiang/EEGxPlore/LaBraM/checkpoints/faced_reviewer_r2_upper2_seed3407,upper2,upper,3407,True,100,True,completed,64,0.2338057893853276,0.298040794417606,0.20891759558287337,,0.29791769205599455,967169,,0.00011376254985625361,run_config.json + final_test.json
LaBraM,FACED,faced_reviewer_r2_upper2_seed42,/panfs/accrepfs.vampire/data/neurogroup/mingyangjiang/EEGxPlore/LaBraM/checkpoints/faced_reviewer_r2_upper2_seed42,upper2,upper,42,True,100,True,completed,75,0.23381415632338143,0.29589371980676327,0.20666666666666655,,0.29495016549037856,967169,,0.0001178193884458188,run_config.json + final_test.json
LaBraM,ISRUC,isruc_labram_axis_blind_b400_s1024_b16_lr2e-4_e30_retry_seqfix,/panfs/accrepfs.vampire/data/neurogroup/mingyangjiang/EEGxPlore/LaBraM/checkpoints/isruc_labram_axis_blind_b400_s1024_b16_lr2e-4_e30_retry_seqfix,axis_blind,generic_token_control,1024,True,120,True,completed,22,0.6895902002689422,0.7210454114977808,0.6811703016679138,,0.7439472635687449,162006,0.29262512761193354,0.0,run_config.json + final_test.json
LaBraM,ISRUC,isruc_labram_axis_blind_b400_s3407_b16_lr2e-4_e30_retry_seqfix,/panfs/accrepfs.vampire/data/neurogroup/mingyangjiang/EEGxPlore/LaBraM/checkpoints/isruc_labram_axis_blind_b400_s3407_b16_lr2e-4_e30_retry_seqfix,axis_blind,generic_token_control,3407,True,120,True,completed,22,0.6926648201391539,0.7254112238310519,0.685399386024452,,0.7474615397085191,162006,0.2939644621030704,0.0,run_config.json + final_test.json
LaBraM,ISRUC,isruc_labram_axis_blind_b400_s42_b16_lr2e-4_e30_retry_seqfix,/panfs/accrepfs.vampire/data/neurogroup/mingyangjiang/EEGxPlore/LaBraM/checkpoints/isruc_labram_axis_blind_b400_s42_b16_lr2e-4_e30_retry_seqfix,axis_blind,generic_token_control,42,True,120,True,completed,22,0.694118219729901,0.7234385958163658,0.6829024792746812,,0.7454216054845126,162006,0.29559289992929577,0.0,run_config.json + final_test.json
LaBraM,ISRUC,isruc_labram_dense_scale100_s42_b16_lr2e-4_e30_strict_rerun,/panfs/accrepfs.vampire/data/neurogroup/mingyangjiang/EEGxPlore/LaBraM/checkpoints/isruc_labram_dense_scale100_s42_b16_lr2e-4_e30_strict_rerun,dense,none,42,True,100,True,completed,8,0.7740121975167825,0.804765071032708,0.7688569902257629,,0.8210639088236777,6303541,,0.00011777448446386312,run_config.json + final_test.json
LaBraM,PhysioNet-MI,physio_mi_frozen_channel_patch_lowrank_locked_lr5e4_s1024_b64_e40,/panfs/accrepfs.vampire/data/neurogroup/mingyangjiang/EEGxPlore/LaBraM/checkpoints/physio_mi_frozen_channel_patch_lowrank_locked_lr5e4_s1024_b64_e40,frozen_native_channel_patch,channel_patch,1024,True,100,True,completed,23,0.06402012934336143,0.27920721937012916,0.03904783513665111,,0.26154024467936204,86614,0.216152338501142,0.0,run_config.json + final_test.json
LaBraM,PhysioNet-MI,physio_mi_frozen_channel_patch_lowrank_locked_lr5e4_s3407_b64_e40,/panfs/accrepfs.vampire/data/neurogroup/mingyangjiang/EEGxPlore/LaBraM/checkpoints/physio_mi_frozen_channel_patch_lowrank_locked_lr5e4_s3407_b64_e40,frozen_native_channel_patch,channel_patch,3407,True,100,True,completed,23,0.052439262936163855,0.2814281606695931,0.042012783091985195,,0.26194032125215694,86614,0.19683155219773857,0.0,run_config.json + final_test.json
LaBraM,PhysioNet-MI,physio_mi_frozen_channel_patch_lowrank_locked_lr5e4_s42_b64_e40,/panfs/accrepfs.vampire/data/neurogroup/mingyangjiang/EEGxPlore/LaBraM/checkpoints/physio_mi_frozen_channel_patch_lowrank_locked_lr5e4_s42_b64_e40,frozen_native_channel_patch,channel_patch,42,True,100,True,completed,28,0.053508558779866155,0.28914047739135995,0.052272578992569985,,0.2782369231757911,86614,0.20745500450839802,0.0,run_config.json + final_test.json
LaBraM,PhysioNet-MI,physio_mi_frozen_dense_locked_lr5e4_s1024_b64_e40,/panfs/accrepfs.vampire/data/neurogroup/mingyangjiang/EEGxPlore/LaBraM/checkpoints/physio_mi_frozen_dense_locked_lr5e4_s1024_b64_e40,frozen_probe,none,1024,True,100,True,completed,23,0.04183345203810007,0.2699090531941725,0.02662003135822455,,0.256095490387544,804,,0.0,run_config.json + final_test.json
LaBraM,PhysioNet-MI,physio_mi_frozen_dense_locked_lr5e4_s3407_b64_e40,/panfs/accrepfs.vampire/data/neurogroup/mingyangjiang/EEGxPlore/LaBraM/checkpoints/physio_mi_frozen_dense_locked_lr5e4_s3407_b64_e40,frozen_probe,none,3407,True,100,True,completed,20,0.04124983926964121,0.2693969181057666,0.02591434711819185,,0.2648999125148436,804,,0.0,run_config.json + final_test.json
LaBraM,PhysioNet-MI,physio_mi_frozen_dense_locked_lr5e4_s42_b64_e40,/panfs/accrepfs.vampire/data/neurogroup/mingyangjiang/EEGxPlore/LaBraM/checkpoints/physio_mi_frozen_dense_locked_lr5e4_s42_b64_e40,frozen_probe,none,42,True,100,True,completed,20,0.04124983926964121,0.2688425943807112,0.025175522259483718,,0.2643087026465435,804,,0.0,run_config.json + final_test.json
LaBraM,PhysioNet-MI,physio_mi_full_channel_lowrank_locked_lr5e4_s1024_b64_e40,/panfs/accrepfs.vampire/data/neurogroup/mingyangjiang/EEGxPlore/LaBraM/checkpoints/physio_mi_full_channel_lowrank_locked_lr5e4_s1024_b64_e40,native_channel,channel,1024,True,100,True,completed,11,0.39941487193837755,0.6192289915867678,0.49205644268385706,,0.6213838503274354,5863645,0.050497569067745794,0.00012810817306989372,run_config.json + final_test.json
LaBraM,PhysioNet-MI,physio_mi_full_channel_lowrank_locked_lr5e4_s3407_b64_e40,/panfs/accrepfs.vampire/data/neurogroup/mingyangjiang/EEGxPlore/LaBraM/checkpoints/physio_mi_full_channel_lowrank_locked_lr5e4_s3407_b64_e40,native_channel,channel,3407,True,100,True,completed,17,0.4170989143546442,0.6251979018303168,0.5001392343545903,,0.624564618214474,5863645,0.04253064871442561,0.00012064590802517712,run_config.json + final_test.json
LaBraM,PhysioNet-MI,physio_mi_full_channel_lowrank_locked_lr5e4_s42_b64_e40,/panfs/accrepfs.vampire/data/neurogroup/mingyangjiang/EEGxPlore/LaBraM/checkpoints/physio_mi_full_channel_lowrank_locked_lr5e4_s42_b64_e40,native_channel,channel,42,True,100,True,completed,11,0.42170623907357196,0.6015737982314221,0.46843186709863815,,0.6016663654695473,5863645,0.08644130331825237,0.00013400926361414983,run_config.json + final_test.json
LaBraM,PhysioNet-MI,physio_mi_full_channel_patch_lowrank_locked_lr5e4_s1024_b64_e40,/panfs/accrepfs.vampire/data/neurogroup/mingyangjiang/EEGxPlore/LaBraM/checkpoints/physio_mi_full_channel_patch_lowrank_locked_lr5e4_s1024_b64_e40,native_channel_patch,channel_patch,1024,True,100,True,completed,9,0.4040772054486904,0.6302398003829567,0.5067903421869848,,0.6330909482318485,5906550,0.053618027733600866,0.00012340030926764924,run_config.json + final_test.json
LaBraM,PhysioNet-MI,physio_mi_full_channel_patch_lowrank_locked_lr5e4_s3407_b64_e40,/panfs/accrepfs.vampire/data/neurogroup/mingyangjiang/EEGxPlore/LaBraM/checkpoints/physio_mi_full_channel_patch_lowrank_locked_lr5e4_s3407_b64_e40,native_channel_patch,channel_patch,3407,True,100,True,completed,15,0.4186379432378783,0.6158282889039495,0.48760575613560897,,0.6159926365705106,5906550,0.04530443984787075,0.00013005728202218216,run_config.json + final_test.json
LaBraM,PhysioNet-MI,physio_mi_full_channel_patch_lowrank_locked_lr5e4_s42_b64_e40,/panfs/accrepfs.vampire/data/neurogroup/mingyangjiang/EEGxPlore/LaBraM/checkpoints/physio_mi_full_channel_patch_lowrank_locked_lr5e4_s42_b64_e40,native_channel_patch,channel_patch,42,True,100,True,completed,11,0.4063184504340692,0.6297170793176202,0.5060737876723087,,0.6309687148760922,5906550,0.07572020886808026,0.00012895010675467952,run_config.json + final_test.json
LaBraM,PhysioNet-MI,physio_mi_full_patch_lowrank_locked_lr5e4_s1024_b64_e40_retry_geomfix,/panfs/accrepfs.vampire/data/neurogroup/mingyangjiang/EEGxPlore/LaBraM/checkpoints/physio_mi_full_patch_lowrank_locked_lr5e4_s1024_b64_e40_retry_geomfix,native_patch,patch,1024,True,100,True,completed,9,0.4210240192409338,0.6224215960026853,0.4964335719974704,,0.6214109298562424,5863645,0.05002064767236612,0.00013644506732839903,run_config.json + final_test.json
LaBraM,PhysioNet-MI,physio_mi_full_patch_lowrank_locked_lr5e4_s3407_b64_e40_retry_geomfix,/panfs/accrepfs.vampire/data/neurogroup/mingyangjiang/EEGxPlore/LaBraM/checkpoints/physio_mi_full_patch_lowrank_locked_lr5e4_s3407_b64_e40_retry_geomfix,native_patch,patch,3407,True,100,True,completed,9,0.40483901222457885,0.6175220393806322,0.4898086397931791,,0.619157923715456,5863645,0.06533950396186235,0.00013370830881989854,run_config.json + final_test.json
LaBraM,PhysioNet-MI,physio_mi_full_patch_lowrank_locked_lr5e4_s42_b64_e40_retry_geomfix,/panfs/accrepfs.vampire/data/neurogroup/mingyangjiang/EEGxPlore/LaBraM/checkpoints/physio_mi_full_patch_lowrank_locked_lr5e4_s42_b64_e40_retry_geomfix,native_patch,patch,42,True,100,True,completed,11,0.4178787558948823,0.6367799358967028,0.5156402392258544,,0.6401240759857082,5863645,0.040413993505799044,0.00014190247585815774,run_config.json + final_test.json
LaBraM,PhysioNet-MI,physio_mi_generic_locked_lr5e4_s1024_b64_e40,/panfs/accrepfs.vampire/data/neurogroup/mingyangjiang/EEGxPlore/LaBraM/checkpoints/physio_mi_generic_locked_lr5e4_s1024_b64_e40,frozen_native_generic,generic,1024,True,100,True,completed,20,0.04950484511164821,0.2697106347141692,0.02640075926648555,,0.25764757770551155,27069,0.270684080160394,0.0,run_config.json + final_test.json
LaBraM,PhysioNet-MI,physio_mi_generic_locked_lr5e4_s3407_b64_e40,/panfs/accrepfs.vampire/data/neurogroup/mingyangjiang/EEGxPlore/LaBraM/checkpoints/physio_mi_generic_locked_lr5e4_s3407_b64_e40,frozen_native_generic,generic,3407,True,100,True,completed,20,0.04643853556275679,0.26861923318176184,0.024927126622417473,,0.257323653155011,27069,0.271019418324743,0.0,run_config.json + final_test.json
LaBraM,PhysioNet-MI,physio_mi_generic_locked_lr5e4_s42_b64_e40,/panfs/accrepfs.vampire/data/neurogroup/mingyangjiang/EEGxPlore/LaBraM/checkpoints/physio_mi_generic_locked_lr5e4_s42_b64_e40,frozen_native_generic,generic,42,True,100,True,completed,20,0.0533477910898531,0.2713674956837422,0.02860745563193645,,0.25894625578852154,27069,0.2706186874788635,0.0,run_config.json + final_test.json
LaBraM,PhysioNet-MI,physio_mi_labram_dense_locked_lr5e4_s1024_b64_e40_scale100,/panfs/accrepfs.vampire/data/neurogroup/mingyangjiang/EEGxPlore/LaBraM/checkpoints/physio_mi_labram_dense_locked_lr5e4_s1024_b64_e40_scale100,dense,none,1024,True,100,True,completed,16,0.43249852103675546,0.6223072517575746,0.4963901982048199,,0.6232948413059111,5820740,,0.00012308990745140227,run_config.json + final_test.json
LaBraM,PhysioNet-MI,physio_mi_labram_dense_locked_lr5e4_s3407_b64_e40_scale100,/panfs/accrepfs.vampire/data/neurogroup/mingyangjiang/EEGxPlore/LaBraM/checkpoints/physio_mi_labram_dense_locked_lr5e4_s3407_b64_e40_scale100,dense,none,3407,True,100,True,completed,17,0.3841341152703863,0.5933300625025842,0.4578504673663968,,0.5933492955145299,5820740,,0.00012252252110885918,run_config.json + final_test.json
LaBraM,PhysioNet-MI,physio_mi_labram_dense_sweep_lr5e4_s42_b64_e40_scale100,/panfs/accrepfs.vampire/data/neurogroup/mingyangjiang/EEGxPlore/LaBraM/checkpoints/physio_mi_labram_dense_sweep_lr5e4_s42_b64_e40_scale100,dense,none,42,True,100,True,completed,21,0.43482373413048425,0.6123109472490749,0.4830437282960296,,0.6142119774327689,5820740,,0.00013025356078136578,run_config.json + final_test.json
LaBraM,PhysioNet-MI,physio_mi_lora_locked_lr5e4_s1024_b64_e40,/panfs/accrepfs.vampire/data/neurogroup/mingyangjiang/EEGxPlore/LaBraM/checkpoints/physio_mi_lora_locked_lr5e4_s1024_b64_e40,lora,qkv,1024,True,100,True,completed,30,0.30412830570871374,0.531337027959996,0.3750689623347724,,0.5293968411562315,77604,,0.0,run_config.json + final_test.json
LaBraM,PhysioNet-MI,physio_mi_lora_locked_lr5e4_s3407_b64_e40,/panfs/accrepfs.vampire/data/neurogroup/mingyangjiang/EEGxPlore/LaBraM/checkpoints/physio_mi_lora_locked_lr5e4_s3407_b64_e40,lora,qkv,3407,True,100,True,completed,25,0.2872086108705456,0.5268508642895542,0.3690807696599345,,0.5271852842834744,77604,,0.0,run_config.json + final_test.json
LaBraM,PhysioNet-MI,physio_mi_lora_locked_lr5e4_s42_b64_e40,/panfs/accrepfs.vampire/data/neurogroup/mingyangjiang/EEGxPlore/LaBraM/checkpoints/physio_mi_lora_locked_lr5e4_s42_b64_e40,lora,qkv,42,True,100,True,completed,33,0.3448775266041181,0.5723966199257133,0.4298109177001016,,0.5745333680908417,77604,,0.0,run_config.json + final_test.json
LaBraM,PhysioNet-MI,physio_mi_upper2_locked_lr5e4_s1024_b64_e40,/panfs/accrepfs.vampire/data/neurogroup/mingyangjiang/EEGxPlore/LaBraM/checkpoints/physio_mi_upper2_locked_lr5e4_s1024_b64_e40,upper2,upper,1024,True,100,True,completed,29,0.2949059676852188,0.4937348798433915,0.3248495497257996,,0.4928994821391977,966164,,0.00014790882132109003,run_config.json + final_test.json
LaBraM,PhysioNet-MI,physio_mi_upper2_locked_lr5e4_s3407_b64_e40,/panfs/accrepfs.vampire/data/neurogroup/mingyangjiang/EEGxPlore/LaBraM/checkpoints/physio_mi_upper2_locked_lr5e4_s3407_b64_e40,upper2,upper,3407,True,100,True,completed,14,0.30018285524720933,0.5193809766394943,0.3589713202180611,,0.5156858650542416,966164,,0.00014874342539914517,run_config.json + final_test.json
LaBraM,PhysioNet-MI,physio_mi_upper2_locked_lr5e4_s42_b64_e40,/panfs/accrepfs.vampire/data/neurogroup/mingyangjiang/EEGxPlore/LaBraM/checkpoints/physio_mi_upper2_locked_lr5e4_s42_b64_e40,upper2,upper,42,True,100,True,completed,11,0.3302394760812166,0.5335640136211067,0.37803410403486215,,0.534769702802344,966164,,0.00014535072863546824,run_config.json + final_test.json
LaBraM,SEED-V,seedv_dense_bls01_matched_s1024_b16_lr3e-4_e40_test,/panfs/accrepfs.vampire/data/neurogroup/mingyangjiang/EEGxPlore/LaBraM/checkpoints/seedv_dense_bls01_matched_s1024_b16_lr3e-4_e40_test,dense,none,1024,True,105,True,completed,24,0.22566761149889103,0.4058876963411448,0.25834976679509325,,0.40899992934578205,5820941,,1.239710179976722e-05,run_config.json + final_test.json
LaBraM,SEED-V,seedv_dense_bls01_matched_s3407_b16_lr3e-4_e40_test,/panfs/accrepfs.vampire/data/neurogroup/mingyangjiang/EEGxPlore/LaBraM/checkpoints/seedv_dense_bls01_matched_s3407_b16_lr3e-4_e40_test,dense,none,3407,True,105,True,completed,27,0.2158248805304901,0.4119863633223651,0.2669427530051153,,0.4175128731313333,5820941,,1.2342228169356044e-05,run_config.json + final_test.json
LaBraM,SEED-V,seedv_dense_matched_s42_b16_lr3e-4_e40_test_r4,/panfs/accrepfs.vampire/data/neurogroup/mingyangjiang/EEGxPlore/LaBraM/checkpoints/seedv_dense_matched_s42_b16_lr3e-4_e40_test_r4,dense,none,42,True,105,True,completed,19,0.22562140312992163,0.40231714667678153,0.2505057270944647,,0.40486375606960295,5820941,,0.00011007748467577584,run_config.json + final_test.json
LaBraM,SEED-V,seedv_final_generic_frozen_s1024_b16_lr3e-4_e40_test_r3,/panfs/accrepfs.vampire/data/neurogroup/mingyangjiang/EEGxPlore/LaBraM/checkpoints/seedv_final_generic_frozen_s1024_b16_lr3e-4_e40_test_r3,frozen_native_generic,generic,1024,True,105,True,completed,28,0.12685835186347183,0.2948071243135587,0.1148411716101041,,0.2797795110917704,27270,0.27620148029330716,0.0,run_config.json + final_test.json
LaBraM,SEED-V,seedv_final_generic_frozen_s3407_b16_lr3e-4_e40_test_r3,/panfs/accrepfs.vampire/data/neurogroup/mingyangjiang/EEGxPlore/LaBraM/checkpoints/seedv_final_generic_frozen_s3407_b16_lr3e-4_e40_test_r3,frozen_native_generic,generic,3407,True,105,True,completed,28,0.13000558894595693,0.29642443578781263,0.11693206444222493,,0.28245073340299764,27270,0.27881688461206217,0.0,run_config.json + final_test.json
LaBraM,SEED-V,seedv_final_generic_frozen_s42_b16_lr3e-4_e40_test_r3,/panfs/accrepfs.vampire/data/neurogroup/mingyangjiang/EEGxPlore/LaBraM/checkpoints/seedv_final_generic_frozen_s42_b16_lr3e-4_e40_test_r3,frozen_native_generic,generic,42,True,105,True,completed,28,0.12795742483552286,0.29490536142074136,0.11518778578330846,,0.28000393688923325,27270,0.2774126480115391,0.0,run_config.json + final_test.json
LaBraM,SEED-V,seedv_final_lora_qkv_r8_s1024_b16_lr3e-4_e40_test_r3,/panfs/accrepfs.vampire/data/neurogroup/mingyangjiang/EEGxPlore/LaBraM/checkpoints/seedv_final_lora_qkv_r8_s1024_b16_lr3e-4_e40_test_r3,lora,qkv,1024,True,105,True,completed,33,0.09259111968737221,0.287573850219264,0.11126640723965231,,0.28106262259083997,77805,,0.0,run_config.json + final_test.json
LaBraM,SEED-V,seedv_final_lora_qkv_r8_s3407_b16_lr3e-4_e40_test_r3,/panfs/accrepfs.vampire/data/neurogroup/mingyangjiang/EEGxPlore/LaBraM/checkpoints/seedv_final_lora_qkv_r8_s3407_b16_lr3e-4_e40_test_r3,lora,qkv,3407,True,105,True,completed,28,0.09873001841597862,0.2814287786933532,0.10189204009778197,,0.2706965939282741,77805,,0.0,run_config.json + final_test.json
LaBraM,SEED-V,seedv_final_lora_qkv_r8_s42_b16_lr3e-4_e40_test_r3,/panfs/accrepfs.vampire/data/neurogroup/mingyangjiang/EEGxPlore/LaBraM/checkpoints/seedv_final_lora_qkv_r8_s42_b16_lr3e-4_e40_test_r3,lora,qkv,42,True,105,True,completed,33,0.09530762249292046,0.28794075948298564,0.11072582874879411,,0.2843296914928396,77805,,0.0,run_config.json + final_test.json
LaBraM,SEED-V,seedv_final_upper2_s1024_b16_lr3e-4_e40_test,/panfs/accrepfs.vampire/data/neurogroup/mingyangjiang/EEGxPlore/LaBraM/checkpoints/seedv_final_upper2_s1024_b16_lr3e-4_e40_test,upper2,upper,1024,True,105,True,completed,33,0.20191398917507497,0.3814504473898107,0.22877175383226178,,0.3881916002066703,966365,,0.00012200331883993121,run_config.json + final_test.json
LaBraM,SEED-V,seedv_final_upper2_s3407_b16_lr3e-4_e40_test_r3,/panfs/accrepfs.vampire/data/neurogroup/mingyangjiang/EEGxPlore/LaBraM/checkpoints/seedv_final_upper2_s3407_b16_lr3e-4_e40_test_r3,upper2,upper,3407,True,105,True,completed,30,0.1946204515708312,0.3896273654079126,0.2395835478364169,,0.39865418018498017,966365,,0.00012375328522735532,run_config.json + final_test.json
LaBraM,SEED-V,seedv_final_upper2_s42_b16_lr3e-4_e40_test,/panfs/accrepfs.vampire/data/neurogroup/mingyangjiang/EEGxPlore/LaBraM/checkpoints/seedv_final_upper2_s42_b16_lr3e-4_e40_test,upper2,upper,42,True,105,True,completed,30,0.20178665089708525,0.3865104415469833,0.23497558200146218,,0.3943653956180901,966365,,0.0001231052779603585,run_config.json + final_test.json
LaBraM,TUEV,tuev_labram_axis_blind_b213_s1024_b64_lr5e-4_e15_scale100,/panfs/accrepfs.vampire/data/neurogroup/mingyangjiang/EEGxPlore/LaBraM/checkpoints/tuev_labram_axis_blind_b213_s1024_b64_lr5e-4_e15_scale100,axis_blind,generic_token_control,1024,True,100,True,completed,5,0.608884101289902,0.4297489266835283,0.5260672304345931,,0.751857384315639,87220,0.46132885243219407,0.0,run_config.json + final_test.json
LaBraM,TUEV,tuev_labram_axis_blind_b213_s3407_b64_lr5e-4_e15_scale100,/panfs/accrepfs.vampire/data/neurogroup/mingyangjiang/EEGxPlore/LaBraM/checkpoints/tuev_labram_axis_blind_b213_s3407_b64_lr5e-4_e15_scale100,axis_blind,generic_token_control,3407,True,100,True,completed,5,0.6094307648246287,0.43082288210020714,0.5260089006630086,,0.7517128976491558,87220,0.46112049137001715,0.0,run_config.json + final_test.json
LaBraM,TUEV,tuev_labram_axis_blind_b213_s42_b64_lr5e-4_e15_scale100,/panfs/accrepfs.vampire/data/neurogroup/mingyangjiang/EEGxPlore/LaBraM/checkpoints/tuev_labram_axis_blind_b213_s42_b64_lr5e-4_e15_scale100,axis_blind,generic_token_control,42,True,100,True,completed,5,0.6092757181173583,0.4316529581471065,0.5286269743140721,,0.7532389595752711,87220,0.4609022328260338,0.0,run_config.json + final_test.json
LaBraM,TUEV,tuev_labram_dense_reg_wd10dp20sm20_s42_b64_e25_scale100,/panfs/accrepfs.vampire/data/neurogroup/mingyangjiang/EEGxPlore/LaBraM/checkpoints/tuev_labram_dense_reg_wd10dp20sm20_s42_b64_e25_scale100,dense,none,42,True,100,True,completed,1,0.6852713510894413,0.5773318954054562,0.6230753962003932,,0.8023089107208937,5821142,,0.00018291468516446355,run_config.json + final_test.json
LaBraM,TUEV,tuev_labram_frozen_channel_lr5e-4_s1024_b64_e15_scale100,/panfs/accrepfs.vampire/data/neurogroup/mingyangjiang/EEGxPlore/LaBraM/checkpoints/tuev_labram_frozen_channel_lr5e-4_s1024_b64_e15_scale100,frozen_native_channel,channel,1024,True,100,True,completed,4,0.5518088409394193,0.4154078220257804,0.4829673290067068,,0.7248009185381545,44111,0.42459579791182794,0.0,run_config.json + final_test.json
LaBraM,TUEV,tuev_labram_frozen_channel_lr5e-4_s3407_b64_e15_scale100,/panfs/accrepfs.vampire/data/neurogroup/mingyangjiang/EEGxPlore/LaBraM/checkpoints/tuev_labram_frozen_channel_lr5e-4_s3407_b64_e15_scale100,frozen_native_channel,channel,3407,True,100,True,completed,8,0.512739643144013,0.42933198222716656,0.42499385484122976,,0.6888490552494598,44111,0.43693023236799994,0.0,run_config.json + final_test.json
LaBraM,TUEV,tuev_labram_frozen_channel_lr5e-4_s42_b64_e15_scale100,/panfs/accrepfs.vampire/data/neurogroup/mingyangjiang/EEGxPlore/LaBraM/checkpoints/tuev_labram_frozen_channel_lr5e-4_s42_b64_e15_scale100,frozen_native_channel,channel,42,True,100,True,completed,8,0.5636404567781503,0.4521834354068331,0.4726116949612613,,0.7247374136712004,44111,0.41005350028590853,0.0,run_config.json + final_test.json
LaBraM,TUEV,tuev_labram_frozen_channel_patch_lr5e-4_s1024_b64_e15_scale100,/panfs/accrepfs.vampire/data/neurogroup/mingyangjiang/EEGxPlore/LaBraM/checkpoints/tuev_labram_frozen_channel_patch_lr5e-4_s1024_b64_e15_scale100,frozen_native_channel_patch,channel_patch,1024,True,100,True,completed,3,0.5301615831190333,0.3806402643698943,0.45672501143136013,,0.7089334400412954,87016,0.8403974886487159,0.0,run_config.json + final_test.json
LaBraM,TUEV,tuev_labram_frozen_channel_patch_lr5e-4_s3407_b64_e15_scale100,/panfs/accrepfs.vampire/data/neurogroup/mingyangjiang/EEGxPlore/LaBraM/checkpoints/tuev_labram_frozen_channel_patch_lr5e-4_s3407_b64_e15_scale100,frozen_native_channel_patch,channel_patch,3407,True,100,True,completed,11,0.5554735869535523,0.3815180323887642,0.41657264005542294,,0.6896527708113209,87016,0.7755784557338974,0.0,run_config.json + final_test.json
LaBraM,TUEV,tuev_labram_frozen_channel_patch_lr5e-4_s42_b64_e15_scale100,/panfs/accrepfs.vampire/data/neurogroup/mingyangjiang/EEGxPlore/LaBraM/checkpoints/tuev_labram_frozen_channel_patch_lr5e-4_s42_b64_e15_scale100,frozen_native_channel_patch,channel_patch,42,True,100,True,completed,5,0.5573586709270384,0.41266905925860636,0.5104404149071955,,0.7408350916780715,87016,0.5274912104191118,0.0,run_config.json + final_test.json
LaBraM,TUEV,tuev_labram_frozen_dense_lr5e-4_s1024_b64_e15_scale100,/panfs/accrepfs.vampire/data/neurogroup/mingyangjiang/EEGxPlore/LaBraM/checkpoints/tuev_labram_frozen_dense_lr5e-4_s1024_b64_e15_scale100,frozen_probe,none,1024,True,100,True,completed,8,0.5566624970888209,0.3657863675540372,0.44681521755643017,,0.7084236754238097,1206,,0.0,run_config.json + final_test.json
LaBraM,TUEV,tuev_labram_frozen_dense_lr5e-4_s3407_b64_e15_scale100,/panfs/accrepfs.vampire/data/neurogroup/mingyangjiang/EEGxPlore/LaBraM/checkpoints/tuev_labram_frozen_dense_lr5e-4_s3407_b64_e15_scale100,frozen_probe,none,3407,True,100,True,completed,8,0.5566624970888209,0.3657863675540372,0.44681521755643017,,0.7084236754238097,1206,,0.0,run_config.json + final_test.json
LaBraM,TUEV,tuev_labram_frozen_dense_lr5e-4_s42_b64_e15_scale100,/panfs/accrepfs.vampire/data/neurogroup/mingyangjiang/EEGxPlore/LaBraM/checkpoints/tuev_labram_frozen_dense_lr5e-4_s42_b64_e15_scale100,frozen_probe,none,42,True,100,True,completed,8,0.5566624970888209,0.3657863675540372,0.44681521755643017,,0.7084236754238097,1206,,0.0,run_config.json + final_test.json
LaBraM,TUEV,tuev_labram_frozen_patch_lr5e-4_s1024_b64_e15_scale100,/panfs/accrepfs.vampire/data/neurogroup/mingyangjiang/EEGxPlore/LaBraM/checkpoints/tuev_labram_frozen_patch_lr5e-4_s1024_b64_e15_scale100,frozen_native_patch,patch,1024,True,100,True,completed,5,0.5681501726484486,0.3947483728958548,0.5010763417059159,,0.7382778969362866,44111,0.8295629507231024,0.0,run_config.json + final_test.json
LaBraM,TUEV,tuev_labram_frozen_patch_lr5e-4_s3407_b64_e15_scale100,/panfs/accrepfs.vampire/data/neurogroup/mingyangjiang/EEGxPlore/LaBraM/checkpoints/tuev_labram_frozen_patch_lr5e-4_s3407_b64_e15_scale100,frozen_native_patch,patch,3407,True,100,True,completed,8,0.5786962530885569,0.41867457464451907,0.4860200031127988,,0.7299285255408341,44111,0.7621017021768468,0.0,run_config.json + final_test.json
LaBraM,TUEV,tuev_labram_frozen_patch_lr5e-4_s42_b64_e15_scale100,/panfs/accrepfs.vampire/data/neurogroup/mingyangjiang/EEGxPlore/LaBraM/checkpoints/tuev_labram_frozen_patch_lr5e-4_s42_b64_e15_scale100,frozen_native_patch,patch,42,True,100,True,completed,3,0.5542390716630621,0.3828483756804982,0.48493135105386387,,0.7284932789053812,44111,0.8133586679011555,0.0,run_config.json + final_test.json
LaBraM,TUEV,tuev_labram_full_dense_lr5e-4_s1024_b64_e15_scale100,/panfs/accrepfs.vampire/data/neurogroup/mingyangjiang/EEGxPlore/LaBraM/checkpoints/tuev_labram_full_dense_lr5e-4_s1024_b64_e15_scale100,dense,none,1024,True,100,True,completed,1,0.6544670212623243,0.600101816775092,0.6187903029459325,,0.8003392170990256,5821142,,0.0004642055517591971,run_config.json + final_test.json
LaBraM,TUEV,tuev_labram_full_dense_lr5e-4_s3407_b64_e15_scale100,/panfs/accrepfs.vampire/data/neurogroup/mingyangjiang/EEGxPlore/LaBraM/checkpoints/tuev_labram_full_dense_lr5e-4_s3407_b64_e15_scale100,dense,none,3407,True,100,True,completed,3,0.7085763190679688,0.5821160970300286,0.5957905434573185,,0.7874031369630364,5821142,,0.0004768939909207507,run_config.json + final_test.json
LaBraM,TUEV,tuev_labram_generic_lr5e-4_s1024_b64_e15_scale100,/panfs/accrepfs.vampire/data/neurogroup/mingyangjiang/EEGxPlore/LaBraM/checkpoints/tuev_labram_generic_lr5e-4_s1024_b64_e15_scale100,frozen_native_generic,generic,1024,True,100,True,completed,5,0.6060465684542224,0.4222147152804263,0.5301822109375504,,0.7531304659998824,27471,0.41099152766091734,0.0,run_config.json + final_test.json
LaBraM,TUEV,tuev_labram_generic_lr5e-4_s3407_b64_e15_scale100,/panfs/accrepfs.vampire/data/neurogroup/mingyangjiang/EEGxPlore/LaBraM/checkpoints/tuev_labram_generic_lr5e-4_s3407_b64_e15_scale100,frozen_native_generic,generic,3407,True,100,True,completed,8,0.6091461930073974,0.4424056685285543,0.5039280129410464,,0.7398735643764255,27471,0.41117072608130956,0.0,run_config.json + final_test.json
LaBraM,TUEV,tuev_labram_generic_lr5e-4_s42_b64_e15_scale100,/panfs/accrepfs.vampire/data/neurogroup/mingyangjiang/EEGxPlore/LaBraM/checkpoints/tuev_labram_generic_lr5e-4_s42_b64_e15_scale100,frozen_native_generic,generic,42,True,100,True,completed,8,0.6088971632849223,0.44534336746787995,0.5114098197426435,,0.7442085989247073,27471,0.41138988736069104,0.0,run_config.json + final_test.json
LaBraM,TUEV,tuev_labram_lora_lr5e-4_s1024_b64_e15_scale100,/panfs/accrepfs.vampire/data/neurogroup/mingyangjiang/EEGxPlore/LaBraM/checkpoints/tuev_labram_lora_lr5e-4_s1024_b64_e15_scale100,lora,qkv,1024,True,100,True,completed,6,0.6888674976742295,0.5544674620001503,0.5778734723674348,,0.7815878179803782,78006,,0.0,run_config.json + final_test.json
LaBraM,TUEV,tuev_labram_lora_lr5e-4_s3407_b64_e15_scale100,/panfs/accrepfs.vampire/data/neurogroup/mingyangjiang/EEGxPlore/LaBraM/checkpoints/tuev_labram_lora_lr5e-4_s3407_b64_e15_scale100,lora,qkv,3407,True,100,True,completed,8,0.6821529023185495,0.5977283322538559,0.5649072383034774,,0.7761774282002611,78006,,0.0,run_config.json + final_test.json
LaBraM,TUEV,tuev_labram_lora_lr5e-4_s42_b64_e15_scale100,/panfs/accrepfs.vampire/data/neurogroup/mingyangjiang/EEGxPlore/LaBraM/checkpoints/tuev_labram_lora_lr5e-4_s42_b64_e15_scale100,lora,qkv,42,True,100,True,completed,5,0.6741571210608976,0.5628134503483032,0.6010881595771316,,0.7906025463508185,78006,,0.0,run_config.json + final_test.json
LaBraM,TUEV,tuev_labram_native_channel_lr5e-4_s1024_b64_e15_scale100,/panfs/accrepfs.vampire/data/neurogroup/mingyangjiang/EEGxPlore/LaBraM/checkpoints/tuev_labram_native_channel_lr5e-4_s1024_b64_e15_scale100,native_channel,channel,1024,True,100,True,completed,7,0.7032548981630495,0.6055153049067213,0.5821919995908839,,0.7870359343027892,5864047,0.22585300102704947,0.0004536947820680903,run_config.json + final_test.json
LaBraM,TUEV,tuev_labram_native_channel_lr5e-4_s3407_b64_e15_scale100,/panfs/accrepfs.vampire/data/neurogroup/mingyangjiang/EEGxPlore/LaBraM/checkpoints/tuev_labram_native_channel_lr5e-4_s3407_b64_e15_scale100,native_channel,channel,3407,True,100,True,completed,1,0.695355601837357,0.5896620888615157,0.5807637609233693,,0.7772626528303568,5864047,0.19397515418200656,0.0004585441685184126,run_config.json + final_test.json
LaBraM,TUEV,tuev_labram_native_channel_patch_lr5e-4_s1024_b64_e15_scale100,/panfs/accrepfs.vampire/data/neurogroup/mingyangjiang/EEGxPlore/LaBraM/checkpoints/tuev_labram_native_channel_patch_lr5e-4_s1024_b64_e15_scale100,native_channel_patch,channel_patch,1024,True,100,True,completed,1,0.6749684139913105,0.5819094452595186,0.5634967974957412,,0.7678019965994775,5906952,0.17008430471180314,0.0004679364729233339,run_config.json + final_test.json
LaBraM,TUEV,tuev_labram_native_channel_patch_lr5e-4_s3407_b64_e15_scale100,/panfs/accrepfs.vampire/data/neurogroup/mingyangjiang/EEGxPlore/LaBraM/checkpoints/tuev_labram_native_channel_patch_lr5e-4_s3407_b64_e15_scale100,native_channel_patch,channel_patch,3407,True,100,True,completed,5,0.6764111348316809,0.6067759683516318,0.5083252302990214,,0.7377922002405405,5906952,0.203143870994407,0.000455399453009585,run_config.json + final_test.json
LaBraM,TUEV,tuev_labram_native_channel_patch_zeroout_lr5e-4_s42_b64_e15_scale100,/panfs/accrepfs.vampire/data/neurogroup/mingyangjiang/EEGxPlore/LaBraM/checkpoints/tuev_labram_native_channel_patch_zeroout_lr5e-4_s42_b64_e15_scale100,native_channel_patch,channel_patch,42,True,100,True,completed,1,0.6865217005284154,0.5622813647473861,0.5211067085494356,,0.7429030685853735,5906952,0.2409832871971237,0.00047347135905732776,run_config.json + final_test.json
LaBraM,TUEV,tuev_labram_native_channel_zeroout_lr5e-4_s42_b64_e15_scale100,/panfs/accrepfs.vampire/data/neurogroup/mingyangjiang/EEGxPlore/LaBraM/checkpoints/tuev_labram_native_channel_zeroout_lr5e-4_s42_b64_e15_scale100,native_channel,channel,42,True,100,True,completed,3,0.6776835454860619,0.5930522386034414,0.5676871986909722,,0.7770607898865947,5864047,0.2500694001515336,0.0004336567304925914,run_config.json + final_test.json
LaBraM,TUEV,tuev_labram_native_patch_lr5e-4_s1024_b64_e15_scale100,/panfs/accrepfs.vampire/data/neurogroup/mingyangjiang/EEGxPlore/LaBraM/checkpoints/tuev_labram_native_patch_lr5e-4_s1024_b64_e15_scale100,native_patch,patch,1024,True,100,True,completed,5,0.6493378095131288,0.5350291674571239,0.5271813921726334,,0.7567552703996683,5864047,0.03904906759960342,0.0004658653014605174,run_config.json + final_test.json
LaBraM,TUEV,tuev_labram_native_patch_lr5e-4_s3407_b64_e15_scale100,/panfs/accrepfs.vampire/data/neurogroup/mingyangjiang/EEGxPlore/LaBraM/checkpoints/tuev_labram_native_patch_lr5e-4_s3407_b64_e15_scale100,native_patch,patch,3407,True,100,True,completed,10,0.6967719501011309,0.6524444383780593,0.6106894908164991,,0.800392412237172,5864047,0.08151972334127168,0.0004745153958969594,run_config.json + final_test.json
LaBraM,TUEV,tuev_labram_native_patch_zeroout_lr5e-4_s42_b64_e15_scale100,/panfs/accrepfs.vampire/data/neurogroup/mingyangjiang/EEGxPlore/LaBraM/checkpoints/tuev_labram_native_patch_zeroout_lr5e-4_s42_b64_e15_scale100,native_patch,patch,42,True,100,True,completed,2,0.6827460774484124,0.5509844021869928,0.6002883232537916,,0.7910367172256644,5864047,0.040794776953958174,0.0004809772113833227,run_config.json + final_test.json
LaBraM,TUEV,tuev_labram_upper2_lr5e-4_s1024_b64_e15_scale100,/panfs/accrepfs.vampire/data/neurogroup/mingyangjiang/EEGxPlore/LaBraM/checkpoints/tuev_labram_upper2_lr5e-4_s1024_b64_e15_scale100,upper2,upper,1024,True,100,True,completed,4,0.6485934220582865,0.5593111373142944,0.5188681160984254,,0.7525803704245614,966566,,0.0005268197748325024,run_config.json + final_test.json
LaBraM,TUEV,tuev_labram_upper2_lr5e-4_s3407_b64_e15_scale100,/panfs/accrepfs.vampire/data/neurogroup/mingyangjiang/EEGxPlore/LaBraM/checkpoints/tuev_labram_upper2_lr5e-4_s3407_b64_e15_scale100,upper2,upper,3407,True,100,True,completed,1,0.647379349177674,0.5191840344640534,0.5696205532498113,,0.7740174522623927,966566,,0.0005314477198993121,run_config.json + final_test.json
LaBraM,TUEV,tuev_labram_upper2_lr5e-4_s42_b64_e15_scale100,/panfs/accrepfs.vampire/data/neurogroup/mingyangjiang/EEGxPlore/LaBraM/checkpoints/tuev_labram_upper2_lr5e-4_s42_b64_e15_scale100,upper2,upper,42,True,100,True,completed,1,0.6271144923854304,0.5452374561737329,0.6028601446418473,,0.7920364656582201,966566,,0.0005172962706743054,run_config.json + final_test.json
