backbone,dataset,run_id,artifact_dir,method,axis,seed,candidate,candidate_score,contract_valid,status,selected_epoch,val_selection_value,balanced_accuracy,cohen_kappa,macro_f1,weighted_f1,trainable_parameters,adapter_delta_ratio,adapter_parameter_count,backbone_update_norm,evidence_status,candidate_status,artifact_status,manual_status,evidence_reason,scope_note,canonical_group_n,canonical_group_seeds,configuration_homogeneous,alignment_control_available,probe_available,rq1_eligible,rq2_eligible,rq3_eligible,rq4_eligible,reviewed_by,review_date,review_notes,source_log_path,previous_status,status_change_reason,status_change_date,exclusion_reason_code,source
CBraMod,faced,faced_cbramod_original_s42_lr1e-4_b64_e50_r3,/panfs/accrepfs.vampire/data/neurogroup/mingyangjiang/EEGxPlore/CBraMod/results/faced/faced_cbramod_original_s42_lr1e-4_b64_e50_r3,full_finetune,none,42,True,7,True,completed,25,0.5754929712613347,0.5831991411701556,0.5271355002814669,0.5909614301650772,0.5864019244151826,133287809,,0,0.013130431063473225,PRIMARY,PRIMARY_CANDIDATE,UNREVIEWED,UNREVIEWED,strict canonical three-seed group,,3,"42,1024,3407",true,unknown,unknown,no,no,no,yes,,,,/panfs/accrepfs.vampire/data/neurogroup/mingyangjiang/EEGxPlore/CBraMod/results/faced/faced_cbramod_original_s42_lr1e-4_b64_e50_r3,,,,UNREVIEWED,summary.json + test_metrics.json
CBraMod,faced,faced_cbramod_original_s42_lr5e-5_b64_e50,/panfs/accrepfs.vampire/data/neurogroup/mingyangjiang/EEGxPlore/CBraMod/results/faced/faced_cbramod_original_s42_lr5e-5_b64_e50,full_finetune,none,42,False,2,True,completed,30,0.5456989247311828,0.548443370907139,0.4896975010960105,0.5570619401629309,0.5529340666385933,133287809,,0,0.013519388623535633,SUPPORTING,SUPPORTING_CANDIDATE,UNREVIEWED,UNREVIEWED,completed legacy or non-strict artifact; manual audit required,,3,"42,1024,3407",true,unknown,unknown,no,no,no,yes,,,,/panfs/accrepfs.vampire/data/neurogroup/mingyangjiang/EEGxPlore/CBraMod/results/faced/faced_cbramod_original_s42_lr5e-5_b64_e50,,,,UNREVIEWED,summary.json + test_metrics.json
CBraMod,faced,faced_cbramod_original_s42_lr2e-4_b64_e50,/panfs/accrepfs.vampire/data/neurogroup/mingyangjiang/EEGxPlore/CBraMod/results/faced/faced_cbramod_original_s42_lr2e-4_b64_e50,full_finetune,none,42,False,2,True,completed,31,0.566954851104707,0.5848094471282876,0.528552650795969,0.5927267446605214,0.5872346821856176,133287809,,0,0.016217898577451706,SUPPORTING,SUPPORTING_CANDIDATE,UNREVIEWED,UNREVIEWED,completed legacy or non-strict artifact; manual audit required,,3,"42,1024,3407",true,unknown,unknown,no,no,no,yes,,,,/panfs/accrepfs.vampire/data/neurogroup/mingyangjiang/EEGxPlore/CBraMod/results/faced/faced_cbramod_original_s42_lr2e-4_b64_e50,,,,UNREVIEWED,summary.json + test_metrics.json
CBraMod,faced,faced_cbramod_original_s42_lr5e-4_b64_e50,/panfs/accrepfs.vampire/data/neurogroup/mingyangjiang/EEGxPlore/CBraMod/results/faced/faced_cbramod_original_s42_lr5e-4_b64_e50,full_finetune,none,42,False,2,True,completed,22,0.5731912237745451,0.5888352120236178,0.5342683028633441,0.6000339487659958,0.5950543813317124,133287809,,0,0.020604420453310013,SUPPORTING,SUPPORTING_CANDIDATE,UNREVIEWED,UNREVIEWED,completed legacy or non-strict artifact; manual audit required,,3,"42,1024,3407",true,unknown,unknown,no,no,no,yes,,,,/panfs/accrepfs.vampire/data/neurogroup/mingyangjiang/EEGxPlore/CBraMod/results/faced/faced_cbramod_original_s42_lr5e-4_b64_e50,,,,UNREVIEWED,summary.json + test_metrics.json
CBraMod,faced,faced_cbramod_original_s1024_lr1e-4_b64_e50,/panfs/accrepfs.vampire/data/neurogroup/mingyangjiang/EEGxPlore/CBraMod/results/faced/faced_cbramod_original_s1024_lr1e-4_b64_e50,full_finetune,none,1024,True,7,True,completed,18,0.5557369179068652,0.5619967793880838,0.505205399428345,0.5675525451894428,0.5641155910561543,133287809,,0,0.01328353863209486,PRIMARY,PRIMARY_CANDIDATE,UNREVIEWED,UNREVIEWED,strict canonical three-seed group,,3,"42,1024,3407",true,unknown,unknown,no,no,no,yes,,,,/panfs/accrepfs.vampire/data/neurogroup/mingyangjiang/EEGxPlore/CBraMod/results/faced/faced_cbramod_original_s1024_lr1e-4_b64_e50,,,,UNREVIEWED,summary.json + test_metrics.json
CBraMod,faced,faced_cbramod_original_s3407_lr1e-4_b64_e50,/panfs/accrepfs.vampire/data/neurogroup/mingyangjiang/EEGxPlore/CBraMod/results/faced/faced_cbramod_original_s3407_lr1e-4_b64_e50,full_finetune,none,3407,True,7,True,completed,27,0.5678867154686189,0.5701825013419217,0.5139172891541126,0.5772939497719034,0.5732697153020277,133287809,,0,0.01238232757896185,PRIMARY,PRIMARY_CANDIDATE,UNREVIEWED,UNREVIEWED,strict canonical three-seed group,,3,"42,1024,3407",true,unknown,unknown,no,no,no,yes,,,,/panfs/accrepfs.vampire/data/neurogroup/mingyangjiang/EEGxPlore/CBraMod/results/faced/faced_cbramod_original_s3407_lr1e-4_b64_e50,,,,UNREVIEWED,summary.json + test_metrics.json
CBraMod,faced,faced_generic_bottleneck_s42_lr1e-4_b64_e50,/panfs/accrepfs.vampire/data/neurogroup/mingyangjiang/EEGxPlore/CBraMod/results/faced/faced_generic_bottleneck_s42_lr1e-4_b64_e50,generic_bottleneck,none,42,False,7,True,completed,38,0.42473569390837385,0.42592592592592593,0.35087353542092314,0.4300334903408032,0.4270873293860087,128430274,,26265,0.0,SUPPORTING,SUPPORTING_CANDIDATE,UNREVIEWED,UNREVIEWED,completed legacy or non-strict artifact; manual audit required,,3,"42,1024,3407",true,unknown,unknown,no,no,no,yes,,,,/panfs/accrepfs.vampire/data/neurogroup/mingyangjiang/EEGxPlore/CBraMod/results/faced/faced_generic_bottleneck_s42_lr1e-4_b64_e50,,,,UNREVIEWED,summary.json + test_metrics.json
CBraMod,faced,faced_frozen_probe_s42_lr1e-4_b64_e50,/panfs/accrepfs.vampire/data/neurogroup/mingyangjiang/EEGxPlore/CBraMod/results/faced/faced_frozen_probe_s42_lr1e-4_b64_e50,frozen_probe,none,42,False,7,True,completed,14,0.2335839839072753,0.25966183574879226,0.16698544698544693,0.21397882029985438,0.21669086123152226,128404009,,0,0.0,SUPPORTING,SUPPORTING_CANDIDATE,UNREVIEWED,UNREVIEWED,completed legacy or non-strict artifact; manual audit required,,3,"42,1024,3407",true,unknown,unknown,no,no,no,yes,,,,/panfs/accrepfs.vampire/data/neurogroup/mingyangjiang/EEGxPlore/CBraMod/results/faced/faced_frozen_probe_s42_lr1e-4_b64_e50,,,,UNREVIEWED,summary.json + test_metrics.json
CBraMod,faced,faced_lora_qkv_r8_s42_lr1e-4_b64_e50,/panfs/accrepfs.vampire/data/neurogroup/mingyangjiang/EEGxPlore/CBraMod/results/faced/faced_lora_qkv_r8_s42_lr1e-4_b64_e50,lora,none,42,False,7,True,completed,38,0.47200230315243985,0.500805152979066,0.4353873423000729,0.5045766627858033,0.5012788650178033,128480809,,0,0.0,SUPPORTING,SUPPORTING_CANDIDATE,UNREVIEWED,UNREVIEWED,completed legacy or non-strict artifact; manual audit required,,3,"42,1024,3407",true,unknown,unknown,no,no,no,yes,,,,/panfs/accrepfs.vampire/data/neurogroup/mingyangjiang/EEGxPlore/CBraMod/results/faced/faced_lora_qkv_r8_s42_lr1e-4_b64_e50,,,,UNREVIEWED,summary.json + test_metrics.json
CBraMod,faced,faced_native_channel_s42_lr1e-4_b64_e50,/panfs/accrepfs.vampire/data/neurogroup/mingyangjiang/EEGxPlore/CBraMod/results/faced/faced_native_channel_s42_lr1e-4_b64_e50,interaction_aligned,channel,42,False,7,True,completed,46,0.2536998898414674,0.2616747181964573,0.16802861123240387,0.22856839941921722,0.22957412724238477,128433814,0.4829062521457672,29805,0.0,SUPPORTING,SUPPORTING_CANDIDATE,UNREVIEWED,UNREVIEWED,completed legacy or non-strict artifact; manual audit required,,3,"42,1024,3407",true,control_only,yes,no,no,no,yes,,,,/panfs/accrepfs.vampire/data/neurogroup/mingyangjiang/EEGxPlore/CBraMod/results/faced/faced_native_channel_s42_lr1e-4_b64_e50,,,,UNREVIEWED,summary.json + test_metrics.json
CBraMod,faced,faced_native_patch_s42_lr1e-4_b64_e50,/panfs/accrepfs.vampire/data/neurogroup/mingyangjiang/EEGxPlore/CBraMod/results/faced/faced_native_patch_s42_lr1e-4_b64_e50,interaction_aligned,patch,42,False,7,True,completed,19,0.2576569678407351,0.31535158346752545,0.22610141313383214,0.2951983266851966,0.2937407423361639,128433814,0.7739821076393127,29805,0.0,SUPPORTING,SUPPORTING_CANDIDATE,UNREVIEWED,UNREVIEWED,completed legacy or non-strict artifact; manual audit required,,3,"42,1024,3407",true,control_only,yes,no,no,no,yes,,,,/panfs/accrepfs.vampire/data/neurogroup/mingyangjiang/EEGxPlore/CBraMod/results/faced/faced_native_patch_s42_lr1e-4_b64_e50,,,,UNREVIEWED,summary.json + test_metrics.json
CBraMod,faced,faced_upper2_s42_lr1e-4_b64_e50,/panfs/accrepfs.vampire/data/neurogroup/mingyangjiang/EEGxPlore/CBraMod/results/faced/faced_upper2_s42_lr1e-4_b64_e50,upper_k_finetune,none,42,False,7,True,completed,37,0.44132476283782174,0.4482018250134192,0.3706558092191362,0.44075235072059593,0.4348183218496495,129209209,,0,0.0,SUPPORTING,SUPPORTING_CANDIDATE,UNREVIEWED,UNREVIEWED,completed legacy or non-strict artifact; manual audit required,,3,"42,1024,3407",true,unknown,unknown,no,no,no,yes,,,,/panfs/accrepfs.vampire/data/neurogroup/mingyangjiang/EEGxPlore/CBraMod/results/faced/faced_upper2_s42_lr1e-4_b64_e50,,,,UNREVIEWED,summary.json + test_metrics.json
CBraMod,faced,faced_native_channel_patch_s42_lr1e-4_b64_e50,/panfs/accrepfs.vampire/data/neurogroup/mingyangjiang/EEGxPlore/CBraMod/results/faced/faced_native_channel_patch_s42_lr1e-4_b64_e50,interaction_aligned,channel_patch,42,False,7,True,completed,42,0.3109259791247726,0.35238862050456254,0.2672810101304266,0.3431956946720176,0.3408790634294711,128463619,0.8667523860931396,59610,0.0,SUPPORTING,SUPPORTING_CANDIDATE,UNREVIEWED,UNREVIEWED,completed legacy or non-strict artifact; manual audit required,,3,"42,1024,3407",true,control_only,yes,no,no,no,yes,,,,/panfs/accrepfs.vampire/data/neurogroup/mingyangjiang/EEGxPlore/CBraMod/results/faced/faced_native_channel_patch_s42_lr1e-4_b64_e50,,,,UNREVIEWED,summary.json + test_metrics.json
CBraMod,faced,faced_axis_blind_s42_lr1e-4_b64_e50,/panfs/accrepfs.vampire/data/neurogroup/mingyangjiang/EEGxPlore/CBraMod/results/faced/faced_axis_blind_s42_lr1e-4_b64_e50,axis_blind,generic_token_control,42,False,7,True,completed,35,0.41807896061557637,0.42793880837359094,0.354115440716816,0.42895590983377346,0.42716604128412744,128463958,,59949,0.0,SUPPORTING,SUPPORTING_CANDIDATE,UNREVIEWED,UNREVIEWED,completed legacy or non-strict artifact; manual audit required,,3,"42,1024,3407",true,unknown,unknown,no,no,no,yes,,,,/panfs/accrepfs.vampire/data/neurogroup/mingyangjiang/EEGxPlore/CBraMod/results/faced/faced_axis_blind_s42_lr1e-4_b64_e50,,,,UNREVIEWED,summary.json + test_metrics.json
CBraMod,faced,faced_frozen_probe_s1024_lr1e-4_b64_e50,/panfs/accrepfs.vampire/data/neurogroup/mingyangjiang/EEGxPlore/CBraMod/results/faced/faced_frozen_probe_s1024_lr1e-4_b64_e50,frozen_probe,none,1024,False,7,True,completed,10,0.21770900494304768,0.25402576489533013,0.15859378242643096,0.22480169837486189,0.22464852416550327,128404009,,0,0.0,SUPPORTING,SUPPORTING_CANDIDATE,UNREVIEWED,UNREVIEWED,completed legacy or non-strict artifact; manual audit required,,3,"42,1024,3407",true,unknown,unknown,no,no,no,yes,,,,/panfs/accrepfs.vampire/data/neurogroup/mingyangjiang/EEGxPlore/CBraMod/results/faced/faced_frozen_probe_s1024_lr1e-4_b64_e50,,,,UNREVIEWED,summary.json + test_metrics.json
CBraMod,faced,faced_native_full_channel_s42_lr1e-4_b64_e50,/panfs/accrepfs.vampire/data/neurogroup/mingyangjiang/EEGxPlore/CBraMod/results/faced/faced_native_full_channel_s42_lr1e-4_b64_e50,native_full_finetune,channel,42,True,7,True,completed,17,0.5697574072298398,0.5748792270531401,0.517362124306974,0.5795516553879829,0.5750980069215464,133317614,0.0045227427035570145,29805,0.010685320012271404,PRIMARY,PRIMARY_CANDIDATE,UNREVIEWED,UNREVIEWED,strict canonical three-seed group,,3,"42,1024,3407",true,unknown,unknown,no,no,PROVISIONAL,yes,,,,/panfs/accrepfs.vampire/data/neurogroup/mingyangjiang/EEGxPlore/CBraMod/results/faced/faced_native_full_channel_s42_lr1e-4_b64_e50,,,,UNREVIEWED,summary.json + test_metrics.json
CBraMod,faced,faced_generic_bottleneck_s1024_lr1e-4_b64_e50,/panfs/accrepfs.vampire/data/neurogroup/mingyangjiang/EEGxPlore/CBraMod/results/faced/faced_generic_bottleneck_s1024_lr1e-4_b64_e50,generic_bottleneck,none,1024,False,7,True,completed,46,0.35941355436839706,0.3841921631776704,0.30392054800224855,0.3844928014277529,0.3823827490393368,128430274,,26265,0.0,SUPPORTING,SUPPORTING_CANDIDATE,UNREVIEWED,UNREVIEWED,completed legacy or non-strict artifact; manual audit required,,3,"42,1024,3407",true,unknown,unknown,no,no,no,yes,,,,/panfs/accrepfs.vampire/data/neurogroup/mingyangjiang/EEGxPlore/CBraMod/results/faced/faced_generic_bottleneck_s1024_lr1e-4_b64_e50,,,,UNREVIEWED,summary.json + test_metrics.json
CBraMod,faced,faced_native_full_patch_s42_lr1e-4_b64_e50,/panfs/accrepfs.vampire/data/neurogroup/mingyangjiang/EEGxPlore/CBraMod/results/faced/faced_native_full_patch_s42_lr1e-4_b64_e50,native_full_finetune,patch,42,True,7,True,completed,20,0.5624789976477366,0.5683038110574342,0.5105650695646733,0.5766813305675851,0.5719460861969206,133317614,0.007601723540574312,29805,0.010737528093159199,PRIMARY,PRIMARY_CANDIDATE,UNREVIEWED,UNREVIEWED,strict canonical three-seed group,,3,"42,1024,3407",true,unknown,unknown,no,no,PROVISIONAL,yes,,,,/panfs/accrepfs.vampire/data/neurogroup/mingyangjiang/EEGxPlore/CBraMod/results/faced/faced_native_full_patch_s42_lr1e-4_b64_e50,,,,UNREVIEWED,summary.json + test_metrics.json
CBraMod,faced,faced_lora_qkv_r8_s1024_lr1e-4_b64_e50,/panfs/accrepfs.vampire/data/neurogroup/mingyangjiang/EEGxPlore/CBraMod/results/faced/faced_lora_qkv_r8_s1024_lr1e-4_b64_e50,lora,none,1024,False,7,True,completed,44,0.4648826223533078,0.48698336017176597,0.4184548013762903,0.48999225643767486,0.4857200462209854,128480809,,0,0.0,SUPPORTING,SUPPORTING_CANDIDATE,UNREVIEWED,UNREVIEWED,completed legacy or non-strict artifact; manual audit required,,3,"42,1024,3407",true,unknown,unknown,no,no,no,yes,,,,/panfs/accrepfs.vampire/data/neurogroup/mingyangjiang/EEGxPlore/CBraMod/results/faced/faced_lora_qkv_r8_s1024_lr1e-4_b64_e50,,,,UNREVIEWED,summary.json + test_metrics.json
CBraMod,faced,faced_native_full_channel_patch_s42_lr1e-4_b64_e50,/panfs/accrepfs.vampire/data/neurogroup/mingyangjiang/EEGxPlore/CBraMod/results/faced/faced_native_full_channel_patch_s42_lr1e-4_b64_e50,native_full_finetune,channel_patch,42,True,7,True,completed,23,0.5620066697056214,0.5672302737520128,0.5090996268423358,0.5733905560015712,0.5690337621975613,133347419,0.011999818496406078,59610,0.01151922158896923,PRIMARY,PRIMARY_CANDIDATE,UNREVIEWED,UNREVIEWED,strict canonical three-seed group,,3,"42,1024,3407",true,unknown,unknown,no,no,PROVISIONAL,yes,,,,/panfs/accrepfs.vampire/data/neurogroup/mingyangjiang/EEGxPlore/CBraMod/results/faced/faced_native_full_channel_patch_s42_lr1e-4_b64_e50,,,,UNREVIEWED,summary.json + test_metrics.json
CBraMod,faced,faced_upper2_s1024_lr1e-4_b64_e50,/panfs/accrepfs.vampire/data/neurogroup/mingyangjiang/EEGxPlore/CBraMod/results/faced/faced_upper2_s1024_lr1e-4_b64_e50,upper_k_finetune,none,1024,False,7,True,completed,31,0.4468755971717945,0.4563875469672571,0.38166860561741733,0.44566156088725795,0.4419204012451805,129209209,,0,0.0,SUPPORTING,SUPPORTING_CANDIDATE,UNREVIEWED,UNREVIEWED,completed legacy or non-strict artifact; manual audit required,,3,"42,1024,3407",true,unknown,unknown,no,no,no,yes,,,,/panfs/accrepfs.vampire/data/neurogroup/mingyangjiang/EEGxPlore/CBraMod/results/faced/faced_upper2_s1024_lr1e-4_b64_e50,,,,UNREVIEWED,summary.json + test_metrics.json
CBraMod,faced,faced_axis_blind_s1024_lr1e-4_b64_e50,/panfs/accrepfs.vampire/data/neurogroup/mingyangjiang/EEGxPlore/CBraMod/results/faced/faced_axis_blind_s1024_lr1e-4_b64_e50,axis_blind,generic_token_control,1024,False,7,True,completed,41,0.32654576815274416,0.3813741277509394,0.30253887522407974,0.3834435372789763,0.3823262491061035,128463958,,59949,0.0,SUPPORTING,SUPPORTING_CANDIDATE,UNREVIEWED,UNREVIEWED,completed legacy or non-strict artifact; manual audit required,,3,"42,1024,3407",true,unknown,unknown,no,no,no,yes,,,,/panfs/accrepfs.vampire/data/neurogroup/mingyangjiang/EEGxPlore/CBraMod/results/faced/faced_axis_blind_s1024_lr1e-4_b64_e50,,,,UNREVIEWED,summary.json + test_metrics.json
CBraMod,faced,faced_frozen_probe_s3407_lr1e-4_b64_e50,/panfs/accrepfs.vampire/data/neurogroup/mingyangjiang/EEGxPlore/CBraMod/results/faced/faced_frozen_probe_s3407_lr1e-4_b64_e50,frozen_probe,none,3407,False,7,True,completed,29,0.22769716994684674,0.25214707461084274,0.15768479660946533,0.21090379702594522,0.21258289541916858,128404009,,0,0.0,SUPPORTING,SUPPORTING_CANDIDATE,UNREVIEWED,UNREVIEWED,completed legacy or non-strict artifact; manual audit required,,3,"42,1024,3407",true,unknown,unknown,no,no,no,yes,,,,/panfs/accrepfs.vampire/data/neurogroup/mingyangjiang/EEGxPlore/CBraMod/results/faced/faced_frozen_probe_s3407_lr1e-4_b64_e50,,,,UNREVIEWED,summary.json + test_metrics.json
CBraMod,faced,faced_generic_bottleneck_s3407_lr1e-4_b64_e50,/panfs/accrepfs.vampire/data/neurogroup/mingyangjiang/EEGxPlore/CBraMod/results/faced/faced_generic_bottleneck_s3407_lr1e-4_b64_e50,generic_bottleneck,none,3407,False,7,True,completed,42,0.39919925199587636,0.4129092860976919,0.33751641616810146,0.4174248160256317,0.4156218636232995,128430274,,26265,0.0,SUPPORTING,SUPPORTING_CANDIDATE,UNREVIEWED,UNREVIEWED,completed legacy or non-strict artifact; manual audit required,,3,"42,1024,3407",true,unknown,unknown,no,no,no,yes,,,,/panfs/accrepfs.vampire/data/neurogroup/mingyangjiang/EEGxPlore/CBraMod/results/faced/faced_generic_bottleneck_s3407_lr1e-4_b64_e50,,,,UNREVIEWED,summary.json + test_metrics.json
CBraMod,faced,faced_lora_qkv_r8_s3407_lr1e-4_b64_e50,/panfs/accrepfs.vampire/data/neurogroup/mingyangjiang/EEGxPlore/CBraMod/results/faced/faced_lora_qkv_r8_s3407_lr1e-4_b64_e50,lora,none,3407,False,7,True,completed,46,0.4539304819248208,0.4928878153515835,0.42720106768986954,0.49389575752885645,0.49130026136538907,128480809,,0,0.0,SUPPORTING,SUPPORTING_CANDIDATE,UNREVIEWED,UNREVIEWED,completed legacy or non-strict artifact; manual audit required,,3,"42,1024,3407",true,unknown,unknown,no,no,no,yes,,,,/panfs/accrepfs.vampire/data/neurogroup/mingyangjiang/EEGxPlore/CBraMod/results/faced/faced_lora_qkv_r8_s3407_lr1e-4_b64_e50,,,,UNREVIEWED,summary.json + test_metrics.json
CBraMod,faced,faced_upper2_s3407_lr1e-4_b64_e50,/panfs/accrepfs.vampire/data/neurogroup/mingyangjiang/EEGxPlore/CBraMod/results/faced/faced_upper2_s3407_lr1e-4_b64_e50,upper_k_finetune,none,3407,False,7,True,completed,22,0.45157124408092986,0.46054750402576494,0.3861052806583678,0.44932845575685104,0.4451597230059226,129209209,,0,0.0,SUPPORTING,SUPPORTING_CANDIDATE,UNREVIEWED,UNREVIEWED,completed legacy or non-strict artifact; manual audit required,,3,"42,1024,3407",true,unknown,unknown,no,no,no,yes,,,,/panfs/accrepfs.vampire/data/neurogroup/mingyangjiang/EEGxPlore/CBraMod/results/faced/faced_upper2_s3407_lr1e-4_b64_e50,,,,UNREVIEWED,summary.json + test_metrics.json
CBraMod,faced,faced_axis_blind_s3407_lr1e-4_b64_e50,/panfs/accrepfs.vampire/data/neurogroup/mingyangjiang/EEGxPlore/CBraMod/results/faced/faced_axis_blind_s3407_lr1e-4_b64_e50,axis_blind,generic_token_control,3407,False,7,True,completed,41,0.4104840060291408,0.418545356951154,0.3422251815476809,0.41681303217201443,0.4147757057259706,128463958,,59949,0.0,SUPPORTING,SUPPORTING_CANDIDATE,UNREVIEWED,UNREVIEWED,completed legacy or non-strict artifact; manual audit required,,3,"42,1024,3407",true,unknown,unknown,no,no,no,yes,,,,/panfs/accrepfs.vampire/data/neurogroup/mingyangjiang/EEGxPlore/CBraMod/results/faced/faced_axis_blind_s3407_lr1e-4_b64_e50,,,,UNREVIEWED,summary.json + test_metrics.json
CBraMod,faced,faced_native_channel_s42_adapterlr1e-4_b64_e50,/panfs/accrepfs.vampire/data/neurogroup/mingyangjiang/EEGxPlore/CBraMod/results/faced/faced_native_channel_s42_adapterlr1e-4_b64_e50,interaction_aligned,channel,42,False,2,True,completed,46,0.21672713385526066,0.23805689747718736,0.14013187906938152,0.18677747090061486,0.18622929591947043,128433814,0.22257809340953827,29805,0.0,SUPPORTING,SUPPORTING_CANDIDATE,UNREVIEWED,UNREVIEWED,completed legacy or non-strict artifact; manual audit required,,3,"42,1024,3407",true,control_only,yes,no,no,no,yes,,,,/panfs/accrepfs.vampire/data/neurogroup/mingyangjiang/EEGxPlore/CBraMod/results/faced/faced_native_channel_s42_adapterlr1e-4_b64_e50,,,,UNREVIEWED,summary.json + test_metrics.json
CBraMod,faced,faced_native_full_channel_s1024_lr1e-4_b64_e50,/panfs/accrepfs.vampire/data/neurogroup/mingyangjiang/EEGxPlore/CBraMod/results/faced/faced_native_full_channel_s1024_lr1e-4_b64_e50,native_full_finetune,channel,1024,True,7,True,completed,33,0.5507194158199418,0.546027911969941,0.4881865090141845,0.5563877787927478,0.5525806379760944,133317614,0.002715789945796132,29805,0.010840137489140034,PRIMARY,PRIMARY_CANDIDATE,UNREVIEWED,UNREVIEWED,strict canonical three-seed group,,3,"42,1024,3407",true,unknown,unknown,no,no,PROVISIONAL,yes,,,,/panfs/accrepfs.vampire/data/neurogroup/mingyangjiang/EEGxPlore/CBraMod/results/faced/faced_native_full_channel_s1024_lr1e-4_b64_e50,,,,UNREVIEWED,summary.json + test_metrics.json
CBraMod,faced,faced_native_patch_s42_adapterlr1e-4_b64_e50,/panfs/accrepfs.vampire/data/neurogroup/mingyangjiang/EEGxPlore/CBraMod/results/faced/faced_native_patch_s42_adapterlr1e-4_b64_e50,interaction_aligned,patch,42,False,2,True,completed,48,0.27017880715228604,0.2830112721417069,0.19328850677602694,0.2507430892914556,0.25278718383637383,128433814,0.2530597150325775,29805,0.0,SUPPORTING,SUPPORTING_CANDIDATE,UNREVIEWED,UNREVIEWED,completed legacy or non-strict artifact; manual audit required,,3,"42,1024,3407",true,control_only,yes,no,no,no,yes,,,,/panfs/accrepfs.vampire/data/neurogroup/mingyangjiang/EEGxPlore/CBraMod/results/faced/faced_native_patch_s42_adapterlr1e-4_b64_e50,,,,UNREVIEWED,summary.json + test_metrics.json
CBraMod,faced,faced_native_full_patch_s1024_lr1e-4_b64_e50,/panfs/accrepfs.vampire/data/neurogroup/mingyangjiang/EEGxPlore/CBraMod/results/faced/faced_native_full_patch_s1024_lr1e-4_b64_e50,native_full_finetune,patch,1024,True,7,True,completed,31,0.5569641528007876,0.5599838969404187,0.5036849907092302,0.5703184756668841,0.5666762368189032,133317614,0.005046918522566557,29805,0.011060339398682117,PRIMARY,PRIMARY_CANDIDATE,UNREVIEWED,UNREVIEWED,strict canonical three-seed group,,3,"42,1024,3407",true,unknown,unknown,no,no,PROVISIONAL,yes,,,,/panfs/accrepfs.vampire/data/neurogroup/mingyangjiang/EEGxPlore/CBraMod/results/faced/faced_native_full_patch_s1024_lr1e-4_b64_e50,,,,UNREVIEWED,summary.json + test_metrics.json
CBraMod,faced,faced_native_channel_patch_s42_adapterlr1e-4_b64_e50,/panfs/accrepfs.vampire/data/neurogroup/mingyangjiang/EEGxPlore/CBraMod/results/faced/faced_native_channel_patch_s42_adapterlr1e-4_b64_e50,interaction_aligned,channel_patch,42,False,2,True,completed,39,0.24596050269299807,0.2642243692968331,0.17073677647303342,0.22369599671178067,0.22484847157356166,128463619,0.25979599356651306,59610,0.0,SUPPORTING,SUPPORTING_CANDIDATE,UNREVIEWED,UNREVIEWED,completed legacy or non-strict artifact; manual audit required,,3,"42,1024,3407",true,control_only,yes,no,no,no,yes,,,,/panfs/accrepfs.vampire/data/neurogroup/mingyangjiang/EEGxPlore/CBraMod/results/faced/faced_native_channel_patch_s42_adapterlr1e-4_b64_e50,,,,UNREVIEWED,summary.json + test_metrics.json
CBraMod,faced,faced_native_full_channel_patch_s1024_lr1e-4_b64_e50,/panfs/accrepfs.vampire/data/neurogroup/mingyangjiang/EEGxPlore/CBraMod/results/faced/faced_native_full_channel_patch_s1024_lr1e-4_b64_e50,native_full_finetune,channel_patch,1024,True,7,True,completed,27,0.550055163812539,0.5605206655931293,0.5024402452759354,0.5674772928421377,0.5634233985966418,133347419,0.004367637448012829,59610,0.011138686910271645,PRIMARY,PRIMARY_CANDIDATE,UNREVIEWED,UNREVIEWED,strict canonical three-seed group,,3,"42,1024,3407",true,unknown,unknown,no,no,PROVISIONAL,yes,,,,/panfs/accrepfs.vampire/data/neurogroup/mingyangjiang/EEGxPlore/CBraMod/results/faced/faced_native_full_channel_patch_s1024_lr1e-4_b64_e50,,,,UNREVIEWED,summary.json + test_metrics.json
CBraMod,faced,faced_native_full_channel_s3407_lr1e-4_b64_e50,/panfs/accrepfs.vampire/data/neurogroup/mingyangjiang/EEGxPlore/CBraMod/results/faced/faced_native_full_channel_s3407_lr1e-4_b64_e50,native_full_finetune,channel,3407,True,7,True,completed,31,0.5674818622976024,0.5725979602791197,0.5180179239173578,0.5845221419797368,0.5803163855451201,133317614,0.00039708372787572443,29805,0.011213730089366436,PRIMARY,PRIMARY_CANDIDATE,UNREVIEWED,UNREVIEWED,strict canonical three-seed group,,3,"42,1024,3407",true,unknown,unknown,no,no,PROVISIONAL,yes,,,,/panfs/accrepfs.vampire/data/neurogroup/mingyangjiang/EEGxPlore/CBraMod/results/faced/faced_native_full_channel_s3407_lr1e-4_b64_e50,,,,UNREVIEWED,summary.json + test_metrics.json
CBraMod,faced,faced_native_full_patch_s3407_lr1e-4_b64_e50,/panfs/accrepfs.vampire/data/neurogroup/mingyangjiang/EEGxPlore/CBraMod/results/faced/faced_native_full_patch_s3407_lr1e-4_b64_e50,native_full_finetune,patch,3407,True,7,True,completed,28,0.5703273216301241,0.5719269994632313,0.5164550618108922,0.5813669808093852,0.5770075288369569,133317614,0.004851181525737047,29805,0.01150983665138483,PRIMARY,PRIMARY_CANDIDATE,UNREVIEWED,UNREVIEWED,strict canonical three-seed group,,3,"42,1024,3407",true,unknown,unknown,no,no,PROVISIONAL,yes,,,,/panfs/accrepfs.vampire/data/neurogroup/mingyangjiang/EEGxPlore/CBraMod/results/faced/faced_native_full_patch_s3407_lr1e-4_b64_e50,,,,UNREVIEWED,summary.json + test_metrics.json
CBraMod,faced,faced_native_full_channel_patch_s3407_lr1e-4_b64_e50,/panfs/accrepfs.vampire/data/neurogroup/mingyangjiang/EEGxPlore/CBraMod/results/faced/faced_native_full_channel_patch_s3407_lr1e-4_b64_e50,native_full_finetune,channel_patch,3407,True,7,True,completed,30,0.579442391669466,0.5683038110574343,0.5101547187122065,0.5731034658075461,0.568469974021308,133347419,0.003214473370462656,59610,0.00998748280107975,PRIMARY,PRIMARY_CANDIDATE,UNREVIEWED,UNREVIEWED,strict canonical three-seed group,,3,"42,1024,3407",true,unknown,unknown,no,no,PROVISIONAL,yes,,,,/panfs/accrepfs.vampire/data/neurogroup/mingyangjiang/EEGxPlore/CBraMod/results/faced/faced_native_full_channel_patch_s3407_lr1e-4_b64_e50,,,,UNREVIEWED,summary.json + test_metrics.json
CBraMod,faced,faced_native_channel_s3407_adapterlr5e-4_b64_e50,/panfs/accrepfs.vampire/data/neurogroup/mingyangjiang/EEGxPlore/CBraMod/results/faced/faced_native_channel_s3407_adapterlr5e-4_b64_e50,interaction_aligned,channel,3407,False,2,True,completed,16,0.25415608681071244,0.2838164251207729,0.19224609496869727,0.25089095806538303,0.2512723315808691,128433814,0.6009989976882935,29805,0.0,SUPPORTING,SUPPORTING_CANDIDATE,UNREVIEWED,UNREVIEWED,completed legacy or non-strict artifact; manual audit required,,3,"42,1024,3407",true,control_only,yes,no,no,no,yes,,,,/panfs/accrepfs.vampire/data/neurogroup/mingyangjiang/EEGxPlore/CBraMod/results/faced/faced_native_channel_s3407_adapterlr5e-4_b64_e50,,,,UNREVIEWED,summary.json + test_metrics.json
CBraMod,faced,faced_native_channel_s1024_adapterlr5e-4_b64_e50,/panfs/accrepfs.vampire/data/neurogroup/mingyangjiang/EEGxPlore/CBraMod/results/faced/faced_native_channel_s1024_adapterlr5e-4_b64_e50,interaction_aligned,channel,1024,False,2,True,completed,46,0.2570514198371189,0.27361782071926993,0.17855512676874552,0.23223996834711474,0.2301815114276883,128433814,0.47945570945739746,29805,0.0,SUPPORTING,SUPPORTING_CANDIDATE,UNREVIEWED,UNREVIEWED,completed legacy or non-strict artifact; manual audit required,,3,"42,1024,3407",true,control_only,yes,no,no,no,yes,,,,/panfs/accrepfs.vampire/data/neurogroup/mingyangjiang/EEGxPlore/CBraMod/results/faced/faced_native_channel_s1024_adapterlr5e-4_b64_e50,,,,UNREVIEWED,summary.json + test_metrics.json
CBraMod,faced,faced_native_patch_s1024_adapterlr5e-4_b64_e50,/panfs/accrepfs.vampire/data/neurogroup/mingyangjiang/EEGxPlore/CBraMod/results/faced/faced_native_patch_s1024_adapterlr5e-4_b64_e50,interaction_aligned,patch,1024,False,2,True,completed,16,0.24945002391200377,0.30112721417069244,0.21116928446771366,0.28173321044917493,0.28132381972849985,128433814,0.8436385989189148,29805,0.0,SUPPORTING,SUPPORTING_CANDIDATE,UNREVIEWED,UNREVIEWED,completed legacy or non-strict artifact; manual audit required,,3,"42,1024,3407",true,control_only,yes,no,no,no,yes,,,,/panfs/accrepfs.vampire/data/neurogroup/mingyangjiang/EEGxPlore/CBraMod/results/faced/faced_native_patch_s1024_adapterlr5e-4_b64_e50,,,,UNREVIEWED,summary.json + test_metrics.json
CBraMod,faced,faced_native_patch_s3407_adapterlr5e-4_b64_e50,/panfs/accrepfs.vampire/data/neurogroup/mingyangjiang/EEGxPlore/CBraMod/results/faced/faced_native_patch_s3407_adapterlr5e-4_b64_e50,interaction_aligned,patch,3407,False,2,True,completed,17,0.27544565842438173,0.32581857219538374,0.239716194003454,0.30710123641061265,0.30722903552632236,128433814,0.7843791246414185,29805,0.0,SUPPORTING,SUPPORTING_CANDIDATE,UNREVIEWED,UNREVIEWED,completed legacy or non-strict artifact; manual audit required,,3,"42,1024,3407",true,control_only,yes,no,no,no,yes,,,,/panfs/accrepfs.vampire/data/neurogroup/mingyangjiang/EEGxPlore/CBraMod/results/faced/faced_native_patch_s3407_adapterlr5e-4_b64_e50,,,,UNREVIEWED,summary.json + test_metrics.json
CBraMod,faced,faced_native_channel_patch_s1024_adapterlr5e-4_b64_e50,/panfs/accrepfs.vampire/data/neurogroup/mingyangjiang/EEGxPlore/CBraMod/results/faced/faced_native_channel_patch_s1024_adapterlr5e-4_b64_e50,interaction_aligned,channel_patch,1024,False,2,True,completed,29,0.2800900965662665,0.32165861513687605,0.23509692464655296,0.2944946883356739,0.29477587595626425,128463619,0.8183229565620422,59610,0.0,SUPPORTING,SUPPORTING_CANDIDATE,UNREVIEWED,UNREVIEWED,completed legacy or non-strict artifact; manual audit required,,3,"42,1024,3407",true,control_only,yes,no,no,no,yes,,,,/panfs/accrepfs.vampire/data/neurogroup/mingyangjiang/EEGxPlore/CBraMod/results/faced/faced_native_channel_patch_s1024_adapterlr5e-4_b64_e50,,,,UNREVIEWED,summary.json + test_metrics.json
CBraMod,faced,faced_native_channel_patch_s3407_adapterlr5e-4_b64_e50,/panfs/accrepfs.vampire/data/neurogroup/mingyangjiang/EEGxPlore/CBraMod/results/faced/faced_native_channel_patch_s3407_adapterlr5e-4_b64_e50,interaction_aligned,channel_patch,3407,False,2,True,completed,19,0.2878116542523891,0.31682769726247995,0.22969992092229574,0.3115831209985798,0.3112652235463864,128463619,0.9649509787559509,59610,0.0,SUPPORTING,SUPPORTING_CANDIDATE,UNREVIEWED,UNREVIEWED,completed legacy or non-strict artifact; manual audit required,,3,"42,1024,3407",true,control_only,yes,no,no,no,yes,,,,/panfs/accrepfs.vampire/data/neurogroup/mingyangjiang/EEGxPlore/CBraMod/results/faced/faced_native_channel_patch_s3407_adapterlr5e-4_b64_e50,,,,UNREVIEWED,summary.json + test_metrics.json
CBraMod,faced,faced_evalmode_frozen_probe_s42_20260804,/panfs/accrepfs.vampire/data/neurogroup/mingyangjiang/EEGxPlore/CBraMod/results/faced/faced_evalmode_frozen_probe_s42_20260804,frozen_probe,none,42,True,102,True,completed,46,0.3693966241686475,0.3750670960815888,0.2979704219770135,0.37618588879858567,0.3768114208915497,128404009,,0,0.0,PRIMARY,PRIMARY_CANDIDATE,UNREVIEWED,UNREVIEWED,strict canonical three-seed group,,3,"42,1024,3407",true,unknown,unknown,PROVISIONAL,no,no,yes,,,,/panfs/accrepfs.vampire/data/neurogroup/mingyangjiang/EEGxPlore/CBraMod/results/faced/faced_evalmode_frozen_probe_s42_20260804,,,,UNREVIEWED,summary.json + test_metrics.json
CBraMod,faced,faced_evalmode_frozen_channel_s42_lr5e-4_20260804,/panfs/accrepfs.vampire/data/neurogroup/mingyangjiang/EEGxPlore/CBraMod/results/faced/faced_evalmode_frozen_channel_s42_lr5e-4_20260804,interaction_aligned,channel,42,True,102,True,completed,28,0.37117903930131,0.3836553945249597,0.30547159979155813,0.3847724205827893,0.3839851478961803,128433814,0.4127635657787323,29805,0.0,PRIMARY,PRIMARY_CANDIDATE,UNREVIEWED,UNREVIEWED,strict canonical three-seed group,,3,"42,1024,3407",true,primary_pair_structurally_invalid,yes,PROVISIONAL,no,PROVISIONAL,yes,,,,/panfs/accrepfs.vampire/data/neurogroup/mingyangjiang/EEGxPlore/CBraMod/results/faced/faced_evalmode_frozen_channel_s42_lr5e-4_20260804,,,,UNREVIEWED,summary.json + test_metrics.json
CBraMod,faced,faced_evalmode_frozen_patch_s42_lr5e-4_20260804,/panfs/accrepfs.vampire/data/neurogroup/mingyangjiang/EEGxPlore/CBraMod/results/faced/faced_evalmode_frozen_patch_s42_lr5e-4_20260804,interaction_aligned,patch,42,True,102,True,completed,47,0.38406858624912954,0.38298443370907137,0.30551962952146516,0.38481922926521017,0.3842866123669117,128433814,0.5078914165496826,29805,0.0,PRIMARY,PRIMARY_CANDIDATE,UNREVIEWED,UNREVIEWED,strict canonical three-seed group,,3,"42,1024,3407",true,primary_pair_structurally_invalid,yes,PROVISIONAL,no,PROVISIONAL,yes,,,,/panfs/accrepfs.vampire/data/neurogroup/mingyangjiang/EEGxPlore/CBraMod/results/faced/faced_evalmode_frozen_patch_s42_lr5e-4_20260804,,,,UNREVIEWED,summary.json + test_metrics.json
CBraMod,faced,faced_evalmode_frozen_channel_patch_s42_lr5e-4_20260804,/panfs/accrepfs.vampire/data/neurogroup/mingyangjiang/EEGxPlore/CBraMod/results/faced/faced_evalmode_frozen_channel_patch_s42_lr5e-4_20260804,interaction_aligned,channel_patch,42,True,102,True,completed,37,0.3827924492096616,0.3951959205582394,0.31846788646688606,0.39505783033163044,0.3943868787640964,128463619,0.6623373031616211,59610,0.0,PRIMARY,PRIMARY_CANDIDATE,UNREVIEWED,UNREVIEWED,strict canonical three-seed group,,3,"42,1024,3407",true,primary_pair_unverified,yes,PROVISIONAL,PROVISIONAL,PROVISIONAL,yes,,,,/panfs/accrepfs.vampire/data/neurogroup/mingyangjiang/EEGxPlore/CBraMod/results/faced/faced_evalmode_frozen_channel_patch_s42_lr5e-4_20260804,,,,UNREVIEWED,summary.json + test_metrics.json
CBraMod,faced,faced_evalmode_frozen_generic_s42_20260804,/panfs/accrepfs.vampire/data/neurogroup/mingyangjiang/EEGxPlore/CBraMod/results/faced/faced_evalmode_frozen_generic_s42_20260804,generic_bottleneck,none,42,True,102,True,completed,35,0.3891738984513592,0.3935856146001073,0.31580701608199313,0.39315171255028436,0.39197271782134063,128430274,,26265,0.0,PRIMARY,PRIMARY_CANDIDATE,UNREVIEWED,UNREVIEWED,strict canonical three-seed group,,3,"42,1024,3407",true,unknown,unknown,no,no,no,yes,,,,/panfs/accrepfs.vampire/data/neurogroup/mingyangjiang/EEGxPlore/CBraMod/results/faced/faced_evalmode_frozen_generic_s42_20260804,,,,UNREVIEWED,summary.json + test_metrics.json
CBraMod,faced,faced_evalmode_frozen_lora_qkv_r8_s42_20260804,/panfs/accrepfs.vampire/data/neurogroup/mingyangjiang/EEGxPlore/CBraMod/results/faced/faced_evalmode_frozen_lora_qkv_r8_s42_20260804,lora,none,42,True,102,True,completed,12,0.40683936830501566,0.42096081588835216,0.34605608567023616,0.4224268573722585,0.4205631201279947,128480809,,0,0.0,PRIMARY,PRIMARY_CANDIDATE,UNREVIEWED,UNREVIEWED,strict canonical three-seed group,,3,"42,1024,3407",true,unknown,unknown,no,no,no,yes,,,,/panfs/accrepfs.vampire/data/neurogroup/mingyangjiang/EEGxPlore/CBraMod/results/faced/faced_evalmode_frozen_lora_qkv_r8_s42_20260804,,,,UNREVIEWED,summary.json + test_metrics.json
CBraMod,faced,faced_evalmode_frozen_upper2_s42_20260804,/panfs/accrepfs.vampire/data/neurogroup/mingyangjiang/EEGxPlore/CBraMod/results/faced/faced_evalmode_frozen_upper2_s42_20260804,upper_k_finetune,none,42,True,102,True,completed,41,0.39311403088136565,0.4087493290391841,0.3330832708177044,0.4090537794941171,0.40780720379303953,129209209,,0,0.0,PRIMARY,PRIMARY_CANDIDATE,UNREVIEWED,UNREVIEWED,strict canonical three-seed group,,3,"42,1024,3407",true,unknown,unknown,no,no,no,yes,,,,/panfs/accrepfs.vampire/data/neurogroup/mingyangjiang/EEGxPlore/CBraMod/results/faced/faced_evalmode_frozen_upper2_s42_20260804,,,,UNREVIEWED,summary.json + test_metrics.json
CBraMod,faced,faced_evalmode_frozen_axis_blind_s42_20260804,/panfs/accrepfs.vampire/data/neurogroup/mingyangjiang/EEGxPlore/CBraMod/results/faced/faced_evalmode_frozen_axis_blind_s42_20260804,axis_blind,generic_token_control,42,True,102,True,completed,27,0.37988063565111096,0.38727858293075684,0.30842600691407396,0.38725319859351187,0.38596753008255563,128463958,,59949,0.0,PRIMARY,PRIMARY_CANDIDATE,UNREVIEWED,UNREVIEWED,strict canonical three-seed group,,3,"42,1024,3407",true,primary_pair_unverified,unknown,no,PROVISIONAL,no,yes,,,,/panfs/accrepfs.vampire/data/neurogroup/mingyangjiang/EEGxPlore/CBraMod/results/faced/faced_evalmode_frozen_axis_blind_s42_20260804,,,,UNREVIEWED,summary.json + test_metrics.json
CBraMod,faced,faced_evalmode_frozen_probe_s1024_20260804,/panfs/accrepfs.vampire/data/neurogroup/mingyangjiang/EEGxPlore/CBraMod/results/faced/faced_evalmode_frozen_probe_s1024_20260804,frozen_probe,none,1024,True,102,True,completed,17,0.37035614860324473,0.37909286097691897,0.2997519954984057,0.3795963124311903,0.3784459502731745,128404009,,0,0.0,PRIMARY,PRIMARY_CANDIDATE,UNREVIEWED,UNREVIEWED,strict canonical three-seed group,,3,"42,1024,3407",true,unknown,unknown,PROVISIONAL,no,no,yes,,,,/panfs/accrepfs.vampire/data/neurogroup/mingyangjiang/EEGxPlore/CBraMod/results/faced/faced_evalmode_frozen_probe_s1024_20260804,,,,UNREVIEWED,summary.json + test_metrics.json
CBraMod,faced,faced_evalmode_frozen_channel_s1024_lr5e-4_20260804,/panfs/accrepfs.vampire/data/neurogroup/mingyangjiang/EEGxPlore/CBraMod/results/faced/faced_evalmode_frozen_channel_s1024_lr5e-4_20260804,interaction_aligned,channel,1024,True,102,True,completed,37,0.3727429888590089,0.37815351583467527,0.3004379562043795,0.3787534865242982,0.378690747902424,128433814,0.4023004174232483,29805,0.0,PRIMARY,PRIMARY_CANDIDATE,UNREVIEWED,UNREVIEWED,strict canonical three-seed group,,3,"42,1024,3407",true,primary_pair_structurally_invalid,yes,PROVISIONAL,no,PROVISIONAL,yes,,,,/panfs/accrepfs.vampire/data/neurogroup/mingyangjiang/EEGxPlore/CBraMod/results/faced/faced_evalmode_frozen_channel_s1024_lr5e-4_20260804,,,,UNREVIEWED,summary.json + test_metrics.json
CBraMod,faced,faced_evalmode_frozen_patch_s1024_lr5e-4_20260804,/panfs/accrepfs.vampire/data/neurogroup/mingyangjiang/EEGxPlore/CBraMod/results/faced/faced_evalmode_frozen_patch_s1024_lr5e-4_20260804,interaction_aligned,patch,1024,True,102,True,completed,43,0.37655357742693985,0.3824476650563607,0.3047285464098074,0.3825379109622883,0.3821811648424867,128433814,0.5075993537902832,29805,0.0,PRIMARY,PRIMARY_CANDIDATE,UNREVIEWED,UNREVIEWED,strict canonical three-seed group,,3,"42,1024,3407",true,primary_pair_structurally_invalid,yes,PROVISIONAL,no,PROVISIONAL,yes,,,,/panfs/accrepfs.vampire/data/neurogroup/mingyangjiang/EEGxPlore/CBraMod/results/faced/faced_evalmode_frozen_patch_s1024_lr5e-4_20260804,,,,UNREVIEWED,summary.json + test_metrics.json
CBraMod,faced,faced_evalmode_frozen_channel_patch_s1024_lr5e-4_20260804,/panfs/accrepfs.vampire/data/neurogroup/mingyangjiang/EEGxPlore/CBraMod/results/faced/faced_evalmode_frozen_channel_patch_s1024_lr5e-4_20260804,interaction_aligned,channel_patch,1024,True,102,True,completed,44,0.3876552683324541,0.3875469672571122,0.3088363954505686,0.387896632331497,0.3865745094976027,128463619,0.6740647554397583,59610,0.0,PRIMARY,PRIMARY_CANDIDATE,UNREVIEWED,UNREVIEWED,strict canonical three-seed group,,3,"42,1024,3407",true,primary_pair_unverified,yes,PROVISIONAL,PROVISIONAL,PROVISIONAL,yes,,,,/panfs/accrepfs.vampire/data/neurogroup/mingyangjiang/EEGxPlore/CBraMod/results/faced/faced_evalmode_frozen_channel_patch_s1024_lr5e-4_20260804,,,,UNREVIEWED,summary.json + test_metrics.json
CBraMod,faced,faced_evalmode_frozen_generic_s1024_20260804,/panfs/accrepfs.vampire/data/neurogroup/mingyangjiang/EEGxPlore/CBraMod/results/faced/faced_evalmode_frozen_generic_s1024_20260804,generic_bottleneck,none,1024,True,102,True,completed,18,0.3797936165106792,0.38754696725711213,0.31001125797439844,0.3863050278036913,0.38562317376620586,128430274,,26265,0.0,PRIMARY,PRIMARY_CANDIDATE,UNREVIEWED,UNREVIEWED,strict canonical three-seed group,,3,"42,1024,3407",true,unknown,unknown,no,no,no,yes,,,,/panfs/accrepfs.vampire/data/neurogroup/mingyangjiang/EEGxPlore/CBraMod/results/faced/faced_evalmode_frozen_generic_s1024_20260804,,,,UNREVIEWED,summary.json + test_metrics.json
CBraMod,faced,faced_evalmode_frozen_lora_qkv_r8_s1024_20260804,/panfs/accrepfs.vampire/data/neurogroup/mingyangjiang/EEGxPlore/CBraMod/results/faced/faced_evalmode_frozen_lora_qkv_r8_s1024_20260804,lora,none,1024,True,102,True,completed,21,0.4240920532182667,0.42243692968330643,0.3471683960495061,0.4235914236304431,0.42122702693475605,128480809,,0,0.0,PRIMARY,PRIMARY_CANDIDATE,UNREVIEWED,UNREVIEWED,strict canonical three-seed group,,3,"42,1024,3407",true,unknown,unknown,no,no,no,yes,,,,/panfs/accrepfs.vampire/data/neurogroup/mingyangjiang/EEGxPlore/CBraMod/results/faced/faced_evalmode_frozen_lora_qkv_r8_s1024_20260804,,,,UNREVIEWED,summary.json + test_metrics.json
CBraMod,faced,faced_evalmode_frozen_upper2_s1024_20260804,/panfs/accrepfs.vampire/data/neurogroup/mingyangjiang/EEGxPlore/CBraMod/results/faced/faced_evalmode_frozen_upper2_s1024_20260804,upper_k_finetune,none,1024,True,102,True,completed,46,0.3947362107435042,0.4017713365539452,0.3246330887258172,0.4027601491103256,0.40082886558946806,129209209,,0,0.0,PRIMARY,PRIMARY_CANDIDATE,UNREVIEWED,UNREVIEWED,strict canonical three-seed group,,3,"42,1024,3407",true,unknown,unknown,no,no,no,yes,,,,/panfs/accrepfs.vampire/data/neurogroup/mingyangjiang/EEGxPlore/CBraMod/results/faced/faced_evalmode_frozen_upper2_s1024_20260804,,,,UNREVIEWED,summary.json + test_metrics.json
CBraMod,faced,faced_evalmode_frozen_axis_blind_s1024_20260804,/panfs/accrepfs.vampire/data/neurogroup/mingyangjiang/EEGxPlore/CBraMod/results/faced/faced_evalmode_frozen_axis_blind_s1024_20260804,axis_blind,generic_token_control,1024,True,102,True,completed,32,0.3779119930974978,0.3852657004830918,0.3065033537474482,0.38599831322065864,0.3848693007810737,128463958,,59949,0.0,PRIMARY,PRIMARY_CANDIDATE,UNREVIEWED,UNREVIEWED,strict canonical three-seed group,,3,"42,1024,3407",true,primary_pair_unverified,unknown,no,PROVISIONAL,no,yes,,,,/panfs/accrepfs.vampire/data/neurogroup/mingyangjiang/EEGxPlore/CBraMod/results/faced/faced_evalmode_frozen_axis_blind_s1024_20260804,,,,UNREVIEWED,summary.json + test_metrics.json
CBraMod,faced,faced_evalmode_frozen_probe_s3407_20260804,/panfs/accrepfs.vampire/data/neurogroup/mingyangjiang/EEGxPlore/CBraMod/results/faced/faced_evalmode_frozen_probe_s3407_20260804,frozen_probe,none,3407,True,102,True,completed,43,0.3705525299297042,0.3789586688137413,0.30011674449633086,0.38084727771879767,0.3799335591536526,128404009,,0,0.0,PRIMARY,PRIMARY_CANDIDATE,UNREVIEWED,UNREVIEWED,strict canonical three-seed group,,3,"42,1024,3407",true,unknown,unknown,PROVISIONAL,no,no,yes,,,,/panfs/accrepfs.vampire/data/neurogroup/mingyangjiang/EEGxPlore/CBraMod/results/faced/faced_evalmode_frozen_probe_s3407_20260804,,,,UNREVIEWED,summary.json + test_metrics.json
CBraMod,faced,faced_evalmode_frozen_channel_s3407_lr5e-4_20260804,/panfs/accrepfs.vampire/data/neurogroup/mingyangjiang/EEGxPlore/CBraMod/results/faced/faced_evalmode_frozen_channel_s3407_lr5e-4_20260804,interaction_aligned,channel,3407,True,102,True,completed,43,0.3713681986265188,0.37654320987654316,0.2984813084112149,0.37761446006560856,0.3772978722061226,128433814,0.40668967366218567,29805,0.0,PRIMARY,PRIMARY_CANDIDATE,UNREVIEWED,UNREVIEWED,strict canonical three-seed group,,3,"42,1024,3407",true,primary_pair_structurally_invalid,yes,PROVISIONAL,no,PROVISIONAL,yes,,,,/panfs/accrepfs.vampire/data/neurogroup/mingyangjiang/EEGxPlore/CBraMod/results/faced/faced_evalmode_frozen_channel_s3407_lr5e-4_20260804,,,,UNREVIEWED,summary.json + test_metrics.json
CBraMod,faced,faced_evalmode_frozen_patch_s3407_lr5e-4_20260804,/panfs/accrepfs.vampire/data/neurogroup/mingyangjiang/EEGxPlore/CBraMod/results/faced/faced_evalmode_frozen_patch_s3407_lr5e-4_20260804,interaction_aligned,patch,3407,True,102,True,completed,37,0.38032896945283656,0.39492753623188404,0.3175710863451724,0.394399891034501,0.39344903177876545,128433814,0.5034801363945007,29805,0.0,PRIMARY,PRIMARY_CANDIDATE,UNREVIEWED,UNREVIEWED,strict canonical three-seed group,,3,"42,1024,3407",true,primary_pair_structurally_invalid,yes,PROVISIONAL,no,PROVISIONAL,yes,,,,/panfs/accrepfs.vampire/data/neurogroup/mingyangjiang/EEGxPlore/CBraMod/results/faced/faced_evalmode_frozen_patch_s3407_lr5e-4_20260804,,,,UNREVIEWED,summary.json + test_metrics.json
CBraMod,faced,faced_evalmode_frozen_channel_patch_s3407_lr5e-4_20260804,/panfs/accrepfs.vampire/data/neurogroup/mingyangjiang/EEGxPlore/CBraMod/results/faced/faced_evalmode_frozen_channel_patch_s3407_lr5e-4_20260804,interaction_aligned,channel_patch,3407,True,102,True,completed,18,0.3775539568345323,0.39023081052066555,0.31227865505603936,0.389112028967704,0.3881569328609679,128463619,0.6617234945297241,59610,0.0,PRIMARY,PRIMARY_CANDIDATE,UNREVIEWED,UNREVIEWED,strict canonical three-seed group,,3,"42,1024,3407",true,primary_pair_unverified,yes,PROVISIONAL,PROVISIONAL,PROVISIONAL,yes,,,,/panfs/accrepfs.vampire/data/neurogroup/mingyangjiang/EEGxPlore/CBraMod/results/faced/faced_evalmode_frozen_channel_patch_s3407_lr5e-4_20260804,,,,UNREVIEWED,summary.json + test_metrics.json
CBraMod,faced,faced_evalmode_frozen_generic_s3407_20260804,/panfs/accrepfs.vampire/data/neurogroup/mingyangjiang/EEGxPlore/CBraMod/results/faced/faced_evalmode_frozen_generic_s3407_20260804,generic_bottleneck,none,3407,True,102,True,completed,30,0.38556730700050357,0.3894256575415996,0.3110546272761364,0.38823561659221256,0.3869751008735831,128430274,,26265,0.0,PRIMARY,PRIMARY_CANDIDATE,UNREVIEWED,UNREVIEWED,strict canonical three-seed group,,3,"42,1024,3407",true,unknown,unknown,no,no,no,yes,,,,/panfs/accrepfs.vampire/data/neurogroup/mingyangjiang/EEGxPlore/CBraMod/results/faced/faced_evalmode_frozen_generic_s3407_20260804,,,,UNREVIEWED,summary.json + test_metrics.json
CBraMod,faced,faced_evalmode_frozen_lora_qkv_r8_s3407_20260804,/panfs/accrepfs.vampire/data/neurogroup/mingyangjiang/EEGxPlore/CBraMod/results/faced/faced_evalmode_frozen_lora_qkv_r8_s3407_20260804,lora,none,3407,True,102,True,completed,11,0.4037415862217645,0.4088835212023618,0.3318340829585207,0.4084876718194134,0.4064505862316601,128480809,,0,0.0,PRIMARY,PRIMARY_CANDIDATE,UNREVIEWED,UNREVIEWED,strict canonical three-seed group,,3,"42,1024,3407",true,unknown,unknown,no,no,no,yes,,,,/panfs/accrepfs.vampire/data/neurogroup/mingyangjiang/EEGxPlore/CBraMod/results/faced/faced_evalmode_frozen_lora_qkv_r8_s3407_20260804,,,,UNREVIEWED,summary.json + test_metrics.json
CBraMod,faced,faced_evalmode_frozen_upper2_s3407_20260804,/panfs/accrepfs.vampire/data/neurogroup/mingyangjiang/EEGxPlore/CBraMod/results/faced/faced_evalmode_frozen_upper2_s3407_20260804,upper_k_finetune,none,3407,True,102,True,completed,17,0.3998705377478363,0.39989264626945786,0.32133933033483253,0.3991059502450864,0.39675692821252384,129209209,,0,0.0,PRIMARY,PRIMARY_CANDIDATE,UNREVIEWED,UNREVIEWED,strict canonical three-seed group,,3,"42,1024,3407",true,unknown,unknown,no,no,no,yes,,,,/panfs/accrepfs.vampire/data/neurogroup/mingyangjiang/EEGxPlore/CBraMod/results/faced/faced_evalmode_frozen_upper2_s3407_20260804,,,,UNREVIEWED,summary.json + test_metrics.json
CBraMod,faced,faced_evalmode_frozen_axis_blind_s3407_20260804,/panfs/accrepfs.vampire/data/neurogroup/mingyangjiang/EEGxPlore/CBraMod/results/faced/faced_evalmode_frozen_axis_blind_s3407_20260804,axis_blind,generic_token_control,3407,True,102,True,completed,34,0.3801060180854381,0.3913043478260869,0.31424045356011343,0.38906197842338075,0.38850024109873615,128463958,,59949,0.0,PRIMARY,PRIMARY_CANDIDATE,UNREVIEWED,UNREVIEWED,strict canonical three-seed group,,3,"42,1024,3407",true,primary_pair_unverified,unknown,no,PROVISIONAL,no,yes,,,,/panfs/accrepfs.vampire/data/neurogroup/mingyangjiang/EEGxPlore/CBraMod/results/faced/faced_evalmode_frozen_axis_blind_s3407_20260804,,,,UNREVIEWED,summary.json + test_metrics.json
CBraMod,faced,faced_native_channel_r32_s42_gate_20260805,/panfs/accrepfs.vampire/data/neurogroup/mingyangjiang/EEGxPlore/CBraMod/results/faced/faced_native_channel_r32_s42_gate_20260805,interaction_aligned,channel,42,False,2,True,completed,27,0.36671618189659316,0.37332259796027906,0.2929027959944205,0.3706404216194853,0.36976843076580346,128414966,0.4026969373226166,10957,0.0,SUPPORTING,SUPPORTING_CANDIDATE,UNREVIEWED,UNREVIEWED,completed legacy or non-strict artifact; manual audit required,,3,"42,1024,3407",true,control_only,yes,no,no,no,yes,,,,/panfs/accrepfs.vampire/data/neurogroup/mingyangjiang/EEGxPlore/CBraMod/results/faced/faced_native_channel_r32_s42_gate_20260805,,,,UNREVIEWED,summary.json + test_metrics.json
CBraMod,faced,faced_native_channel_patch_r32_s42_gate_20260805,/panfs/accrepfs.vampire/data/neurogroup/mingyangjiang/EEGxPlore/CBraMod/results/faced/faced_native_channel_patch_r32_s42_gate_20260805,interaction_aligned,channel_patch,42,False,2,True,completed,19,0.37706175680859233,0.3875469672571122,0.30994541894087746,0.38746340971933146,0.38706495295110743,128425923,0.6311582326889038,21914,0.0,SUPPORTING,SUPPORTING_CANDIDATE,UNREVIEWED,UNREVIEWED,completed legacy or non-strict artifact; manual audit required,,3,"42,1024,3407",true,control_only,yes,no,no,no,yes,,,,/panfs/accrepfs.vampire/data/neurogroup/mingyangjiang/EEGxPlore/CBraMod/results/faced/faced_native_channel_patch_r32_s42_gate_20260805,,,,UNREVIEWED,summary.json + test_metrics.json
CBraMod,isruc,isruc_cbramod_smoke_s42,/panfs/accrepfs.vampire/data/neurogroup/mingyangjiang/EEGxPlore/CBraMod/results/isruc/isruc_cbramod_smoke_s42,full_finetune,none,42,False,-1000,True,completed,1,0.0,0.28444444444444444,0.15176715176715172,0.20407391491190374,0.27063816072195956,26471261,,0,0.18374012410640717,PILOT,PILOT_CANDIDATE,UNREVIEWED,UNREVIEWED,completed exploratory artifact outside locked packet,,3,"42,1024,3407",false,unknown,unknown,no,no,no,yes,,,,/panfs/accrepfs.vampire/data/neurogroup/mingyangjiang/EEGxPlore/CBraMod/results/isruc/isruc_cbramod_smoke_s42,,,,UNREVIEWED,summary.json + test_metrics.json
CBraMod,isruc,isruc_cbramod_dense_s42_b8_e20,/panfs/accrepfs.vampire/data/neurogroup/mingyangjiang/EEGxPlore/CBraMod/results/isruc/isruc_cbramod_dense_s42_b8_e20,full_finetune,none,42,False,102,True,completed,5,0.7375971396318496,0.7854621310504862,0.7396926193632423,0.778940375636432,0.8002504878120911,26471261,,0,0.0352022759616375,SUPPORTING,SUPPORTING_CANDIDATE,UNREVIEWED,UNREVIEWED,completed legacy or non-strict artifact; manual audit required,,3,"42,1024,3407",false,unknown,unknown,no,no,no,yes,,,,/panfs/accrepfs.vampire/data/neurogroup/mingyangjiang/EEGxPlore/CBraMod/results/isruc/isruc_cbramod_dense_s42_b8_e20,,,,UNREVIEWED,summary.json + test_metrics.json
CBraMod,isruc,isruc_cbramod_dense_s42_lr5e-5_b8_e20,/panfs/accrepfs.vampire/data/neurogroup/mingyangjiang/EEGxPlore/CBraMod/results/isruc/isruc_cbramod_dense_s42_lr5e-5_b8_e20,full_finetune,none,42,True,102,True,completed,15,0.7317636443862843,0.7744223119560828,0.7341284026124207,0.7715597560329264,0.7956283066473264,26471261,,0,0.034643176943063736,SUPPORTING,SUPPORTING_CANDIDATE,UNREVIEWED,UNREVIEWED,strict artifact but canonical group mixes resolved configurations,,3,"42,1024,3407",false,unknown,unknown,no,no,no,yes,,,,/panfs/accrepfs.vampire/data/neurogroup/mingyangjiang/EEGxPlore/CBraMod/results/isruc/isruc_cbramod_dense_s42_lr5e-5_b8_e20,,,,UNREVIEWED,summary.json + test_metrics.json
CBraMod,isruc,isruc_cbramod_dense_s42_lr2e-4_b8_e20,/panfs/accrepfs.vampire/data/neurogroup/mingyangjiang/EEGxPlore/CBraMod/results/isruc/isruc_cbramod_dense_s42_lr2e-4_b8_e20,full_finetune,none,42,False,102,True,completed,19,0.7381270633218865,0.7884287875920181,0.7502962333145069,0.7867618998934103,0.8078262757767468,26471261,,0,0.034355528652668,SUPPORTING,SUPPORTING_CANDIDATE,UNREVIEWED,UNREVIEWED,completed legacy or non-strict artifact; manual audit required,,3,"42,1024,3407",false,unknown,unknown,no,no,no,yes,,,,/panfs/accrepfs.vampire/data/neurogroup/mingyangjiang/EEGxPlore/CBraMod/results/isruc/isruc_cbramod_dense_s42_lr2e-4_b8_e20,,,,UNREVIEWED,summary.json + test_metrics.json
CBraMod,isruc,isruc_cbramod_upper2_s42_lr2e-4_b8_e20,/panfs/accrepfs.vampire/data/neurogroup/mingyangjiang/EEGxPlore/CBraMod/results/isruc/isruc_cbramod_upper2_s42_lr2e-4_b8_e20,upper_k_finetune,none,42,True,102,True,completed,6,0.7398820368942991,0.7758898107736814,0.7495102855404923,0.7730561327112506,0.8021801735659505,22392661,,0,0.0,SUPPORTING,SUPPORTING_CANDIDATE,UNREVIEWED,UNREVIEWED,strict artifact but canonical group mixes resolved configurations,,3,"42,1024,3407",false,unknown,unknown,no,no,no,yes,,,,/panfs/accrepfs.vampire/data/neurogroup/mingyangjiang/EEGxPlore/CBraMod/results/isruc/isruc_cbramod_upper2_s42_lr2e-4_b8_e20,,,,UNREVIEWED,summary.json + test_metrics.json
CBraMod,isruc,isruc_cbramod_frozen_probe_s42_lr2e-4_b8_e20,/panfs/accrepfs.vampire/data/neurogroup/mingyangjiang/EEGxPlore/CBraMod/results/isruc/isruc_cbramod_frozen_probe_s42_lr2e-4_b8_e20,frozen_probe,none,42,True,102,True,completed,16,0.7246305812739118,0.7542625984571867,0.7041219340097529,0.7465727382575784,0.767764261252889,21587461,,0,0.0,PRIMARY,PRIMARY_CANDIDATE,UNREVIEWED,UNREVIEWED,strict canonical three-seed group,,3,"42,1024,3407",true,unknown,unknown,PROVISIONAL,no,no,yes,,,,/panfs/accrepfs.vampire/data/neurogroup/mingyangjiang/EEGxPlore/CBraMod/results/isruc/isruc_cbramod_frozen_probe_s42_lr2e-4_b8_e20,,,,UNREVIEWED,summary.json + test_metrics.json
CBraMod,isruc,isruc_cbramod_frozen_channel_s42_lr2e-4_b8_e20,/panfs/accrepfs.vampire/data/neurogroup/mingyangjiang/EEGxPlore/CBraMod/results/isruc/isruc_cbramod_frozen_channel_s42_lr2e-4_b8_e20,interaction_aligned,channel,42,True,102,True,completed,9,0.7221371773715987,0.7433502181558147,0.6930913158934278,0.7248673706374896,0.7527917529488668,21617266,0.12096795439720154,29805,0.0,SUPPORTING,SUPPORTING_CANDIDATE,UNREVIEWED,UNREVIEWED,strict artifact but canonical group mixes resolved configurations,,3,"42,1024,3407",false,control_only,yes,no,no,no,yes,,,,/panfs/accrepfs.vampire/data/neurogroup/mingyangjiang/EEGxPlore/CBraMod/results/isruc/isruc_cbramod_frozen_channel_s42_lr2e-4_b8_e20,,,,UNREVIEWED,summary.json + test_metrics.json
CBraMod,isruc,isruc_cbramod_axisblind_s42_lr2e-4_b8_e20,/panfs/accrepfs.vampire/data/neurogroup/mingyangjiang/EEGxPlore/CBraMod/results/isruc/isruc_cbramod_axisblind_s42_lr2e-4_b8_e20,axis_blind,generic_token_control,42,False,2,True,completed,9,0.7222968447587717,0.7546861099347553,0.7135281478522446,0.750640002005781,0.7764788577739145,21647410,,59949,0.0,SUPPORTING,SUPPORTING_CANDIDATE,UNREVIEWED,UNREVIEWED,completed legacy or non-strict artifact; manual audit required,,3,"42,1024,3407",true,unknown,unknown,no,no,no,yes,,,,/panfs/accrepfs.vampire/data/neurogroup/mingyangjiang/EEGxPlore/CBraMod/results/isruc/isruc_cbramod_axisblind_s42_lr2e-4_b8_e20,,,,UNREVIEWED,summary.json + test_metrics.json
CBraMod,isruc,isruc_cbramod_frozen_patch_s42_lr2e-4_b8_e20,/panfs/accrepfs.vampire/data/neurogroup/mingyangjiang/EEGxPlore/CBraMod/results/isruc/isruc_cbramod_frozen_patch_s42_lr2e-4_b8_e20,interaction_aligned,patch,42,True,102,True,completed,9,0.7374509115512764,0.7428491008591609,0.693361020362675,0.7241756357304281,0.7542565916279415,21617266,0.07489670813083649,29805,0.0,SUPPORTING,SUPPORTING_CANDIDATE,UNREVIEWED,UNREVIEWED,strict artifact but canonical group mixes resolved configurations,,3,"42,1024,3407",false,control_only,yes,no,no,no,yes,,,,/panfs/accrepfs.vampire/data/neurogroup/mingyangjiang/EEGxPlore/CBraMod/results/isruc/isruc_cbramod_frozen_patch_s42_lr2e-4_b8_e20,,,,UNREVIEWED,summary.json + test_metrics.json
CBraMod,isruc,isruc_cbramod_native_full_channel_s42_lr2e-4_b8_e20,/panfs/accrepfs.vampire/data/neurogroup/mingyangjiang/EEGxPlore/CBraMod/results/isruc/isruc_cbramod_native_full_channel_s42_lr2e-4_b8_e20,native_full_finetune,channel,42,True,102,True,completed,8,0.74150132324183,0.774252945847443,0.7421730382496129,0.7739773821663986,0.7995611759492017,26501066,4.714798342320137e-05,29805,0.04260611906647682,SUPPORTING,SUPPORTING_CANDIDATE,UNREVIEWED,UNREVIEWED,strict artifact but canonical group mixes resolved configurations,,3,"42,1024,3407",false,unknown,unknown,no,no,no,yes,,,,/panfs/accrepfs.vampire/data/neurogroup/mingyangjiang/EEGxPlore/CBraMod/results/isruc/isruc_cbramod_native_full_channel_s42_lr2e-4_b8_e20,,,,UNREVIEWED,summary.json + test_metrics.json
CBraMod,isruc,isruc_cbramod_frozen_channel_patch_s42_lr2e-4_b8_e20,/panfs/accrepfs.vampire/data/neurogroup/mingyangjiang/EEGxPlore/CBraMod/results/isruc/isruc_cbramod_frozen_channel_patch_s42_lr2e-4_b8_e20,interaction_aligned,channel_patch,42,True,102,True,completed,9,0.736504515851614,0.7541019622189131,0.7119569714407924,0.7471509189075352,0.7732663754247068,21647071,0.1896972954273224,59610,0.0,PRIMARY,PRIMARY_CANDIDATE,UNREVIEWED,UNREVIEWED,strict canonical three-seed group,,3,"42,1024,3407",true,primary_pair_unverified,yes,PROVISIONAL,PROVISIONAL,no,yes,,,,/panfs/accrepfs.vampire/data/neurogroup/mingyangjiang/EEGxPlore/CBraMod/results/isruc/isruc_cbramod_frozen_channel_patch_s42_lr2e-4_b8_e20,,,,UNREVIEWED,summary.json + test_metrics.json
CBraMod,isruc,isruc_cbramod_native_full_patch_s42_lr2e-4_b8_e20,/panfs/accrepfs.vampire/data/neurogroup/mingyangjiang/EEGxPlore/CBraMod/results/isruc/isruc_cbramod_native_full_patch_s42_lr2e-4_b8_e20,native_full_finetune,patch,42,True,102,True,completed,10,0.7339571793621571,0.7739250953015382,0.727524958541965,0.7701606178260242,0.7901155681855095,26501066,1.7248634321731515e-05,29805,0.03905661031603813,SUPPORTING,SUPPORTING_CANDIDATE,UNREVIEWED,UNREVIEWED,strict artifact but canonical group mixes resolved configurations,,3,"42,1024,3407",false,unknown,unknown,no,no,no,yes,,,,/panfs/accrepfs.vampire/data/neurogroup/mingyangjiang/EEGxPlore/CBraMod/results/isruc/isruc_cbramod_native_full_patch_s42_lr2e-4_b8_e20,,,,UNREVIEWED,summary.json + test_metrics.json
CBraMod,isruc,isruc_cbramod_frozen_generic_s42_lr2e-4_b8_e20,/panfs/accrepfs.vampire/data/neurogroup/mingyangjiang/EEGxPlore/CBraMod/results/isruc/isruc_cbramod_frozen_generic_s42_lr2e-4_b8_e20,generic_bottleneck,none,42,True,102,True,completed,9,0.7293925776443975,0.752260738681068,0.7114092871489754,0.7437807301070515,0.771384657073822,21613726,,26265,0.0,SUPPORTING,SUPPORTING_CANDIDATE,UNREVIEWED,UNREVIEWED,strict artifact but canonical group mixes resolved configurations,,3,"42,1024,3407",false,unknown,unknown,no,no,no,yes,,,,/panfs/accrepfs.vampire/data/neurogroup/mingyangjiang/EEGxPlore/CBraMod/results/isruc/isruc_cbramod_frozen_generic_s42_lr2e-4_b8_e20,,,,UNREVIEWED,summary.json + test_metrics.json
CBraMod,isruc,isruc_cbramod_lora_qkv_r8_s42_lr2e-4_b8_e20,/panfs/accrepfs.vampire/data/neurogroup/mingyangjiang/EEGxPlore/CBraMod/results/isruc/isruc_cbramod_lora_qkv_r8_s42_lr2e-4_b8_e20,lora,none,42,True,102,True,completed,9,0.727591496073642,0.746508729374732,0.700463382439486,0.7387823196824165,0.7662418302422025,21664261,,0,0.0,SUPPORTING,SUPPORTING_CANDIDATE,UNREVIEWED,UNREVIEWED,strict artifact but canonical group mixes resolved configurations,,3,"42,1024,3407",false,unknown,unknown,no,no,no,yes,,,,/panfs/accrepfs.vampire/data/neurogroup/mingyangjiang/EEGxPlore/CBraMod/results/isruc/isruc_cbramod_lora_qkv_r8_s42_lr2e-4_b8_e20,,,,UNREVIEWED,summary.json + test_metrics.json
CBraMod,isruc,isruc_cbramod_native_full_channel_patch_s42_lr2e-4_b8_e20,/panfs/accrepfs.vampire/data/neurogroup/mingyangjiang/EEGxPlore/CBraMod/results/isruc/isruc_cbramod_native_full_channel_patch_s42_lr2e-4_b8_e20,native_full_finetune,channel_patch,42,True,102,True,completed,20,0.7373726824338765,0.7828451424869682,0.74697324922096,0.7827616835790476,0.8052137083972031,26530871,4.733820242108777e-05,59610,0.034704603254795074,SUPPORTING,SUPPORTING_CANDIDATE,UNREVIEWED,UNREVIEWED,strict artifact but canonical group mixes resolved configurations,,3,"42,1024,3407",false,unknown,unknown,no,no,no,yes,,,,/panfs/accrepfs.vampire/data/neurogroup/mingyangjiang/EEGxPlore/CBraMod/results/isruc/isruc_cbramod_native_full_channel_patch_s42_lr2e-4_b8_e20,,,,UNREVIEWED,summary.json + test_metrics.json
CBraMod,isruc,isruc_cbramod_repair_full_cp_r64_adaptrl2e-4_s42,/panfs/accrepfs.vampire/data/neurogroup/mingyangjiang/EEGxPlore/CBraMod/results/isruc/isruc_cbramod_repair_full_cp_r64_adaptrl2e-4_s42,native_full_finetune,channel_patch,42,False,-1000,True,completed,8,0.7300979431433996,0.7849825178552399,0.7488494841048546,0.7799116137684271,0.8046841855550811,26530871,0.0015497576678171754,59610,0.03616304695606232,PILOT,PILOT_CANDIDATE,UNREVIEWED,UNREVIEWED,completed exploratory artifact outside locked packet,,3,"42,1024,3407",false,unknown,unknown,no,no,no,yes,,,,/panfs/accrepfs.vampire/data/neurogroup/mingyangjiang/EEGxPlore/CBraMod/results/isruc/isruc_cbramod_repair_full_cp_r64_adaptrl2e-4_s42,,,,UNREVIEWED,summary.json + test_metrics.json
CBraMod,isruc,isruc_cbramod_repair_frozen_cp_r32_g05_s42,/panfs/accrepfs.vampire/data/neurogroup/mingyangjiang/EEGxPlore/CBraMod/results/isruc/isruc_cbramod_repair_frozen_cp_r32_g05_s42,interaction_aligned,channel_patch,42,False,-1000,True,completed,9,0.7243498772995035,0.7416330694827868,0.6953200812033222,0.7251175604876959,0.756606082316355,21609375,0.02244015969336033,21914,0.0,PILOT,PILOT_CANDIDATE,UNREVIEWED,UNREVIEWED,completed exploratory artifact outside locked packet,,3,"42,1024,3407",true,control_only,yes,no,no,no,yes,,,,/panfs/accrepfs.vampire/data/neurogroup/mingyangjiang/EEGxPlore/CBraMod/results/isruc/isruc_cbramod_repair_frozen_cp_r32_g05_s42,,,,UNREVIEWED,summary.json + test_metrics.json
CBraMod,isruc,isruc_cbramod_repair_full_channel_r64_adaptrl2e-4_s42,/panfs/accrepfs.vampire/data/neurogroup/mingyangjiang/EEGxPlore/CBraMod/results/isruc/isruc_cbramod_repair_full_channel_r64_adaptrl2e-4_s42,native_full_finetune,channel,42,False,-1000,True,completed,8,0.7291900818106213,0.7783927796880665,0.7394724043641098,0.772676891788464,0.7963581511979784,26501066,0.0022979192435741425,29805,0.036371488124132156,PILOT,PILOT_CANDIDATE,UNREVIEWED,UNREVIEWED,completed exploratory artifact outside locked packet,,3,"42,1024,3407",false,unknown,unknown,no,no,no,yes,,,,/panfs/accrepfs.vampire/data/neurogroup/mingyangjiang/EEGxPlore/CBraMod/results/isruc/isruc_cbramod_repair_full_channel_r64_adaptrl2e-4_s42,,,,UNREVIEWED,summary.json + test_metrics.json
CBraMod,isruc,isruc_cbramod_repair_frozen_cp_r32_g10_s42,/panfs/accrepfs.vampire/data/neurogroup/mingyangjiang/EEGxPlore/CBraMod/results/isruc/isruc_cbramod_repair_frozen_cp_r32_g10_s42,interaction_aligned,channel_patch,42,False,-1000,True,completed,9,0.7325868286428124,0.750615674737209,0.6982151085449786,0.7379695523303554,0.7612748958336506,21609375,0.05479094758629799,21914,0.0,PILOT,PILOT_CANDIDATE,UNREVIEWED,UNREVIEWED,completed exploratory artifact outside locked packet,,3,"42,1024,3407",true,control_only,yes,no,no,no,yes,,,,/panfs/accrepfs.vampire/data/neurogroup/mingyangjiang/EEGxPlore/CBraMod/results/isruc/isruc_cbramod_repair_frozen_cp_r32_g10_s42,,,,UNREVIEWED,summary.json + test_metrics.json
CBraMod,isruc,isruc_cbramod_repair_frozen_cp_r32_g10_alpha0_s42,/panfs/accrepfs.vampire/data/neurogroup/mingyangjiang/EEGxPlore/CBraMod/results/isruc/isruc_cbramod_repair_frozen_cp_r32_g10_alpha0_s42,interaction_aligned,channel_patch,42,False,-1000,True,completed,9,0.735045908035433,0.7611094206771658,0.7166364550553115,0.7528395234396899,0.7778746813636715,21609375,0.0435536690056324,21914,0.0,PILOT,PILOT_CANDIDATE,UNREVIEWED,UNREVIEWED,completed exploratory artifact outside locked packet,,3,"42,1024,3407",true,control_only,yes,no,no,no,yes,,,,/panfs/accrepfs.vampire/data/neurogroup/mingyangjiang/EEGxPlore/CBraMod/results/isruc/isruc_cbramod_repair_frozen_cp_r32_g10_alpha0_s42,,,,UNREVIEWED,summary.json + test_metrics.json
CBraMod,isruc,isruc_cbramod_alpha0_full_channel_patch_r64_s42,/panfs/accrepfs.vampire/data/neurogroup/mingyangjiang/EEGxPlore/CBraMod/results/isruc/isruc_cbramod_alpha0_full_channel_patch_r64_s42,native_full_finetune,channel_patch,42,False,2,True,completed,19,0.7388286067439536,0.7887560829085196,0.7522167966149034,0.7861543221232971,0.8088604024716584,26530871,0.005064943339675665,59610,0.037478964775800705,SUPPORTING,SUPPORTING_CANDIDATE,UNREVIEWED,UNREVIEWED,completed legacy or non-strict artifact; manual audit required,,3,"42,1024,3407",false,unknown,unknown,no,no,no,yes,,,,/panfs/accrepfs.vampire/data/neurogroup/mingyangjiang/EEGxPlore/CBraMod/results/isruc/isruc_cbramod_alpha0_full_channel_patch_r64_s42,,,,UNREVIEWED,summary.json + test_metrics.json
CBraMod,isruc,isruc_cbramod_alpha0_frozen_patch_r32_s42,/panfs/accrepfs.vampire/data/neurogroup/mingyangjiang/EEGxPlore/CBraMod/results/isruc/isruc_cbramod_alpha0_frozen_patch_r32_s42,interaction_aligned,patch,42,False,2,True,completed,9,0.7306528617384834,0.7411050520731447,0.6932110348413837,0.7266827252972325,0.7572208425623175,21598418,0.019797561690211296,10957,0.0,SUPPORTING,SUPPORTING_CANDIDATE,UNREVIEWED,UNREVIEWED,completed legacy or non-strict artifact; manual audit required,,3,"42,1024,3407",false,control_only,yes,no,no,no,yes,,,,/panfs/accrepfs.vampire/data/neurogroup/mingyangjiang/EEGxPlore/CBraMod/results/isruc/isruc_cbramod_alpha0_frozen_patch_r32_s42,,,,UNREVIEWED,summary.json + test_metrics.json
CBraMod,isruc,isruc_cbramod_alpha0_frozen_generic_r64_s42,/panfs/accrepfs.vampire/data/neurogroup/mingyangjiang/EEGxPlore/CBraMod/results/isruc/isruc_cbramod_alpha0_frozen_generic_r64_s42,generic_bottleneck,none,42,False,2,True,completed,12,0.7333637391702571,0.7556437770345257,0.7128572083691088,0.7492298815735856,0.7744381686197706,21613726,,26265,0.0,SUPPORTING,SUPPORTING_CANDIDATE,UNREVIEWED,UNREVIEWED,completed legacy or non-strict artifact; manual audit required,,3,"42,1024,3407",false,unknown,unknown,no,no,no,yes,,,,/panfs/accrepfs.vampire/data/neurogroup/mingyangjiang/EEGxPlore/CBraMod/results/isruc/isruc_cbramod_alpha0_frozen_generic_r64_s42,,,,UNREVIEWED,summary.json + test_metrics.json
CBraMod,isruc,isruc_cbramod_alpha0_axisblind_s42,/panfs/accrepfs.vampire/data/neurogroup/mingyangjiang/EEGxPlore/CBraMod/results/isruc/isruc_cbramod_alpha0_axisblind_s42,axis_blind,generic_token_control,42,True,103,True,completed,9,0.7226957005239685,0.7367842525476885,0.6902732173732424,0.7262658505298212,0.7541052234089344,21647410,,59949,0.0,PRIMARY,PRIMARY_CANDIDATE,UNREVIEWED,UNREVIEWED,strict canonical three-seed group,,3,"42,1024,3407",true,primary_pair_unverified,unknown,no,PROVISIONAL,no,yes,,,,/panfs/accrepfs.vampire/data/neurogroup/mingyangjiang/EEGxPlore/CBraMod/results/isruc/isruc_cbramod_alpha0_axisblind_s42,,,,UNREVIEWED,summary.json + test_metrics.json
CBraMod,isruc,isruc_cbramod_alpha0_full_channel_r64_s42,/panfs/accrepfs.vampire/data/neurogroup/mingyangjiang/EEGxPlore/CBraMod/results/isruc/isruc_cbramod_alpha0_full_channel_r64_s42,native_full_finetune,channel,42,False,2,True,completed,8,0.7383797413436683,0.7748192271268148,0.7390676210852247,0.7723147448859785,0.7959636053516616,26501066,0.0022666379809379578,29805,0.03573285788297653,SUPPORTING,SUPPORTING_CANDIDATE,UNREVIEWED,UNREVIEWED,completed legacy or non-strict artifact; manual audit required,,3,"42,1024,3407",false,unknown,unknown,no,no,no,yes,,,,/panfs/accrepfs.vampire/data/neurogroup/mingyangjiang/EEGxPlore/CBraMod/results/isruc/isruc_cbramod_alpha0_full_channel_r64_s42,,,,UNREVIEWED,summary.json + test_metrics.json
CBraMod,isruc,isruc_cbramod_alpha0_full_patch_r64_s42,/panfs/accrepfs.vampire/data/neurogroup/mingyangjiang/EEGxPlore/CBraMod/results/isruc/isruc_cbramod_alpha0_full_patch_r64_s42,native_full_finetune,patch,42,False,2,True,completed,16,0.7425676690553982,0.784493534981092,0.7470258025699321,0.7826391028326343,0.8044602629703546,26501066,2.0133172711211955e-06,29805,0.0381612554192543,SUPPORTING,SUPPORTING_CANDIDATE,UNREVIEWED,UNREVIEWED,completed legacy or non-strict artifact; manual audit required,,3,"42,1024,3407",false,unknown,unknown,no,no,no,yes,,,,/panfs/accrepfs.vampire/data/neurogroup/mingyangjiang/EEGxPlore/CBraMod/results/isruc/isruc_cbramod_alpha0_full_patch_r64_s42,,,,UNREVIEWED,summary.json + test_metrics.json
CBraMod,isruc,isruc_cbramod_alpha0_frozen_channel_r32_s42,/panfs/accrepfs.vampire/data/neurogroup/mingyangjiang/EEGxPlore/CBraMod/results/isruc/isruc_cbramod_alpha0_frozen_channel_r32_s42,interaction_aligned,channel,42,False,2,True,completed,12,0.7287933169888484,0.7554333580676456,0.7054018309899406,0.7454156921177738,0.7696545077528082,21598418,0.045046549290418625,10957,0.0,SUPPORTING,SUPPORTING_CANDIDATE,UNREVIEWED,UNREVIEWED,completed legacy or non-strict artifact; manual audit required,,3,"42,1024,3407",false,control_only,yes,no,no,no,yes,,,,/panfs/accrepfs.vampire/data/neurogroup/mingyangjiang/EEGxPlore/CBraMod/results/isruc/isruc_cbramod_alpha0_frozen_channel_r32_s42,,,,UNREVIEWED,summary.json + test_metrics.json
CBraMod,isruc,isruc_cbramod_dense_s1024_lr2e-4_b8_e20,/panfs/accrepfs.vampire/data/neurogroup/mingyangjiang/EEGxPlore/CBraMod/results/isruc/isruc_cbramod_dense_s1024_lr2e-4_b8_e20,full_finetune,none,1024,True,102,True,completed,4,0.7343384423136812,0.793113887986853,0.754006144489807,0.7893432253370829,0.8103796060896085,26471261,,0,0.03563309460878372,SUPPORTING,SUPPORTING_CANDIDATE,UNREVIEWED,UNREVIEWED,strict artifact but canonical group mixes resolved configurations,,3,"42,1024,3407",false,unknown,unknown,no,no,no,yes,,,,/panfs/accrepfs.vampire/data/neurogroup/mingyangjiang/EEGxPlore/CBraMod/results/isruc/isruc_cbramod_dense_s1024_lr2e-4_b8_e20,,,,UNREVIEWED,summary.json + test_metrics.json
CBraMod,isruc,isruc_cbramod_dense_s3407_lr2e-4_b8_e20,/panfs/accrepfs.vampire/data/neurogroup/mingyangjiang/EEGxPlore/CBraMod/results/isruc/isruc_cbramod_dense_s3407_lr2e-4_b8_e20,full_finetune,none,3407,True,102,True,completed,4,0.7397617004394166,0.775524558870085,0.7335915851686902,0.7730517303229248,0.7966772075623807,26471261,,0,0.037474144250154495,SUPPORTING,SUPPORTING_CANDIDATE,UNREVIEWED,UNREVIEWED,strict artifact but canonical group mixes resolved configurations,,3,"42,1024,3407",false,unknown,unknown,no,no,no,yes,,,,/panfs/accrepfs.vampire/data/neurogroup/mingyangjiang/EEGxPlore/CBraMod/results/isruc/isruc_cbramod_dense_s3407_lr2e-4_b8_e20,,,,UNREVIEWED,summary.json + test_metrics.json
CBraMod,isruc,isruc_cbramod_frozen_probe_s1024_lr2e-4_b8_e20,/panfs/accrepfs.vampire/data/neurogroup/mingyangjiang/EEGxPlore/CBraMod/results/isruc/isruc_cbramod_frozen_probe_s1024_lr2e-4_b8_e20,frozen_probe,none,1024,True,102,True,completed,20,0.708655217165719,0.7543855637013218,0.7069015499765529,0.7509045801707795,0.7720601779743427,21587461,,0,0.0,PRIMARY,PRIMARY_CANDIDATE,UNREVIEWED,UNREVIEWED,strict canonical three-seed group,,3,"42,1024,3407",true,unknown,unknown,PROVISIONAL,no,no,yes,,,,/panfs/accrepfs.vampire/data/neurogroup/mingyangjiang/EEGxPlore/CBraMod/results/isruc/isruc_cbramod_frozen_probe_s1024_lr2e-4_b8_e20,,,,UNREVIEWED,summary.json + test_metrics.json
CBraMod,isruc,isruc_cbramod_frozen_probe_s3407_lr2e-4_b8_e20,/panfs/accrepfs.vampire/data/neurogroup/mingyangjiang/EEGxPlore/CBraMod/results/isruc/isruc_cbramod_frozen_probe_s3407_lr2e-4_b8_e20,frozen_probe,none,3407,True,102,True,completed,10,0.734245586714593,0.7599638783089742,0.7225676263771739,0.7574594748575196,0.7853328223561034,21587461,,0,0.0,PRIMARY,PRIMARY_CANDIDATE,UNREVIEWED,UNREVIEWED,strict canonical three-seed group,,3,"42,1024,3407",true,unknown,unknown,PROVISIONAL,no,no,yes,,,,/panfs/accrepfs.vampire/data/neurogroup/mingyangjiang/EEGxPlore/CBraMod/results/isruc/isruc_cbramod_frozen_probe_s3407_lr2e-4_b8_e20,,,,UNREVIEWED,summary.json + test_metrics.json
CBraMod,isruc,isruc_cbramod_alpha0_frozen_channel_r32_s3407,/panfs/accrepfs.vampire/data/neurogroup/mingyangjiang/EEGxPlore/CBraMod/results/isruc/isruc_cbramod_alpha0_frozen_channel_r32_s3407,interaction_aligned,channel,3407,True,2,True,completed,16,0.7152184908679668,0.7507157513471675,0.7104063642919359,0.746691753647598,0.7727219306643444,21598418,0.05739283561706543,10957,0.0,SUPPORTING,SUPPORTING_CANDIDATE,UNREVIEWED,UNREVIEWED,strict artifact but canonical group mixes resolved configurations,,3,"42,1024,3407",false,control_only,yes,no,no,no,yes,,,,/panfs/accrepfs.vampire/data/neurogroup/mingyangjiang/EEGxPlore/CBraMod/results/isruc/isruc_cbramod_alpha0_frozen_channel_r32_s3407,,,,UNREVIEWED,summary.json + test_metrics.json
CBraMod,isruc,isruc_cbramod_alpha0_frozen_channel_r32_s1024,/panfs/accrepfs.vampire/data/neurogroup/mingyangjiang/EEGxPlore/CBraMod/results/isruc/isruc_cbramod_alpha0_frozen_channel_r32_s1024,interaction_aligned,channel,1024,True,2,True,completed,10,0.7183106014608274,0.7501866977937308,0.698797224924274,0.7413308935511482,0.7635002213767207,21598418,0.02913769520819187,10957,0.0,SUPPORTING,SUPPORTING_CANDIDATE,UNREVIEWED,UNREVIEWED,strict artifact but canonical group mixes resolved configurations,,3,"42,1024,3407",false,control_only,yes,no,no,no,yes,,,,/panfs/accrepfs.vampire/data/neurogroup/mingyangjiang/EEGxPlore/CBraMod/results/isruc/isruc_cbramod_alpha0_frozen_channel_r32_s1024,,,,UNREVIEWED,summary.json + test_metrics.json
CBraMod,isruc,isruc_cbramod_alpha0_frozen_patch_r32_s3407,/panfs/accrepfs.vampire/data/neurogroup/mingyangjiang/EEGxPlore/CBraMod/results/isruc/isruc_cbramod_alpha0_frozen_patch_r32_s3407,interaction_aligned,patch,3407,True,2,True,completed,16,0.7239872946962121,0.751728362361652,0.7081978366685706,0.7501864111008701,0.7719204480684727,21598418,0.0163811594247818,10957,0.0,SUPPORTING,SUPPORTING_CANDIDATE,UNREVIEWED,UNREVIEWED,strict artifact but canonical group mixes resolved configurations,,3,"42,1024,3407",false,control_only,yes,no,no,no,yes,,,,/panfs/accrepfs.vampire/data/neurogroup/mingyangjiang/EEGxPlore/CBraMod/results/isruc/isruc_cbramod_alpha0_frozen_patch_r32_s3407,,,,UNREVIEWED,summary.json + test_metrics.json
CBraMod,isruc,isruc_cbramod_alpha0_frozen_patch_r32_s1024,/panfs/accrepfs.vampire/data/neurogroup/mingyangjiang/EEGxPlore/CBraMod/results/isruc/isruc_cbramod_alpha0_frozen_patch_r32_s1024,interaction_aligned,patch,1024,True,2,True,completed,13,0.7272524707799201,0.7506977400259212,0.7084492340465698,0.7501811391137457,0.7740439924086199,21598418,0.036782775074243546,10957,0.0,SUPPORTING,SUPPORTING_CANDIDATE,UNREVIEWED,UNREVIEWED,strict artifact but canonical group mixes resolved configurations,,3,"42,1024,3407",false,control_only,yes,no,no,no,yes,,,,/panfs/accrepfs.vampire/data/neurogroup/mingyangjiang/EEGxPlore/CBraMod/results/isruc/isruc_cbramod_alpha0_frozen_patch_r32_s1024,,,,UNREVIEWED,summary.json + test_metrics.json
CBraMod,isruc,isruc_cbramod_alpha0_frozen_channel_patch_r32_s3407,/panfs/accrepfs.vampire/data/neurogroup/mingyangjiang/EEGxPlore/CBraMod/results/isruc/isruc_cbramod_alpha0_frozen_channel_patch_r32_s3407,interaction_aligned,channel_patch,3407,False,2,True,completed,16,0.7255887613188947,0.7582700564676808,0.7177018636118719,0.7560127141520887,0.779714160419938,21609375,0.05443057417869568,21914,0.0,SUPPORTING,SUPPORTING_CANDIDATE,UNREVIEWED,UNREVIEWED,completed legacy or non-strict artifact; manual audit required,,3,"42,1024,3407",true,control_only,yes,no,no,no,yes,,,,/panfs/accrepfs.vampire/data/neurogroup/mingyangjiang/EEGxPlore/CBraMod/results/isruc/isruc_cbramod_alpha0_frozen_channel_patch_r32_s3407,,,,UNREVIEWED,summary.json + test_metrics.json
CBraMod,isruc,isruc_cbramod_alpha0_frozen_channel_patch_r32_s1024,/panfs/accrepfs.vampire/data/neurogroup/mingyangjiang/EEGxPlore/CBraMod/results/isruc/isruc_cbramod_alpha0_frozen_channel_patch_r32_s1024,interaction_aligned,channel_patch,1024,False,2,True,completed,10,0.7161103551841617,0.7467958307219527,0.7140817188339508,0.7421781037924606,0.7727081374220769,21609375,0.04047507047653198,21914,0.0,SUPPORTING,SUPPORTING_CANDIDATE,UNREVIEWED,UNREVIEWED,completed legacy or non-strict artifact; manual audit required,,3,"42,1024,3407",true,control_only,yes,no,no,no,yes,,,,/panfs/accrepfs.vampire/data/neurogroup/mingyangjiang/EEGxPlore/CBraMod/results/isruc/isruc_cbramod_alpha0_frozen_channel_patch_r32_s1024,,,,UNREVIEWED,summary.json + test_metrics.json
CBraMod,isruc,isruc_cbramod_alpha0_frozen_generic_r64_s1024,/panfs/accrepfs.vampire/data/neurogroup/mingyangjiang/EEGxPlore/CBraMod/results/isruc/isruc_cbramod_alpha0_frozen_generic_r64_s1024,generic_bottleneck,none,1024,True,2,True,completed,19,0.7087106843787128,0.7438227429921227,0.7000894256682084,0.7448189227043173,0.7683882913514379,21613726,,26265,0.0,SUPPORTING,SUPPORTING_CANDIDATE,UNREVIEWED,UNREVIEWED,strict artifact but canonical group mixes resolved configurations,,3,"42,1024,3407",false,unknown,unknown,no,no,no,yes,,,,/panfs/accrepfs.vampire/data/neurogroup/mingyangjiang/EEGxPlore/CBraMod/results/isruc/isruc_cbramod_alpha0_frozen_generic_r64_s1024,,,,UNREVIEWED,summary.json + test_metrics.json
CBraMod,isruc,isruc_cbramod_alpha0_frozen_generic_r64_s3407,/panfs/accrepfs.vampire/data/neurogroup/mingyangjiang/EEGxPlore/CBraMod/results/isruc/isruc_cbramod_alpha0_frozen_generic_r64_s3407,generic_bottleneck,none,3407,True,2,True,completed,16,0.7168704962571311,0.7398393134590322,0.6974637430867696,0.737684351925253,0.7631038849593457,21613726,,26265,0.0,SUPPORTING,SUPPORTING_CANDIDATE,UNREVIEWED,UNREVIEWED,strict artifact but canonical group mixes resolved configurations,,3,"42,1024,3407",false,unknown,unknown,no,no,no,yes,,,,/panfs/accrepfs.vampire/data/neurogroup/mingyangjiang/EEGxPlore/CBraMod/results/isruc/isruc_cbramod_alpha0_frozen_generic_r64_s3407,,,,UNREVIEWED,summary.json + test_metrics.json
CBraMod,isruc,isruc_cbramod_alpha0_axisblind_s1024,/panfs/accrepfs.vampire/data/neurogroup/mingyangjiang/EEGxPlore/CBraMod/results/isruc/isruc_cbramod_alpha0_axisblind_s1024,axis_blind,generic_token_control,1024,True,103,True,completed,13,0.716453311000237,0.7602972545775273,0.7193175444221973,0.7600400933507746,0.7830423822479932,21647410,,59949,0.0,PRIMARY,PRIMARY_CANDIDATE,UNREVIEWED,UNREVIEWED,strict canonical three-seed group,,3,"42,1024,3407",true,primary_pair_unverified,unknown,no,PROVISIONAL,no,yes,,,,/panfs/accrepfs.vampire/data/neurogroup/mingyangjiang/EEGxPlore/CBraMod/results/isruc/isruc_cbramod_alpha0_axisblind_s1024,,,,UNREVIEWED,summary.json + test_metrics.json
CBraMod,isruc,isruc_cbramod_alpha0_axisblind_s3407,/panfs/accrepfs.vampire/data/neurogroup/mingyangjiang/EEGxPlore/CBraMod/results/isruc/isruc_cbramod_alpha0_axisblind_s3407,axis_blind,generic_token_control,3407,True,103,True,completed,20,0.7194421386972443,0.744904249206741,0.6983302246477419,0.7430382233768631,0.7667343927634974,21647410,,59949,0.0,PRIMARY,PRIMARY_CANDIDATE,UNREVIEWED,UNREVIEWED,strict canonical three-seed group,,3,"42,1024,3407",true,primary_pair_unverified,unknown,no,PROVISIONAL,no,yes,,,,/panfs/accrepfs.vampire/data/neurogroup/mingyangjiang/EEGxPlore/CBraMod/results/isruc/isruc_cbramod_alpha0_axisblind_s3407,,,,UNREVIEWED,summary.json + test_metrics.json
CBraMod,isruc,isruc_cbramod_lora_qkv_r8_s1024_lr2e-4_b8_e20,/panfs/accrepfs.vampire/data/neurogroup/mingyangjiang/EEGxPlore/CBraMod/results/isruc/isruc_cbramod_lora_qkv_r8_s1024_lr2e-4_b8_e20,lora,none,1024,True,102,True,completed,10,0.722363758830908,0.7521066099568637,0.7171117679540066,0.7486022387534367,0.7779990264540873,21664261,,0,0.0,SUPPORTING,SUPPORTING_CANDIDATE,UNREVIEWED,UNREVIEWED,strict artifact but canonical group mixes resolved configurations,,3,"42,1024,3407",false,unknown,unknown,no,no,no,yes,,,,/panfs/accrepfs.vampire/data/neurogroup/mingyangjiang/EEGxPlore/CBraMod/results/isruc/isruc_cbramod_lora_qkv_r8_s1024_lr2e-4_b8_e20,,,,UNREVIEWED,summary.json + test_metrics.json
CBraMod,isruc,isruc_cbramod_lora_qkv_r8_s3407_lr2e-4_b8_e20,/panfs/accrepfs.vampire/data/neurogroup/mingyangjiang/EEGxPlore/CBraMod/results/isruc/isruc_cbramod_lora_qkv_r8_s3407_lr2e-4_b8_e20,lora,none,3407,True,102,True,completed,19,0.7297367795528849,0.7554935179435303,0.711312713982995,0.7524173765741068,0.776195704146789,21664261,,0,0.0,SUPPORTING,SUPPORTING_CANDIDATE,UNREVIEWED,UNREVIEWED,strict artifact but canonical group mixes resolved configurations,,3,"42,1024,3407",false,unknown,unknown,no,no,no,yes,,,,/panfs/accrepfs.vampire/data/neurogroup/mingyangjiang/EEGxPlore/CBraMod/results/isruc/isruc_cbramod_lora_qkv_r8_s3407_lr2e-4_b8_e20,,,,UNREVIEWED,summary.json + test_metrics.json
CBraMod,isruc,isruc_cbramod_upper2_s1024_lr2e-4_b8_e20,/panfs/accrepfs.vampire/data/neurogroup/mingyangjiang/EEGxPlore/CBraMod/results/isruc/isruc_cbramod_upper2_s1024_lr2e-4_b8_e20,upper_k_finetune,none,1024,True,102,True,completed,9,0.7235808639082402,0.7791125899125213,0.7315814124027624,0.7694528410103383,0.7890267635356137,22392661,,0,0.0,SUPPORTING,SUPPORTING_CANDIDATE,UNREVIEWED,UNREVIEWED,strict artifact but canonical group mixes resolved configurations,,3,"42,1024,3407",false,unknown,unknown,no,no,no,yes,,,,/panfs/accrepfs.vampire/data/neurogroup/mingyangjiang/EEGxPlore/CBraMod/results/isruc/isruc_cbramod_upper2_s1024_lr2e-4_b8_e20,,,,UNREVIEWED,summary.json + test_metrics.json
CBraMod,isruc,isruc_cbramod_upper2_s3407_lr2e-4_b8_e20,/panfs/accrepfs.vampire/data/neurogroup/mingyangjiang/EEGxPlore/CBraMod/results/isruc/isruc_cbramod_upper2_s3407_lr2e-4_b8_e20,upper_k_finetune,none,3407,True,102,True,completed,6,0.7284756473249867,0.7770745360613545,0.7404410496499066,0.7749668864201185,0.8003940544110134,22392661,,0,0.0,SUPPORTING,SUPPORTING_CANDIDATE,UNREVIEWED,UNREVIEWED,strict artifact but canonical group mixes resolved configurations,,3,"42,1024,3407",false,unknown,unknown,no,no,no,yes,,,,/panfs/accrepfs.vampire/data/neurogroup/mingyangjiang/EEGxPlore/CBraMod/results/isruc/isruc_cbramod_upper2_s3407_lr2e-4_b8_e20,,,,UNREVIEWED,summary.json + test_metrics.json
CBraMod,isruc,isruc_cbramod_alpha0_full_channel_r64_s3407,/panfs/accrepfs.vampire/data/neurogroup/mingyangjiang/EEGxPlore/CBraMod/results/isruc/isruc_cbramod_alpha0_full_channel_r64_s3407,native_full_finetune,channel,3407,True,2,True,completed,14,0.7388093044280649,0.7836943972410813,0.7431680193632344,0.7826411568336149,0.801904228710281,26501066,0.006706295534968376,29805,0.03692011907696724,SUPPORTING,SUPPORTING_CANDIDATE,UNREVIEWED,UNREVIEWED,strict artifact but canonical group mixes resolved configurations,,3,"42,1024,3407",false,unknown,unknown,no,no,no,yes,,,,/panfs/accrepfs.vampire/data/neurogroup/mingyangjiang/EEGxPlore/CBraMod/results/isruc/isruc_cbramod_alpha0_full_channel_r64_s3407,,,,UNREVIEWED,summary.json + test_metrics.json
CBraMod,isruc,isruc_cbramod_alpha0_full_channel_r64_s1024,/panfs/accrepfs.vampire/data/neurogroup/mingyangjiang/EEGxPlore/CBraMod/results/isruc/isruc_cbramod_alpha0_full_channel_r64_s1024,native_full_finetune,channel,1024,True,2,True,completed,5,0.7388958614982113,0.7848987408880281,0.7441508988898596,0.7814008024305533,0.8036078531323811,26501066,0.010568525642156601,29805,0.03989492356777191,SUPPORTING,SUPPORTING_CANDIDATE,UNREVIEWED,UNREVIEWED,strict artifact but canonical group mixes resolved configurations,,3,"42,1024,3407",false,unknown,unknown,no,no,no,yes,,,,/panfs/accrepfs.vampire/data/neurogroup/mingyangjiang/EEGxPlore/CBraMod/results/isruc/isruc_cbramod_alpha0_full_channel_r64_s1024,,,,UNREVIEWED,summary.json + test_metrics.json
CBraMod,isruc,isruc_cbramod_alpha0_full_patch_r64_s3407,/panfs/accrepfs.vampire/data/neurogroup/mingyangjiang/EEGxPlore/CBraMod/results/isruc/isruc_cbramod_alpha0_full_patch_r64_s3407,native_full_finetune,patch,3407,True,2,True,completed,5,0.7384913757947715,0.7652346217884973,0.7363608968627474,0.7614740327775282,0.7874351585776054,26501066,6.871122195661883e-07,29805,0.03629467636346817,SUPPORTING,SUPPORTING_CANDIDATE,UNREVIEWED,UNREVIEWED,strict artifact but canonical group mixes resolved configurations,,3,"42,1024,3407",false,unknown,unknown,no,no,no,yes,,,,/panfs/accrepfs.vampire/data/neurogroup/mingyangjiang/EEGxPlore/CBraMod/results/isruc/isruc_cbramod_alpha0_full_patch_r64_s3407,,,,UNREVIEWED,summary.json + test_metrics.json
CBraMod,isruc,isruc_cbramod_alpha0_full_patch_r64_s1024,/panfs/accrepfs.vampire/data/neurogroup/mingyangjiang/EEGxPlore/CBraMod/results/isruc/isruc_cbramod_alpha0_full_patch_r64_s1024,native_full_finetune,patch,1024,True,2,True,completed,6,0.7382421707490006,0.7712175979814243,0.7424566456967385,0.7714787356885952,0.7996100065386215,26501066,3.0279277325462317e-06,29805,0.03563706949353218,SUPPORTING,SUPPORTING_CANDIDATE,UNREVIEWED,UNREVIEWED,strict artifact but canonical group mixes resolved configurations,,3,"42,1024,3407",false,unknown,unknown,no,no,no,yes,,,,/panfs/accrepfs.vampire/data/neurogroup/mingyangjiang/EEGxPlore/CBraMod/results/isruc/isruc_cbramod_alpha0_full_patch_r64_s1024,,,,UNREVIEWED,summary.json + test_metrics.json
CBraMod,isruc,isruc_cbramod_alpha0_full_channel_patch_r64_s1024,/panfs/accrepfs.vampire/data/neurogroup/mingyangjiang/EEGxPlore/CBraMod/results/isruc/isruc_cbramod_alpha0_full_channel_patch_r64_s1024,native_full_finetune,channel_patch,1024,True,2,True,completed,5,0.7297839771827105,0.7947230412866584,0.7550503990549803,0.790833627366357,0.8112346022174244,26530871,0.010198138654232025,59610,0.03985460475087166,SUPPORTING,SUPPORTING_CANDIDATE,UNREVIEWED,UNREVIEWED,strict artifact but canonical group mixes resolved configurations,,3,"42,1024,3407",false,unknown,unknown,no,no,no,yes,,,,/panfs/accrepfs.vampire/data/neurogroup/mingyangjiang/EEGxPlore/CBraMod/results/isruc/isruc_cbramod_alpha0_full_channel_patch_r64_s1024,,,,UNREVIEWED,summary.json + test_metrics.json
CBraMod,isruc,isruc_cbramod_alpha0_full_channel_patch_r64_s3407,/panfs/accrepfs.vampire/data/neurogroup/mingyangjiang/EEGxPlore/CBraMod/results/isruc/isruc_cbramod_alpha0_full_channel_patch_r64_s3407,native_full_finetune,channel_patch,3407,True,2,True,completed,9,0.7334372900918283,0.7711765546243626,0.7305665813162617,0.7609549835901797,0.7864743233394832,26530871,0.0033445016015321016,59610,0.04153861850500107,SUPPORTING,SUPPORTING_CANDIDATE,UNREVIEWED,UNREVIEWED,strict artifact but canonical group mixes resolved configurations,,3,"42,1024,3407",false,unknown,unknown,no,no,no,yes,,,,/panfs/accrepfs.vampire/data/neurogroup/mingyangjiang/EEGxPlore/CBraMod/results/isruc/isruc_cbramod_alpha0_full_channel_patch_r64_s3407,,,,UNREVIEWED,summary.json + test_metrics.json
CBraMod,isruc,isruc_cbramod_frozen_channel_patch_s1024_r64_lr2e-4_b8_e20,/panfs/accrepfs.vampire/data/neurogroup/mingyangjiang/EEGxPlore/CBraMod/results/isruc/isruc_cbramod_frozen_channel_patch_s1024_r64_lr2e-4_b8_e20,interaction_aligned,channel_patch,1024,True,102,True,completed,15,0.7176004540063962,0.7445908053030473,0.6956630063753526,0.7407857501808257,0.7630493384746424,21647071,0.18899254500865936,59610,0.0,PRIMARY,PRIMARY_CANDIDATE,UNREVIEWED,UNREVIEWED,strict canonical three-seed group,,3,"42,1024,3407",true,primary_pair_unverified,yes,PROVISIONAL,PROVISIONAL,no,yes,,,,/panfs/accrepfs.vampire/data/neurogroup/mingyangjiang/EEGxPlore/CBraMod/results/isruc/isruc_cbramod_frozen_channel_patch_s1024_r64_lr2e-4_b8_e20,,,,UNREVIEWED,summary.json + test_metrics.json
CBraMod,isruc,isruc_cbramod_frozen_channel_patch_s3407_r64_lr2e-4_b8_e20,/panfs/accrepfs.vampire/data/neurogroup/mingyangjiang/EEGxPlore/CBraMod/results/isruc/isruc_cbramod_frozen_channel_patch_s3407_r64_lr2e-4_b8_e20,interaction_aligned,channel_patch,3407,True,102,True,completed,16,0.7328831259422321,0.7569716381819159,0.7134682345216284,0.757476801168339,0.7783365086715562,21647071,0.217065691947937,59610,0.0,PRIMARY,PRIMARY_CANDIDATE,UNREVIEWED,UNREVIEWED,strict canonical three-seed group,,3,"42,1024,3407",true,primary_pair_unverified,yes,PROVISIONAL,PROVISIONAL,no,yes,,,,/panfs/accrepfs.vampire/data/neurogroup/mingyangjiang/EEGxPlore/CBraMod/results/isruc/isruc_cbramod_frozen_channel_patch_s3407_r64_lr2e-4_b8_e20,,,,UNREVIEWED,summary.json + test_metrics.json
CBraMod,physionet_mi,physionet_mi_cbramod_smoke_s42,/panfs/accrepfs.vampire/data/neurogroup/mingyangjiang/EEGxPlore/CBraMod/results/physionet_mi/physionet_mi_cbramod_smoke_s42,full_finetune,none,42,False,-1000,True,completed,1,0.0,0.5,0.0,0.16666666666666666,0.3333333333333333,46005604,,0,0.952232837677002,PILOT,PILOT_CANDIDATE,UNREVIEWED,UNREVIEWED,completed exploratory artifact outside locked packet,,3,"42,1024,3407",false,unknown,unknown,no,no,no,yes,,,,/panfs/accrepfs.vampire/data/neurogroup/mingyangjiang/EEGxPlore/CBraMod/results/physionet_mi/physionet_mi_cbramod_smoke_s42,,,,UNREVIEWED,summary.json + test_metrics.json
CBraMod,physionet_mi,physionet_mi_cbramod_smoke_channel_patch_s42,/panfs/accrepfs.vampire/data/neurogroup/mingyangjiang/EEGxPlore/CBraMod/results/physionet_mi/physionet_mi_cbramod_smoke_channel_patch_s42,interaction_aligned,channel_patch,42,False,-1000,True,completed,1,0.0,0.5,0.0,0.16666666666666666,0.3333333333333333,41181414,2.529244011384435e-05,59610,0.0,PILOT,PILOT_CANDIDATE,UNREVIEWED,UNREVIEWED,completed exploratory artifact outside locked packet,,3,"42,1024,3407",false,control_only,yes,no,no,no,yes,,,,/panfs/accrepfs.vampire/data/neurogroup/mingyangjiang/EEGxPlore/CBraMod/results/physionet_mi/physionet_mi_cbramod_smoke_channel_patch_s42,,,,UNREVIEWED,summary.json + test_metrics.json
CBraMod,physionet_mi,physionet_mi_cbramod_dense_s42_lr3e-4_b64_e40,/panfs/accrepfs.vampire/data/neurogroup/mingyangjiang/EEGxPlore/CBraMod/results/physionet_mi/physionet_mi_cbramod_dense_s42_lr3e-4_b64_e40,full_finetune,none,42,False,2,True,completed,22,0.43404876348499133,0.6289884716806403,0.5052759458948437,0.6297597525617114,0.6297377220150987,46005604,,0,0.00733233243227005,SUPPORTING,SUPPORTING_CANDIDATE,UNREVIEWED,UNREVIEWED,completed legacy or non-strict artifact; manual audit required,,3,"42,1024,3407",false,unknown,unknown,no,no,no,yes,,,,/panfs/accrepfs.vampire/data/neurogroup/mingyangjiang/EEGxPlore/CBraMod/results/physionet_mi/physionet_mi_cbramod_dense_s42_lr3e-4_b64_e40,,,,UNREVIEWED,summary.json + test_metrics.json
CBraMod,physionet_mi,physionet_mi_cbramod_dense_s42_lr2e-4_b64_e40,/panfs/accrepfs.vampire/data/neurogroup/mingyangjiang/EEGxPlore/CBraMod/results/physionet_mi/physionet_mi_cbramod_dense_s42_lr2e-4_b64_e40,full_finetune,none,42,True,102,True,completed,17,0.44018849123199133,0.6179117159568019,0.4904981094652241,0.6190032384490151,0.6189859530748257,46005604,,0,0.007485347334295511,SUPPORTING,SUPPORTING_CANDIDATE,UNREVIEWED,UNREVIEWED,strict artifact but canonical group mixes resolved configurations,,3,"42,1024,3407",false,unknown,unknown,no,no,no,yes,,,,/panfs/accrepfs.vampire/data/neurogroup/mingyangjiang/EEGxPlore/CBraMod/results/physionet_mi/physionet_mi_cbramod_dense_s42_lr2e-4_b64_e40,,,,UNREVIEWED,summary.json + test_metrics.json
CBraMod,physionet_mi,physionet_mi_cbramod_dense_s42_lr5e-4_b64_e40,/panfs/accrepfs.vampire/data/neurogroup/mingyangjiang/EEGxPlore/CBraMod/results/physionet_mi/physionet_mi_cbramod_dense_s42_lr5e-4_b64_e40,full_finetune,none,42,False,2,True,completed,12,0.4286698755045406,0.6317195757661442,0.5089547047474045,0.6324475051337438,0.6324323898357161,46005604,,0,0.00824012327939272,SUPPORTING,SUPPORTING_CANDIDATE,UNREVIEWED,UNREVIEWED,completed legacy or non-strict artifact; manual audit required,,3,"42,1024,3407",false,unknown,unknown,no,no,no,yes,,,,/panfs/accrepfs.vampire/data/neurogroup/mingyangjiang/EEGxPlore/CBraMod/results/physionet_mi/physionet_mi_cbramod_dense_s42_lr5e-4_b64_e40,,,,UNREVIEWED,summary.json + test_metrics.json
CBraMod,physionet_mi,physionet_mi_cbramod_frozen_probe_s42_lr2e-4_b64_e40,/panfs/accrepfs.vampire/data/neurogroup/mingyangjiang/EEGxPlore/CBraMod/results/physionet_mi/physionet_mi_cbramod_frozen_probe_s42_lr2e-4_b64_e40,frozen_probe,none,42,True,102,True,completed,7,0.35022627644973237,0.5404099732452281,0.38705358314524163,0.542561038807855,0.5424948095549804,41121804,,0,0.0,PRIMARY,PRIMARY_CANDIDATE,UNREVIEWED,UNREVIEWED,strict canonical three-seed group,,3,"42,1024,3407",true,unknown,unknown,PROVISIONAL,no,no,yes,,,,/panfs/accrepfs.vampire/data/neurogroup/mingyangjiang/EEGxPlore/CBraMod/results/physionet_mi/physionet_mi_cbramod_frozen_probe_s42_lr2e-4_b64_e40,,,,UNREVIEWED,summary.json + test_metrics.json
CBraMod,physionet_mi,physionet_mi_cbramod_lora_qkv_r8_s42_lr2e-4_b64_e40,/panfs/accrepfs.vampire/data/neurogroup/mingyangjiang/EEGxPlore/CBraMod/results/physionet_mi/physionet_mi_cbramod_lora_qkv_r8_s42_lr2e-4_b64_e40,lora,none,42,True,102,True,completed,7,0.3663972584394426,0.5530676793538323,0.40402194084174914,0.5556002063418632,0.5555925729578591,41198604,,0,0.0,PRIMARY,PRIMARY_CANDIDATE,UNREVIEWED,UNREVIEWED,strict canonical three-seed group,,3,"42,1024,3407",true,unknown,unknown,no,no,no,yes,,,,/panfs/accrepfs.vampire/data/neurogroup/mingyangjiang/EEGxPlore/CBraMod/results/physionet_mi/physionet_mi_cbramod_lora_qkv_r8_s42_lr2e-4_b64_e40,,,,UNREVIEWED,summary.json + test_metrics.json
CBraMod,physionet_mi,physionet_mi_cbramod_frozen_channel_r64_s42_lr2e-4_b64_e40,/panfs/accrepfs.vampire/data/neurogroup/mingyangjiang/EEGxPlore/CBraMod/results/physionet_mi/physionet_mi_cbramod_frozen_channel_r64_s42_lr2e-4_b64_e40,interaction_aligned,channel,42,True,102,True,completed,7,0.35330126803672934,0.5392313995057074,0.38554458482747767,0.541705919662576,0.5416744180025194,41151609,0.30187463760375977,29805,0.0,PRIMARY,PRIMARY_CANDIDATE,UNREVIEWED,UNREVIEWED,strict canonical three-seed group,,3,"42,1024,3407",true,primary_pair_structurally_invalid,yes,PROVISIONAL,no,no,yes,,,,/panfs/accrepfs.vampire/data/neurogroup/mingyangjiang/EEGxPlore/CBraMod/results/physionet_mi/physionet_mi_cbramod_frozen_channel_r64_s42_lr2e-4_b64_e40,,,,UNREVIEWED,summary.json + test_metrics.json
CBraMod,physionet_mi,physionet_mi_cbramod_upper2_s42_lr2e-4_b64_e40,/panfs/accrepfs.vampire/data/neurogroup/mingyangjiang/EEGxPlore/CBraMod/results/physionet_mi/physionet_mi_cbramod_upper2_s42_lr2e-4_b64_e40,upper_k_finetune,none,42,True,102,True,completed,22,0.3879111629858192,0.5956809083125915,0.4608932509680761,0.5982934210075351,0.598278840454946,41927004,,0,0.0,PRIMARY,PRIMARY_CANDIDATE,UNREVIEWED,UNREVIEWED,strict canonical three-seed group,,3,"42,1024,3407",true,unknown,unknown,no,no,no,yes,,,,/panfs/accrepfs.vampire/data/neurogroup/mingyangjiang/EEGxPlore/CBraMod/results/physionet_mi/physionet_mi_cbramod_upper2_s42_lr2e-4_b64_e40,,,,UNREVIEWED,summary.json + test_metrics.json
CBraMod,physionet_mi,physionet_mi_cbramod_full_channel_r64_s42_lr2e-4_b64_e40,/panfs/accrepfs.vampire/data/neurogroup/mingyangjiang/EEGxPlore/CBraMod/results/physionet_mi/physionet_mi_cbramod_full_channel_r64_s42_lr2e-4_b64_e40,native_full_finetune,channel,42,True,102,True,completed,26,0.42559993259558015,0.6306809311326789,0.5075146386267806,0.6312290527216571,0.6312160905451548,46035409,6.589476834051311e-05,29805,0.007205212488770485,SUPPORTING,SUPPORTING_CANDIDATE,UNREVIEWED,UNREVIEWED,strict artifact but canonical group mixes resolved configurations,,3,"42,1024,3407",false,unknown,unknown,no,no,no,yes,,,,/panfs/accrepfs.vampire/data/neurogroup/mingyangjiang/EEGxPlore/CBraMod/results/physionet_mi/physionet_mi_cbramod_full_channel_r64_s42_lr2e-4_b64_e40,,,,UNREVIEWED,summary.json + test_metrics.json
CBraMod,physionet_mi,physionet_mi_cbramod_frozen_patch_r64_s42_lr2e-4_b64_e40,/panfs/accrepfs.vampire/data/neurogroup/mingyangjiang/EEGxPlore/CBraMod/results/physionet_mi/physionet_mi_cbramod_frozen_patch_r64_s42_lr2e-4_b64_e40,interaction_aligned,patch,42,True,102,True,completed,2,0.35471271301462814,0.5231767658035582,0.36413487436724334,0.5234802564982007,0.5234426855190963,41151609,0.37652280926704407,29805,0.0,PRIMARY,PRIMARY_CANDIDATE,UNREVIEWED,UNREVIEWED,strict canonical three-seed group,,3,"42,1024,3407",true,primary_pair_structurally_invalid,yes,PROVISIONAL,no,no,yes,,,,/panfs/accrepfs.vampire/data/neurogroup/mingyangjiang/EEGxPlore/CBraMod/results/physionet_mi/physionet_mi_cbramod_frozen_patch_r64_s42_lr2e-4_b64_e40,,,,UNREVIEWED,summary.json + test_metrics.json
CBraMod,physionet_mi,physionet_mi_cbramod_frozen_channel_patch_r64_s42_lr2e-4_b64_e40,/panfs/accrepfs.vampire/data/neurogroup/mingyangjiang/EEGxPlore/CBraMod/results/physionet_mi/physionet_mi_cbramod_frozen_channel_patch_r64_s42_lr2e-4_b64_e40,interaction_aligned,channel_patch,42,True,102,True,completed,19,0.35024903949510966,0.5563284808016258,0.4084043980851071,0.5589373627887834,0.5589193862134213,41181414,0.4670140743255615,59610,0.0,SUPPORTING,SUPPORTING_CANDIDATE,UNREVIEWED,UNREVIEWED,strict artifact but canonical group mixes resolved configurations,,3,"42,1024,3407",false,control_only,yes,no,no,no,yes,,,,/panfs/accrepfs.vampire/data/neurogroup/mingyangjiang/EEGxPlore/CBraMod/results/physionet_mi/physionet_mi_cbramod_frozen_channel_patch_r64_s42_lr2e-4_b64_e40,,,,UNREVIEWED,summary.json + test_metrics.json
CBraMod,physionet_mi,physionet_mi_cbramod_full_patch_r64_s42_lr2e-4_b64_e40,/panfs/accrepfs.vampire/data/neurogroup/mingyangjiang/EEGxPlore/CBraMod/results/physionet_mi/physionet_mi_cbramod_full_patch_r64_s42_lr2e-4_b64_e40,native_full_finetune,patch,42,True,102,True,completed,15,0.43098984778326555,0.6228946337768595,0.4971416759155126,0.6240058329628781,0.6239773064605499,46035409,0.00012297541252337396,29805,0.007156291976571083,SUPPORTING,SUPPORTING_CANDIDATE,UNREVIEWED,UNREVIEWED,strict artifact but canonical group mixes resolved configurations,,3,"42,1024,3407",false,unknown,unknown,no,no,no,yes,,,,/panfs/accrepfs.vampire/data/neurogroup/mingyangjiang/EEGxPlore/CBraMod/results/physionet_mi/physionet_mi_cbramod_full_patch_r64_s42_lr2e-4_b64_e40,,,,UNREVIEWED,summary.json + test_metrics.json
CBraMod,physionet_mi,physionet_mi_cbramod_frozen_generic_r64_s42_lr2e-4_b64_e40,/panfs/accrepfs.vampire/data/neurogroup/mingyangjiang/EEGxPlore/CBraMod/results/physionet_mi/physionet_mi_cbramod_frozen_generic_r64_s42_lr2e-4_b64_e40,generic_bottleneck,none,42,True,102,True,completed,4,0.35718172131078485,0.5425707668081,0.38997207973188663,0.5449031234091855,0.5448459749237149,41148069,,26265,0.0,PRIMARY,PRIMARY_CANDIDATE,UNREVIEWED,UNREVIEWED,strict canonical three-seed group,,3,"42,1024,3407",true,unknown,unknown,no,no,no,yes,,,,/panfs/accrepfs.vampire/data/neurogroup/mingyangjiang/EEGxPlore/CBraMod/results/physionet_mi/physionet_mi_cbramod_frozen_generic_r64_s42_lr2e-4_b64_e40,,,,UNREVIEWED,summary.json + test_metrics.json
CBraMod,physionet_mi,physionet_mi_cbramod_frozen_axisblind_s42_lr2e-4_b64_e40,/panfs/accrepfs.vampire/data/neurogroup/mingyangjiang/EEGxPlore/CBraMod/results/physionet_mi/physionet_mi_cbramod_frozen_axisblind_s42_lr2e-4_b64_e40,axis_blind,generic_token_control,42,True,102,True,completed,3,0.3463918961286835,0.537081780499967,0.3826342627619592,0.5369314232370992,0.5368961444635937,41181753,,59949,0.0,PRIMARY,PRIMARY_CANDIDATE,UNREVIEWED,UNREVIEWED,strict canonical three-seed group,,3,"42,1024,3407",true,primary_pair_structurally_invalid,unknown,no,no,no,yes,,,,/panfs/accrepfs.vampire/data/neurogroup/mingyangjiang/EEGxPlore/CBraMod/results/physionet_mi/physionet_mi_cbramod_frozen_axisblind_s42_lr2e-4_b64_e40,,,,UNREVIEWED,summary.json + test_metrics.json
CBraMod,physionet_mi,physionet_mi_cbramod_full_channel_patch_r64_s42_lr2e-4_b64_e40,/panfs/accrepfs.vampire/data/neurogroup/mingyangjiang/EEGxPlore/CBraMod/results/physionet_mi/physionet_mi_cbramod_full_channel_patch_r64_s42_lr2e-4_b64_e40,native_full_finetune,channel_patch,42,True,102,True,completed,17,0.4302163671323461,0.625170768346639,0.5001197585143382,0.6255580464728573,0.6255072294334038,46065214,0.00012883130693808198,59610,0.006882971618324518,SUPPORTING,SUPPORTING_CANDIDATE,UNREVIEWED,UNREVIEWED,strict artifact but canonical group mixes resolved configurations,,3,"42,1024,3407",false,unknown,unknown,no,no,no,yes,,,,/panfs/accrepfs.vampire/data/neurogroup/mingyangjiang/EEGxPlore/CBraMod/results/physionet_mi/physionet_mi_cbramod_full_channel_patch_r64_s42_lr2e-4_b64_e40,,,,UNREVIEWED,summary.json + test_metrics.json
CBraMod,physionet_mi,physionet_mi_cbramod_repair_frozen_channel_r32_s42_lr2e-4_b64_e40,/panfs/accrepfs.vampire/data/neurogroup/mingyangjiang/EEGxPlore/CBraMod/results/physionet_mi/physionet_mi_cbramod_repair_frozen_channel_r32_s42_lr2e-4_b64_e40,interaction_aligned,channel,42,False,-1000,True,completed,6,0.34948875745312613,0.5386024017865861,0.3847607610760585,0.5418987176442687,0.541884461070941,41132761,0.2767145037651062,10957,0.0,PILOT,PILOT_CANDIDATE,UNREVIEWED,UNREVIEWED,completed exploratory artifact outside locked packet,,3,"42,1024,3407",true,control_only,yes,no,no,no,yes,,,,/panfs/accrepfs.vampire/data/neurogroup/mingyangjiang/EEGxPlore/CBraMod/results/physionet_mi/physionet_mi_cbramod_repair_frozen_channel_r32_s42_lr2e-4_b64_e40,,,,UNREVIEWED,summary.json + test_metrics.json
CBraMod,physionet_mi,physionet_mi_cbramod_repair_full_channel_r64_adaplr2e-4_s42_lr2e-4_b64_e40,/panfs/accrepfs.vampire/data/neurogroup/mingyangjiang/EEGxPlore/CBraMod/results/physionet_mi/physionet_mi_cbramod_repair_full_channel_r64_adaplr2e-4_s42_lr2e-4_b64_e40,native_full_finetune,channel,42,False,-1000,True,completed,14,0.4271383257200404,0.6146176872807239,0.4860709239637526,0.6147080542185764,0.6146754949104243,46035409,0.0017637807177379727,29805,0.006792242638766766,PILOT,PILOT_CANDIDATE,UNREVIEWED,UNREVIEWED,completed exploratory artifact outside locked packet,,3,"42,1024,3407",false,unknown,unknown,no,no,no,yes,,,,/panfs/accrepfs.vampire/data/neurogroup/mingyangjiang/EEGxPlore/CBraMod/results/physionet_mi/physionet_mi_cbramod_repair_full_channel_r64_adaplr2e-4_s42_lr2e-4_b64_e40,,,,UNREVIEWED,summary.json + test_metrics.json
CBraMod,physionet_mi,physionet_mi_cbramod_repair_frozen_patch_r32_s42_lr2e-4_b64_e40,/panfs/accrepfs.vampire/data/neurogroup/mingyangjiang/EEGxPlore/CBraMod/results/physionet_mi/physionet_mi_cbramod_repair_frozen_patch_r32_s42_lr2e-4_b64_e40,interaction_aligned,patch,42,False,-1000,True,completed,4,0.3525836957982158,0.5507877239637601,0.4010116641189815,0.5519821391707729,0.5519647905874021,41132761,0.3585507869720459,10957,0.0,PILOT,PILOT_CANDIDATE,UNREVIEWED,UNREVIEWED,completed exploratory artifact outside locked packet,,3,"42,1024,3407",true,control_only,yes,no,no,no,yes,,,,/panfs/accrepfs.vampire/data/neurogroup/mingyangjiang/EEGxPlore/CBraMod/results/physionet_mi/physionet_mi_cbramod_repair_frozen_patch_r32_s42_lr2e-4_b64_e40,,,,UNREVIEWED,summary.json + test_metrics.json
CBraMod,physionet_mi,physionet_mi_cbramod_repair_full_patch_r64_adaplr2e-4_s42_lr2e-4_b64_e40,/panfs/accrepfs.vampire/data/neurogroup/mingyangjiang/EEGxPlore/CBraMod/results/physionet_mi/physionet_mi_cbramod_repair_full_patch_r64_adaplr2e-4_s42_lr2e-4_b64_e40,native_full_finetune,patch,42,False,-1000,True,completed,18,0.4302244524382197,0.6245796964682001,0.49937207776228365,0.6253609987558139,0.6253339702685085,46035409,0.0021688106935471296,29805,0.007215552963316441,PILOT,PILOT_CANDIDATE,UNREVIEWED,UNREVIEWED,completed exploratory artifact outside locked packet,,3,"42,1024,3407",false,unknown,unknown,no,no,no,yes,,,,/panfs/accrepfs.vampire/data/neurogroup/mingyangjiang/EEGxPlore/CBraMod/results/physionet_mi/physionet_mi_cbramod_repair_full_patch_r64_adaplr2e-4_s42_lr2e-4_b64_e40,,,,UNREVIEWED,summary.json + test_metrics.json
CBraMod,physionet_mi,physionet_mi_cbramod_repair_frozen_channel_patch_r32_s42_lr2e-4_b64_e40,/panfs/accrepfs.vampire/data/neurogroup/mingyangjiang/EEGxPlore/CBraMod/results/physionet_mi/physionet_mi_cbramod_repair_frozen_channel_patch_r32_s42_lr2e-4_b64_e40,interaction_aligned,channel_patch,42,False,-1000,True,completed,5,0.35717801563925944,0.5464032144258884,0.3951428649935962,0.5486212195118555,0.5486107056248216,41143718,0.4144701361656189,21914,0.0,PILOT,PILOT_CANDIDATE,UNREVIEWED,UNREVIEWED,completed exploratory artifact outside locked packet,,3,"42,1024,3407",false,control_only,yes,no,no,no,yes,,,,/panfs/accrepfs.vampire/data/neurogroup/mingyangjiang/EEGxPlore/CBraMod/results/physionet_mi/physionet_mi_cbramod_repair_frozen_channel_patch_r32_s42_lr2e-4_b64_e40,,,,UNREVIEWED,summary.json + test_metrics.json
CBraMod,physionet_mi,physionet_mi_cbramod_repair_full_channel_patch_r64_adaplr2e-4_s42_lr2e-4_b64_e40,/panfs/accrepfs.vampire/data/neurogroup/mingyangjiang/EEGxPlore/CBraMod/results/physionet_mi/physionet_mi_cbramod_repair_full_channel_patch_r64_adaplr2e-4_s42_lr2e-4_b64_e40,native_full_finetune,channel_patch,42,False,-1000,True,completed,20,0.4340570455512984,0.6162965742132264,0.4882918412620162,0.6172861083912223,0.6172402809005968,46065214,0.0023500642273575068,59610,0.0069137560203671455,PILOT,PILOT_CANDIDATE,UNREVIEWED,UNREVIEWED,completed exploratory artifact outside locked packet,,3,"42,1024,3407",false,unknown,unknown,no,no,no,yes,,,,/panfs/accrepfs.vampire/data/neurogroup/mingyangjiang/EEGxPlore/CBraMod/results/physionet_mi/physionet_mi_cbramod_repair_full_channel_patch_r64_adaplr2e-4_s42_lr2e-4_b64_e40,,,,UNREVIEWED,summary.json + test_metrics.json
CBraMod,physionet_mi,physionet_mi_cbramod_dense_s1024_lr2e-4_b64_e40,/panfs/accrepfs.vampire/data/neurogroup/mingyangjiang/EEGxPlore/CBraMod/results/physionet_mi/physionet_mi_cbramod_dense_s1024_lr2e-4_b64_e40,full_finetune,none,1024,True,102,True,completed,15,0.440208102923321,0.6257313167774399,0.5008721229478043,0.6265302355716044,0.6264985734802647,46005604,,0,0.007436857558786869,SUPPORTING,SUPPORTING_CANDIDATE,UNREVIEWED,UNREVIEWED,strict artifact but canonical group mixes resolved configurations,,3,"42,1024,3407",false,unknown,unknown,no,no,no,yes,,,,/panfs/accrepfs.vampire/data/neurogroup/mingyangjiang/EEGxPlore/CBraMod/results/physionet_mi/physionet_mi_cbramod_dense_s1024_lr2e-4_b64_e40,,,,UNREVIEWED,summary.json + test_metrics.json
CBraMod,physionet_mi,physionet_mi_cbramod_dense_s3407_lr2e-4_b64_e40,/panfs/accrepfs.vampire/data/neurogroup/mingyangjiang/EEGxPlore/CBraMod/results/physionet_mi/physionet_mi_cbramod_dense_s3407_lr2e-4_b64_e40,full_finetune,none,3407,True,102,True,completed,16,0.4455983386761114,0.6246091734803796,0.49938952993600016,0.625767881002731,0.6257425794318654,46005604,,0,0.006969483569264412,SUPPORTING,SUPPORTING_CANDIDATE,UNREVIEWED,UNREVIEWED,strict artifact but canonical group mixes resolved configurations,,3,"42,1024,3407",false,unknown,unknown,no,no,no,yes,,,,/panfs/accrepfs.vampire/data/neurogroup/mingyangjiang/EEGxPlore/CBraMod/results/physionet_mi/physionet_mi_cbramod_dense_s3407_lr2e-4_b64_e40,,,,UNREVIEWED,summary.json + test_metrics.json
CBraMod,physionet_mi,physionet_mi_cbramod_frozen_probe_s3407_lr2e-4_b64_e40,/panfs/accrepfs.vampire/data/neurogroup/mingyangjiang/EEGxPlore/CBraMod/results/physionet_mi/physionet_mi_cbramod_frozen_probe_s3407_lr2e-4_b64_e40,frozen_probe,none,3407,True,102,True,completed,7,0.3425786285396534,0.5475023720990332,0.39661282484010474,0.5497823368589918,0.5497720365342724,41121804,,0,0.0,PRIMARY,PRIMARY_CANDIDATE,UNREVIEWED,UNREVIEWED,strict canonical three-seed group,,3,"42,1024,3407",true,unknown,unknown,PROVISIONAL,no,no,yes,,,,/panfs/accrepfs.vampire/data/neurogroup/mingyangjiang/EEGxPlore/CBraMod/results/physionet_mi/physionet_mi_cbramod_frozen_probe_s3407_lr2e-4_b64_e40,,,,UNREVIEWED,summary.json + test_metrics.json
CBraMod,physionet_mi,physionet_mi_cbramod_frozen_probe_s1024_lr2e-4_b64_e40,/panfs/accrepfs.vampire/data/neurogroup/mingyangjiang/EEGxPlore/CBraMod/results/physionet_mi/physionet_mi_cbramod_frozen_probe_s1024_lr2e-4_b64_e40,frozen_probe,none,1024,True,102,True,completed,12,0.3479352916134525,0.5425242785108676,0.38996257280585844,0.5440738589439391,0.5440560821872225,41121804,,0,0.0,PRIMARY,PRIMARY_CANDIDATE,UNREVIEWED,UNREVIEWED,strict canonical three-seed group,,3,"42,1024,3407",true,unknown,unknown,PROVISIONAL,no,no,yes,,,,/panfs/accrepfs.vampire/data/neurogroup/mingyangjiang/EEGxPlore/CBraMod/results/physionet_mi/physionet_mi_cbramod_frozen_probe_s1024_lr2e-4_b64_e40,,,,UNREVIEWED,summary.json + test_metrics.json
CBraMod,physionet_mi,physionet_mi_cbramod_frozen_channel_s1024_r64_lr2e-4_b64_e40,/panfs/accrepfs.vampire/data/neurogroup/mingyangjiang/EEGxPlore/CBraMod/results/physionet_mi/physionet_mi_cbramod_frozen_channel_s1024_r64_lr2e-4_b64_e40,interaction_aligned,channel,1024,True,102,True,completed,2,0.3455114947550315,0.5552695052871399,0.40693927386864703,0.5545717673204273,0.5545100653436812,41151609,0.2878001928329468,29805,0.0,PRIMARY,PRIMARY_CANDIDATE,UNREVIEWED,UNREVIEWED,strict canonical three-seed group,,3,"42,1024,3407",true,primary_pair_structurally_invalid,yes,PROVISIONAL,no,no,yes,,,,/panfs/accrepfs.vampire/data/neurogroup/mingyangjiang/EEGxPlore/CBraMod/results/physionet_mi/physionet_mi_cbramod_frozen_channel_s1024_r64_lr2e-4_b64_e40,,,,UNREVIEWED,summary.json + test_metrics.json
CBraMod,physionet_mi,physionet_mi_cbramod_frozen_channel_s3407_r64_lr2e-4_b64_e40,/panfs/accrepfs.vampire/data/neurogroup/mingyangjiang/EEGxPlore/CBraMod/results/physionet_mi/physionet_mi_cbramod_frozen_channel_s3407_r64_lr2e-4_b64_e40,interaction_aligned,channel,3407,True,102,True,completed,11,0.34097417137160346,0.5402712924306594,0.386977160424965,0.5432412332908125,0.5432178800623216,41151609,0.28831052780151367,29805,0.0,PRIMARY,PRIMARY_CANDIDATE,UNREVIEWED,UNREVIEWED,strict canonical three-seed group,,3,"42,1024,3407",true,primary_pair_structurally_invalid,yes,PROVISIONAL,no,no,yes,,,,/panfs/accrepfs.vampire/data/neurogroup/mingyangjiang/EEGxPlore/CBraMod/results/physionet_mi/physionet_mi_cbramod_frozen_channel_s3407_r64_lr2e-4_b64_e40,,,,UNREVIEWED,summary.json + test_metrics.json
CBraMod,physionet_mi,physionet_mi_cbramod_frozen_patch_s1024_r64_lr2e-4_b64_e40,/panfs/accrepfs.vampire/data/neurogroup/mingyangjiang/EEGxPlore/CBraMod/results/physionet_mi/physionet_mi_cbramod_frozen_patch_s1024_r64_lr2e-4_b64_e40,interaction_aligned,patch,1024,True,102,True,completed,2,0.34475025990568886,0.5608115976270177,0.4143340460149233,0.5611777050507358,0.5611219910180419,41151609,0.35680124163627625,29805,0.0,PRIMARY,PRIMARY_CANDIDATE,UNREVIEWED,UNREVIEWED,strict canonical three-seed group,,3,"42,1024,3407",true,primary_pair_structurally_invalid,yes,PROVISIONAL,no,no,yes,,,,/panfs/accrepfs.vampire/data/neurogroup/mingyangjiang/EEGxPlore/CBraMod/results/physionet_mi/physionet_mi_cbramod_frozen_patch_s1024_r64_lr2e-4_b64_e40,,,,UNREVIEWED,summary.json + test_metrics.json
CBraMod,physionet_mi,physionet_mi_cbramod_frozen_patch_s3407_r64_lr2e-4_b64_e40,/panfs/accrepfs.vampire/data/neurogroup/mingyangjiang/EEGxPlore/CBraMod/results/physionet_mi/physionet_mi_cbramod_frozen_patch_s3407_r64_lr2e-4_b64_e40,interaction_aligned,patch,3407,True,102,True,completed,5,0.3417603859935431,0.5418406821700308,0.38913695298175965,0.5402862138389434,0.5402832158154107,41151609,0.35689404606819153,29805,0.0,PRIMARY,PRIMARY_CANDIDATE,UNREVIEWED,UNREVIEWED,strict canonical three-seed group,,3,"42,1024,3407",true,primary_pair_structurally_invalid,yes,PROVISIONAL,no,no,yes,,,,/panfs/accrepfs.vampire/data/neurogroup/mingyangjiang/EEGxPlore/CBraMod/results/physionet_mi/physionet_mi_cbramod_frozen_patch_s3407_r64_lr2e-4_b64_e40,,,,UNREVIEWED,summary.json + test_metrics.json
CBraMod,physionet_mi,physionet_mi_cbramod_frozen_channel_patch_s1024_r32_lr2e-4_b64_e40,/panfs/accrepfs.vampire/data/neurogroup/mingyangjiang/EEGxPlore/CBraMod/results/physionet_mi/physionet_mi_cbramod_frozen_channel_patch_s1024_r32_lr2e-4_b64_e40,interaction_aligned,channel_patch,1024,True,102,True,completed,6,0.3494503896076251,0.5447280280358292,0.39289244375614696,0.5474045257062004,0.5473611345361193,41143718,0.4016905426979065,21914,0.0,SUPPORTING,SUPPORTING_CANDIDATE,UNREVIEWED,UNREVIEWED,strict artifact but canonical group mixes resolved configurations,,3,"42,1024,3407",false,control_only,yes,no,no,no,yes,,,,/panfs/accrepfs.vampire/data/neurogroup/mingyangjiang/EEGxPlore/CBraMod/results/physionet_mi/physionet_mi_cbramod_frozen_channel_patch_s1024_r32_lr2e-4_b64_e40,,,,UNREVIEWED,summary.json + test_metrics.json
CBraMod,physionet_mi,physionet_mi_cbramod_frozen_channel_patch_s3407_r32_lr2e-4_b64_e40,/panfs/accrepfs.vampire/data/neurogroup/mingyangjiang/EEGxPlore/CBraMod/results/physionet_mi/physionet_mi_cbramod_frozen_channel_patch_s3407_r32_lr2e-4_b64_e40,interaction_aligned,channel_patch,3407,True,102,True,completed,10,0.34173936798634796,0.5385787626651348,0.3847423404298079,0.5408047389865864,0.5407886462338123,41143718,0.42583346366882324,21914,0.0,SUPPORTING,SUPPORTING_CANDIDATE,UNREVIEWED,UNREVIEWED,strict artifact but canonical group mixes resolved configurations,,3,"42,1024,3407",false,control_only,yes,no,no,no,yes,,,,/panfs/accrepfs.vampire/data/neurogroup/mingyangjiang/EEGxPlore/CBraMod/results/physionet_mi/physionet_mi_cbramod_frozen_channel_patch_s3407_r32_lr2e-4_b64_e40,,,,UNREVIEWED,summary.json + test_metrics.json
CBraMod,physionet_mi,physionet_mi_cbramod_frozen_generic_s1024_r64_lr2e-4_b64_e40,/panfs/accrepfs.vampire/data/neurogroup/mingyangjiang/EEGxPlore/CBraMod/results/physionet_mi/physionet_mi_cbramod_frozen_generic_s1024_r64_lr2e-4_b64_e40,generic_bottleneck,none,1024,True,102,True,completed,2,0.3509293245034052,0.562441614470168,0.41653022251607386,0.5627679789379954,0.5627192578897148,41148069,,26265,0.0,PRIMARY,PRIMARY_CANDIDATE,UNREVIEWED,UNREVIEWED,strict canonical three-seed group,,3,"42,1024,3407",true,unknown,unknown,no,no,no,yes,,,,/panfs/accrepfs.vampire/data/neurogroup/mingyangjiang/EEGxPlore/CBraMod/results/physionet_mi/physionet_mi_cbramod_frozen_generic_s1024_r64_lr2e-4_b64_e40,,,,UNREVIEWED,summary.json + test_metrics.json
CBraMod,physionet_mi,physionet_mi_cbramod_frozen_generic_s3407_r64_lr2e-4_b64_e40,/panfs/accrepfs.vampire/data/neurogroup/mingyangjiang/EEGxPlore/CBraMod/results/physionet_mi/physionet_mi_cbramod_frozen_generic_s3407_r64_lr2e-4_b64_e40,generic_bottleneck,none,3407,True,102,True,completed,8,0.34410685842199173,0.5473733390214944,0.39653585474018915,0.5503297619207032,0.5503428286183412,41148069,,26265,0.0,PRIMARY,PRIMARY_CANDIDATE,UNREVIEWED,UNREVIEWED,strict canonical three-seed group,,3,"42,1024,3407",true,unknown,unknown,no,no,no,yes,,,,/panfs/accrepfs.vampire/data/neurogroup/mingyangjiang/EEGxPlore/CBraMod/results/physionet_mi/physionet_mi_cbramod_frozen_generic_s3407_r64_lr2e-4_b64_e40,,,,UNREVIEWED,summary.json + test_metrics.json
CBraMod,physionet_mi,physionet_mi_cbramod_frozen_axisblind_s3407_r148_lr2e-4_b64_e40,/panfs/accrepfs.vampire/data/neurogroup/mingyangjiang/EEGxPlore/CBraMod/results/physionet_mi/physionet_mi_cbramod_frozen_axisblind_s3407_r148_lr2e-4_b64_e40,axis_blind,generic_token_control,3407,True,102,True,completed,5,0.3486765081527523,0.5440961577473573,0.392116570607315,0.5496647353599788,0.5496464634870936,41181753,,59949,0.0,PRIMARY,PRIMARY_CANDIDATE,UNREVIEWED,UNREVIEWED,strict canonical three-seed group,,3,"42,1024,3407",true,primary_pair_structurally_invalid,unknown,no,no,no,yes,,,,/panfs/accrepfs.vampire/data/neurogroup/mingyangjiang/EEGxPlore/CBraMod/results/physionet_mi/physionet_mi_cbramod_frozen_axisblind_s3407_r148_lr2e-4_b64_e40,,,,UNREVIEWED,summary.json + test_metrics.json
CBraMod,physionet_mi,physionet_mi_cbramod_frozen_axisblind_s1024_r148_lr2e-4_b64_e40,/panfs/accrepfs.vampire/data/neurogroup/mingyangjiang/EEGxPlore/CBraMod/results/physionet_mi/physionet_mi_cbramod_frozen_axisblind_s1024_r148_lr2e-4_b64_e40,axis_blind,generic_token_control,1024,True,102,True,completed,6,0.35484234319130925,0.536947764649069,0.3825408309155919,0.5405298416645647,0.5405025521387802,41181753,,59949,0.0,PRIMARY,PRIMARY_CANDIDATE,UNREVIEWED,UNREVIEWED,strict canonical three-seed group,,3,"42,1024,3407",true,primary_pair_structurally_invalid,unknown,no,no,no,yes,,,,/panfs/accrepfs.vampire/data/neurogroup/mingyangjiang/EEGxPlore/CBraMod/results/physionet_mi/physionet_mi_cbramod_frozen_axisblind_s1024_r148_lr2e-4_b64_e40,,,,UNREVIEWED,summary.json + test_metrics.json
CBraMod,physionet_mi,physionet_mi_cbramod_lora_qkv_r8_s3407_lr2e-4_b64_e40,/panfs/accrepfs.vampire/data/neurogroup/mingyangjiang/EEGxPlore/CBraMod/results/physionet_mi/physionet_mi_cbramod_lora_qkv_r8_s3407_lr2e-4_b64_e40,lora,none,3407,True,102,True,completed,9,0.3517642024226324,0.5502713419589702,0.4002994743818573,0.5528088623564995,0.5527869870397326,41198604,,0,0.0,PRIMARY,PRIMARY_CANDIDATE,UNREVIEWED,UNREVIEWED,strict canonical three-seed group,,3,"42,1024,3407",true,unknown,unknown,no,no,no,yes,,,,/panfs/accrepfs.vampire/data/neurogroup/mingyangjiang/EEGxPlore/CBraMod/results/physionet_mi/physionet_mi_cbramod_lora_qkv_r8_s3407_lr2e-4_b64_e40,,,,UNREVIEWED,summary.json + test_metrics.json
CBraMod,physionet_mi,physionet_mi_cbramod_upper2_s3407_lr2e-4_b64_e40,/panfs/accrepfs.vampire/data/neurogroup/mingyangjiang/EEGxPlore/CBraMod/results/physionet_mi/physionet_mi_cbramod_upper2_s3407_lr2e-4_b64_e40,upper_k_finetune,none,3407,True,102,True,completed,2,0.4049076245495624,0.5924414030391509,0.45648424724869774,0.5917255311482967,0.5916796896741513,41927004,,0,0.0,PRIMARY,PRIMARY_CANDIDATE,UNREVIEWED,UNREVIEWED,strict canonical three-seed group,,3,"42,1024,3407",true,unknown,unknown,no,no,no,yes,,,,/panfs/accrepfs.vampire/data/neurogroup/mingyangjiang/EEGxPlore/CBraMod/results/physionet_mi/physionet_mi_cbramod_upper2_s3407_lr2e-4_b64_e40,,,,UNREVIEWED,summary.json + test_metrics.json
CBraMod,physionet_mi,physionet_mi_cbramod_lora_qkv_r8_s1024_lr2e-4_b64_e40,/panfs/accrepfs.vampire/data/neurogroup/mingyangjiang/EEGxPlore/CBraMod/results/physionet_mi/physionet_mi_cbramod_lora_qkv_r8_s1024_lr2e-4_b64_e40,lora,none,1024,True,102,True,completed,16,0.3494835650771858,0.5446692651842091,0.39286829018200453,0.5464679282043813,0.5464545266921237,41198604,,0,0.0,PRIMARY,PRIMARY_CANDIDATE,UNREVIEWED,UNREVIEWED,strict canonical three-seed group,,3,"42,1024,3407",true,unknown,unknown,no,no,no,yes,,,,/panfs/accrepfs.vampire/data/neurogroup/mingyangjiang/EEGxPlore/CBraMod/results/physionet_mi/physionet_mi_cbramod_lora_qkv_r8_s1024_lr2e-4_b64_e40,,,,UNREVIEWED,summary.json + test_metrics.json
CBraMod,physionet_mi,physionet_mi_cbramod_full_channel_s3407_r64_adaplr2e-4_lr2e-4_b64_e40,/panfs/accrepfs.vampire/data/neurogroup/mingyangjiang/EEGxPlore/CBraMod/results/physionet_mi/physionet_mi_cbramod_full_channel_s3407_r64_adaplr2e-4_lr2e-4_b64_e40,native_full_finetune,channel,3407,True,102,True,completed,12,0.4494439869574067,0.6124028776987829,0.48310797093454616,0.6141561867166017,0.6141092131477366,46035409,0.0027207667008042336,29805,0.006638667546212673,SUPPORTING,SUPPORTING_CANDIDATE,UNREVIEWED,UNREVIEWED,strict artifact but canonical group mixes resolved configurations,,3,"42,1024,3407",false,unknown,unknown,no,no,no,yes,,,,/panfs/accrepfs.vampire/data/neurogroup/mingyangjiang/EEGxPlore/CBraMod/results/physionet_mi/physionet_mi_cbramod_full_channel_s3407_r64_adaplr2e-4_lr2e-4_b64_e40,,,,UNREVIEWED,summary.json + test_metrics.json
CBraMod,physionet_mi,physionet_mi_cbramod_upper2_s1024_lr2e-4_b64_e40,/panfs/accrepfs.vampire/data/neurogroup/mingyangjiang/EEGxPlore/CBraMod/results/physionet_mi/physionet_mi_cbramod_upper2_s1024_lr2e-4_b64_e40,upper_k_finetune,none,1024,True,102,True,completed,2,0.389461258304136,0.6073146476461674,0.4764028877898957,0.6100689882889578,0.6100326232833504,41927004,,0,0.0,PRIMARY,PRIMARY_CANDIDATE,UNREVIEWED,UNREVIEWED,strict canonical three-seed group,,3,"42,1024,3407",true,unknown,unknown,no,no,no,yes,,,,/panfs/accrepfs.vampire/data/neurogroup/mingyangjiang/EEGxPlore/CBraMod/results/physionet_mi/physionet_mi_cbramod_upper2_s1024_lr2e-4_b64_e40,,,,UNREVIEWED,summary.json + test_metrics.json
CBraMod,physionet_mi,physionet_mi_cbramod_full_patch_s3407_r64_adaplr2e-4_lr2e-4_b64_e40,/panfs/accrepfs.vampire/data/neurogroup/mingyangjiang/EEGxPlore/CBraMod/results/physionet_mi/physionet_mi_cbramod_full_patch_s3407_r64_adaplr2e-4_lr2e-4_b64_e40,native_full_finetune,patch,3407,True,102,True,completed,25,0.446369237059311,0.6268302184513554,0.5023430604725329,0.6280322262379716,0.627996476896273,46035409,0.0003540740581229329,29805,0.0067384932190179825,SUPPORTING,SUPPORTING_CANDIDATE,UNREVIEWED,UNREVIEWED,strict artifact but canonical group mixes resolved configurations,,3,"42,1024,3407",false,unknown,unknown,no,no,no,yes,,,,/panfs/accrepfs.vampire/data/neurogroup/mingyangjiang/EEGxPlore/CBraMod/results/physionet_mi/physionet_mi_cbramod_full_patch_s3407_r64_adaplr2e-4_lr2e-4_b64_e40,,,,UNREVIEWED,summary.json + test_metrics.json
CBraMod,physionet_mi,physionet_mi_cbramod_full_channel_s1024_r64_adaplr2e-4_lr2e-4_b64_e40,/panfs/accrepfs.vampire/data/neurogroup/mingyangjiang/EEGxPlore/CBraMod/results/physionet_mi/physionet_mi_cbramod_full_channel_s1024_r64_adaplr2e-4_lr2e-4_b64_e40,native_full_finetune,channel,1024,True,102,True,completed,17,0.43174718894843,0.6212425420238723,0.49493478380344824,0.6221057779681725,0.6220853374125851,46035409,0.0005484703578986228,29805,0.0076152062974870205,SUPPORTING,SUPPORTING_CANDIDATE,UNREVIEWED,UNREVIEWED,strict artifact but canonical group mixes resolved configurations,,3,"42,1024,3407",false,unknown,unknown,no,no,no,yes,,,,/panfs/accrepfs.vampire/data/neurogroup/mingyangjiang/EEGxPlore/CBraMod/results/physionet_mi/physionet_mi_cbramod_full_channel_s1024_r64_adaplr2e-4_lr2e-4_b64_e40,,,,UNREVIEWED,summary.json + test_metrics.json
CBraMod,physionet_mi,physionet_mi_cbramod_full_patch_s1024_r64_adaplr2e-4_lr2e-4_b64_e40,/panfs/accrepfs.vampire/data/neurogroup/mingyangjiang/EEGxPlore/CBraMod/results/physionet_mi/physionet_mi_cbramod_full_patch_s1024_r64_adaplr2e-4_lr2e-4_b64_e40,native_full_finetune,patch,1024,True,102,True,completed,32,0.4363713764982904,0.6290265336787553,0.5052860912045037,0.6301778180734139,0.6301362729917737,46035409,0.0005573636735789478,29805,0.007559764198958874,SUPPORTING,SUPPORTING_CANDIDATE,UNREVIEWED,UNREVIEWED,strict artifact but canonical group mixes resolved configurations,,3,"42,1024,3407",false,unknown,unknown,no,no,no,yes,,,,/panfs/accrepfs.vampire/data/neurogroup/mingyangjiang/EEGxPlore/CBraMod/results/physionet_mi/physionet_mi_cbramod_full_patch_s1024_r64_adaplr2e-4_lr2e-4_b64_e40,,,,UNREVIEWED,summary.json + test_metrics.json
CBraMod,physionet_mi,physionet_mi_cbramod_full_channel_patch_s3407_r64_adaplr2e-4_lr2e-4_b64_e40,/panfs/accrepfs.vampire/data/neurogroup/mingyangjiang/EEGxPlore/CBraMod/results/physionet_mi/physionet_mi_cbramod_full_channel_patch_s3407_r64_adaplr2e-4_lr2e-4_b64_e40,native_full_finetune,channel_patch,3407,True,102,True,completed,19,0.4525024811507927,0.6257103752228851,0.5008541084358844,0.6265177626235708,0.626472884234863,46065214,0.003295599017292261,59610,0.006966694723814726,SUPPORTING,SUPPORTING_CANDIDATE,UNREVIEWED,UNREVIEWED,strict artifact but canonical group mixes resolved configurations,,3,"42,1024,3407",false,unknown,unknown,no,no,no,yes,,,,/panfs/accrepfs.vampire/data/neurogroup/mingyangjiang/EEGxPlore/CBraMod/results/physionet_mi/physionet_mi_cbramod_full_channel_patch_s3407_r64_adaplr2e-4_lr2e-4_b64_e40,,,,UNREVIEWED,summary.json + test_metrics.json
CBraMod,physionet_mi,physionet_mi_cbramod_full_channel_patch_s1024_r64_adaplr2e-4_lr2e-4_b64_e40,/panfs/accrepfs.vampire/data/neurogroup/mingyangjiang/EEGxPlore/CBraMod/results/physionet_mi/physionet_mi_cbramod_full_channel_patch_s1024_r64_adaplr2e-4_lr2e-4_b64_e40,native_full_finetune,channel_patch,1024,True,102,True,completed,14,0.43716077674586895,0.6229646911727589,0.4971787975501185,0.6231720997578893,0.6231431119044099,46065214,0.0006773885106667876,59610,0.007145092356950045,SUPPORTING,SUPPORTING_CANDIDATE,UNREVIEWED,UNREVIEWED,strict artifact but canonical group mixes resolved configurations,,3,"42,1024,3407",false,unknown,unknown,no,no,no,yes,,,,/panfs/accrepfs.vampire/data/neurogroup/mingyangjiang/EEGxPlore/CBraMod/results/physionet_mi/physionet_mi_cbramod_full_channel_patch_s1024_r64_adaplr2e-4_lr2e-4_b64_e40,,,,UNREVIEWED,summary.json + test_metrics.json
CBraMod,seedv,seedv_smoke_gpu_dense_20260802_r4,/panfs/accrepfs.vampire/data/neurogroup/mingyangjiang/EEGxPlore/CBraMod/results/seedv/seedv_smoke_gpu_dense_20260802_r4,frozen_probe,none,42,False,-1000,True,completed,1,0.0,0.0,0.0,0.0,0.0,10082005,,0,0.0,PILOT,PILOT_CANDIDATE,UNREVIEWED,UNREVIEWED,completed exploratory artifact outside locked packet,within-subject protocol; patch axis is singleton/degenerate,3,"42,1024,3407",true,unknown,unknown,no,no,no,yes,,,,/panfs/accrepfs.vampire/data/neurogroup/mingyangjiang/EEGxPlore/CBraMod/results/seedv/seedv_smoke_gpu_dense_20260802_r4,,,,UNREVIEWED,summary.json + test_metrics.json
CBraMod,seedv,seedv_smoke_gpu_channel_20260802_r1,/panfs/accrepfs.vampire/data/neurogroup/mingyangjiang/EEGxPlore/CBraMod/results/seedv/seedv_smoke_gpu_channel_20260802_r1,interaction_aligned,channel,42,False,-1000,True,completed,1,0.0,0.0,0.0,0.0,0.0,10111810,2.1718737116316333e-05,29805,0.0,PILOT,PILOT_CANDIDATE,UNREVIEWED,UNREVIEWED,completed exploratory artifact outside locked packet,within-subject protocol; patch axis is singleton/degenerate,3,"42,1024,3407",true,control_only,yes,no,no,no,yes,,,,/panfs/accrepfs.vampire/data/neurogroup/mingyangjiang/EEGxPlore/CBraMod/results/seedv/seedv_smoke_gpu_channel_20260802_r1,,,,UNREVIEWED,summary.json + test_metrics.json
CBraMod,seedv,seedv_dense_full_s42,/panfs/accrepfs.vampire/data/neurogroup/mingyangjiang/EEGxPlore/CBraMod/results/seedv/seedv_dense_full_s42,full_finetune,none,42,True,2,True,completed,7,0.20564980136008093,0.3822997605071836,0.2350441210048685,0.38217977400782005,0.3931424184699292,14965805,,0,0.05250607803463936,PRIMARY,PRIMARY_CANDIDATE,UNREVIEWED,UNREVIEWED,strict canonical three-seed group,within-subject protocol; patch axis is singleton/degenerate,3,"42,1024,3407",true,unknown,unknown,no,no,no,yes,,,,/panfs/accrepfs.vampire/data/neurogroup/mingyangjiang/EEGxPlore/CBraMod/results/seedv/seedv_dense_full_s42,,,,UNREVIEWED,summary.json + test_metrics.json
CBraMod,seedv,seedv_frozen_patch_singleton_control_s42,/panfs/accrepfs.vampire/data/neurogroup/mingyangjiang/EEGxPlore/CBraMod/results/seedv/seedv_frozen_patch_singleton_control_s42,interaction_aligned,patch,42,False,2,True,completed,17,0.05956549860594473,0.23752155886616616,0.04545825947110549,0.1559862324851339,0.15894703460607457,10111810,0.5301505923271179,29805,0.0,SUPPORTING,SUPPORTING_CANDIDATE,UNREVIEWED,UNREVIEWED,completed legacy or non-strict artifact; manual audit required,within-subject protocol; patch axis is singleton/degenerate,3,"42,1024,3407",true,control_only,yes,no,no,no,yes,,,,/panfs/accrepfs.vampire/data/neurogroup/mingyangjiang/EEGxPlore/CBraMod/results/seedv/seedv_frozen_patch_singleton_control_s42,,,,UNREVIEWED,summary.json + test_metrics.json
CBraMod,seedv,seedv_frozen_generic_s42,/panfs/accrepfs.vampire/data/neurogroup/mingyangjiang/EEGxPlore/CBraMod/results/seedv/seedv_frozen_generic_s42,generic_bottleneck,none,42,False,2,True,completed,15,0.0761817633241193,0.24804775711424373,0.05857173052660847,0.18815365136611445,0.18844382796377643,10108270,,26265,0.0,SUPPORTING,SUPPORTING_CANDIDATE,UNREVIEWED,UNREVIEWED,completed legacy or non-strict artifact; manual audit required,within-subject protocol; patch axis is singleton/degenerate,3,"42,1024,3407",true,unknown,unknown,no,no,no,yes,,,,/panfs/accrepfs.vampire/data/neurogroup/mingyangjiang/EEGxPlore/CBraMod/results/seedv/seedv_frozen_generic_s42,,,,UNREVIEWED,summary.json + test_metrics.json
CBraMod,seedv,seedv_frozen_dense_s42,/panfs/accrepfs.vampire/data/neurogroup/mingyangjiang/EEGxPlore/CBraMod/results/seedv/seedv_frozen_dense_s42,frozen_probe,none,42,False,2,True,completed,15,0.061251903334389235,0.23873779968931452,0.04702422911653936,0.15729425851764117,0.1604634389856535,10082005,,0,0.0,SUPPORTING,SUPPORTING_CANDIDATE,UNREVIEWED,UNREVIEWED,completed legacy or non-strict artifact; manual audit required,within-subject protocol; patch axis is singleton/degenerate,3,"42,1024,3407",true,unknown,unknown,no,no,no,yes,,,,/panfs/accrepfs.vampire/data/neurogroup/mingyangjiang/EEGxPlore/CBraMod/results/seedv/seedv_frozen_dense_s42,,,,UNREVIEWED,summary.json + test_metrics.json
CBraMod,seedv,seedv_frozen_channel_s42,/panfs/accrepfs.vampire/data/neurogroup/mingyangjiang/EEGxPlore/CBraMod/results/seedv/seedv_frozen_channel_s42,interaction_aligned,channel,42,False,2,True,completed,12,0.07430994239547806,0.2444033789826689,0.05215798938503957,0.20893284703584908,0.20446723776926184,10111810,3.32727313041687,29805,0.0,SUPPORTING,SUPPORTING_CANDIDATE,UNREVIEWED,UNREVIEWED,completed legacy or non-strict artifact; manual audit required,within-subject protocol; patch axis is singleton/degenerate,3,"42,1024,3407",true,control_only,yes,no,no,no,yes,,,,/panfs/accrepfs.vampire/data/neurogroup/mingyangjiang/EEGxPlore/CBraMod/results/seedv/seedv_frozen_channel_s42,,,,UNREVIEWED,summary.json + test_metrics.json
CBraMod,seedv,seedv_frozen_lora_qkv_r8_s42,/panfs/accrepfs.vampire/data/neurogroup/mingyangjiang/EEGxPlore/CBraMod/results/seedv/seedv_frozen_lora_qkv_r8_s42,lora,none,42,False,2,True,completed,37,0.20610322120855284,0.4055582516849702,0.265057878503428,0.4014189832771226,0.41288562478169455,10158805,,0,0.0,SUPPORTING,SUPPORTING_CANDIDATE,UNREVIEWED,UNREVIEWED,completed legacy or non-strict artifact; manual audit required,within-subject protocol; patch axis is singleton/degenerate,3,"42,1024,3407",true,unknown,unknown,no,no,no,yes,,,,/panfs/accrepfs.vampire/data/neurogroup/mingyangjiang/EEGxPlore/CBraMod/results/seedv/seedv_frozen_lora_qkv_r8_s42,,,,UNREVIEWED,summary.json + test_metrics.json
CBraMod,seedv,seedv_native_full_channel_s42,/panfs/accrepfs.vampire/data/neurogroup/mingyangjiang/EEGxPlore/CBraMod/results/seedv/seedv_native_full_channel_s42,native_full_finetune,channel,42,True,2,True,completed,4,0.21987645924275923,0.39765357730950784,0.25425479008590235,0.39754644853589305,0.40815404010215556,14995610,0.21112999320030212,29805,0.05131889507174492,PRIMARY,PRIMARY_CANDIDATE,UNREVIEWED,UNREVIEWED,strict canonical three-seed group,within-subject protocol; patch axis is singleton/degenerate,3,"42,1024,3407",true,unknown,unknown,no,no,PROVISIONAL,yes,,,,/panfs/accrepfs.vampire/data/neurogroup/mingyangjiang/EEGxPlore/CBraMod/results/seedv/seedv_native_full_channel_s42,,,,UNREVIEWED,summary.json + test_metrics.json
CBraMod,seedv,seedv_frozen_upper2_s42,/panfs/accrepfs.vampire/data/neurogroup/mingyangjiang/EEGxPlore/CBraMod/results/seedv/seedv_frozen_upper2_s42,upper_k_finetune,none,42,False,2,True,completed,40,0.05166531843872324,0.22454929801365636,0.03518004656651674,0.18412563739913762,0.20021683141667646,10887205,,0,0.0,SUPPORTING,SUPPORTING_CANDIDATE,UNREVIEWED,UNREVIEWED,completed legacy or non-strict artifact; manual audit required,within-subject protocol; patch axis is singleton/degenerate,3,"42,1024,3407",true,unknown,unknown,no,no,no,yes,,,,/panfs/accrepfs.vampire/data/neurogroup/mingyangjiang/EEGxPlore/CBraMod/results/seedv/seedv_frozen_upper2_s42,,,,UNREVIEWED,summary.json + test_metrics.json
CBraMod,seedv,seedv_dense_full_s1024,/panfs/accrepfs.vampire/data/neurogroup/mingyangjiang/EEGxPlore/CBraMod/results/seedv/seedv_dense_full_s1024,full_finetune,none,1024,True,2,True,completed,30,0.20769257280307285,0.40081481657183937,0.25889433768476644,0.40128780632006417,0.41190772635308864,14965805,,0,0.05416177958250046,PRIMARY,PRIMARY_CANDIDATE,UNREVIEWED,UNREVIEWED,strict canonical three-seed group,within-subject protocol; patch axis is singleton/degenerate,3,"42,1024,3407",true,unknown,unknown,no,no,no,yes,,,,/panfs/accrepfs.vampire/data/neurogroup/mingyangjiang/EEGxPlore/CBraMod/results/seedv/seedv_dense_full_s1024,,,,UNREVIEWED,summary.json + test_metrics.json
CBraMod,seedv,seedv_frozen_axis_blind_s42,/panfs/accrepfs.vampire/data/neurogroup/mingyangjiang/EEGxPlore/CBraMod/results/seedv/seedv_frozen_axis_blind_s42,axis_blind,generic_token_control,42,False,2,True,completed,17,0.06809362056858159,0.24702929787410638,0.05756723207623504,0.18820846591102267,0.18792217267210978,10141954,,59949,0.0,SUPPORTING,SUPPORTING_CANDIDATE,UNREVIEWED,UNREVIEWED,completed legacy or non-strict artifact; manual audit required,within-subject protocol; patch axis is singleton/degenerate,3,"42,1024,3407",true,unknown,unknown,no,no,no,yes,,,,/panfs/accrepfs.vampire/data/neurogroup/mingyangjiang/EEGxPlore/CBraMod/results/seedv/seedv_frozen_axis_blind_s42,,,,UNREVIEWED,summary.json + test_metrics.json
CBraMod,seedv,seedv_frozen_dense_s1024,/panfs/accrepfs.vampire/data/neurogroup/mingyangjiang/EEGxPlore/CBraMod/results/seedv/seedv_frozen_dense_s1024,frozen_probe,none,1024,False,2,True,completed,31,0.05779182653576731,0.2381892755745701,0.046643743249714986,0.17130539358864522,0.17366972543025858,10082005,,0,0.0,SUPPORTING,SUPPORTING_CANDIDATE,UNREVIEWED,UNREVIEWED,completed legacy or non-strict artifact; manual audit required,within-subject protocol; patch axis is singleton/degenerate,3,"42,1024,3407",true,unknown,unknown,no,no,no,yes,,,,/panfs/accrepfs.vampire/data/neurogroup/mingyangjiang/EEGxPlore/CBraMod/results/seedv/seedv_frozen_dense_s1024,,,,UNREVIEWED,summary.json + test_metrics.json
CBraMod,seedv,seedv_frozen_patch_singleton_control_s1024,/panfs/accrepfs.vampire/data/neurogroup/mingyangjiang/EEGxPlore/CBraMod/results/seedv/seedv_frozen_patch_singleton_control_s1024,interaction_aligned,patch,1024,False,2,True,completed,28,0.053242457278593225,0.23376515495711486,0.04126776888893169,0.1748949961448864,0.17650040399011122,10111810,0.4903905987739563,29805,0.0,SUPPORTING,SUPPORTING_CANDIDATE,UNREVIEWED,UNREVIEWED,completed legacy or non-strict artifact; manual audit required,within-subject protocol; patch axis is singleton/degenerate,3,"42,1024,3407",true,control_only,yes,no,no,no,yes,,,,/panfs/accrepfs.vampire/data/neurogroup/mingyangjiang/EEGxPlore/CBraMod/results/seedv/seedv_frozen_patch_singleton_control_s1024,,,,UNREVIEWED,summary.json + test_metrics.json
CBraMod,seedv,seedv_frozen_channel_s42_adapterlr1e-5_refine_v2,/panfs/accrepfs.vampire/data/neurogroup/mingyangjiang/EEGxPlore/CBraMod/results/seedv/seedv_frozen_channel_s42_adapterlr1e-5_refine_v2,interaction_aligned,channel,42,False,2,True,completed,27,0.07123108454494642,0.24292921676821244,0.05168650184147672,0.16331468140370214,0.16458270564741323,10111810,0.0998075008392334,29805,0.0,SUPPORTING,SUPPORTING_CANDIDATE,UNREVIEWED,UNREVIEWED,completed legacy or non-strict artifact; manual audit required,within-subject protocol; patch axis is singleton/degenerate,3,"42,1024,3407",true,control_only,yes,no,no,no,yes,,,,/panfs/accrepfs.vampire/data/neurogroup/mingyangjiang/EEGxPlore/CBraMod/results/seedv/seedv_frozen_channel_s42_adapterlr1e-5_refine_v2,,,,UNREVIEWED,summary.json + test_metrics.json
CBraMod,seedv,seedv_frozen_generic_s1024,/panfs/accrepfs.vampire/data/neurogroup/mingyangjiang/EEGxPlore/CBraMod/results/seedv/seedv_frozen_generic_s1024,generic_bottleneck,none,1024,False,2,True,completed,12,0.05152773392395038,0.23500085507124813,0.04330118924299531,0.15527520846395393,0.157487980390741,10108270,,26265,0.0,SUPPORTING,SUPPORTING_CANDIDATE,UNREVIEWED,UNREVIEWED,completed legacy or non-strict artifact; manual audit required,within-subject protocol; patch axis is singleton/degenerate,3,"42,1024,3407",true,unknown,unknown,no,no,no,yes,,,,/panfs/accrepfs.vampire/data/neurogroup/mingyangjiang/EEGxPlore/CBraMod/results/seedv/seedv_frozen_generic_s1024,,,,UNREVIEWED,summary.json + test_metrics.json
CBraMod,seedv,seedv_native_full_channel_s1024,/panfs/accrepfs.vampire/data/neurogroup/mingyangjiang/EEGxPlore/CBraMod/results/seedv/seedv_native_full_channel_s1024,native_full_finetune,channel,1024,True,2,True,completed,29,0.21004808827859667,0.4031073473273993,0.26016038755037885,0.4030770964656445,0.4128267744576811,14995610,0.20299506187438965,29805,0.053173184394836426,PRIMARY,PRIMARY_CANDIDATE,UNREVIEWED,UNREVIEWED,strict canonical three-seed group,within-subject protocol; patch axis is singleton/degenerate,3,"42,1024,3407",true,unknown,unknown,no,no,PROVISIONAL,yes,,,,/panfs/accrepfs.vampire/data/neurogroup/mingyangjiang/EEGxPlore/CBraMod/results/seedv/seedv_native_full_channel_s1024,,,,UNREVIEWED,summary.json + test_metrics.json
CBraMod,seedv,seedv_frozen_lora_qkv_r8_s1024,/panfs/accrepfs.vampire/data/neurogroup/mingyangjiang/EEGxPlore/CBraMod/results/seedv/seedv_frozen_lora_qkv_r8_s1024,lora,none,1024,False,2,True,completed,30,0.18629481654719415,0.3839024721885325,0.23607208755044196,0.3793462124627388,0.38936399074702016,10158805,,0,0.0,SUPPORTING,SUPPORTING_CANDIDATE,UNREVIEWED,UNREVIEWED,completed legacy or non-strict artifact; manual audit required,within-subject protocol; patch axis is singleton/degenerate,3,"42,1024,3407",true,unknown,unknown,no,no,no,yes,,,,/panfs/accrepfs.vampire/data/neurogroup/mingyangjiang/EEGxPlore/CBraMod/results/seedv/seedv_frozen_lora_qkv_r8_s1024,,,,UNREVIEWED,summary.json + test_metrics.json
CBraMod,seedv,seedv_frozen_upper2_s1024,/panfs/accrepfs.vampire/data/neurogroup/mingyangjiang/EEGxPlore/CBraMod/results/seedv/seedv_frozen_upper2_s1024,upper_k_finetune,none,1024,False,2,True,completed,28,0.04144305972955176,0.2287969264206377,0.04199115808968934,0.1708393757864983,0.18840884628329266,10887205,,0,0.0,SUPPORTING,SUPPORTING_CANDIDATE,UNREVIEWED,UNREVIEWED,completed legacy or non-strict artifact; manual audit required,within-subject protocol; patch axis is singleton/degenerate,3,"42,1024,3407",true,unknown,unknown,no,no,no,yes,,,,/panfs/accrepfs.vampire/data/neurogroup/mingyangjiang/EEGxPlore/CBraMod/results/seedv/seedv_frozen_upper2_s1024,,,,UNREVIEWED,summary.json + test_metrics.json
CBraMod,seedv,seedv_dense_full_s3407,/panfs/accrepfs.vampire/data/neurogroup/mingyangjiang/EEGxPlore/CBraMod/results/seedv/seedv_dense_full_s3407,full_finetune,none,3407,True,2,True,completed,8,0.20956319362534415,0.37974486759455534,0.22847346591378603,0.3748987106346814,0.38409382809430226,14965805,,0,0.054118067026138306,PRIMARY,PRIMARY_CANDIDATE,UNREVIEWED,UNREVIEWED,strict canonical three-seed group,within-subject protocol; patch axis is singleton/degenerate,3,"42,1024,3407",true,unknown,unknown,no,no,no,yes,,,,/panfs/accrepfs.vampire/data/neurogroup/mingyangjiang/EEGxPlore/CBraMod/results/seedv/seedv_dense_full_s3407,,,,UNREVIEWED,summary.json + test_metrics.json
CBraMod,seedv,seedv_frozen_axis_blind_s1024,/panfs/accrepfs.vampire/data/neurogroup/mingyangjiang/EEGxPlore/CBraMod/results/seedv/seedv_frozen_axis_blind_s1024,axis_blind,generic_token_control,1024,False,2,True,completed,8,0.04768543286363902,0.23481304842063958,0.04468840144856834,0.15992627134590207,0.16469217320540067,10141954,,59949,0.0,SUPPORTING,SUPPORTING_CANDIDATE,UNREVIEWED,UNREVIEWED,completed legacy or non-strict artifact; manual audit required,within-subject protocol; patch axis is singleton/degenerate,3,"42,1024,3407",true,unknown,unknown,no,no,no,yes,,,,/panfs/accrepfs.vampire/data/neurogroup/mingyangjiang/EEGxPlore/CBraMod/results/seedv/seedv_frozen_axis_blind_s1024,,,,UNREVIEWED,summary.json + test_metrics.json
CBraMod,seedv,seedv_frozen_dense_s3407,/panfs/accrepfs.vampire/data/neurogroup/mingyangjiang/EEGxPlore/CBraMod/results/seedv/seedv_frozen_dense_s3407,frozen_probe,none,3407,False,2,True,completed,27,0.06653787843777059,0.23945277307160037,0.04756711563244187,0.16176819139895596,0.16413588952562358,10082005,,0,0.0,SUPPORTING,SUPPORTING_CANDIDATE,UNREVIEWED,UNREVIEWED,completed legacy or non-strict artifact; manual audit required,within-subject protocol; patch axis is singleton/degenerate,3,"42,1024,3407",true,unknown,unknown,no,no,no,yes,,,,/panfs/accrepfs.vampire/data/neurogroup/mingyangjiang/EEGxPlore/CBraMod/results/seedv/seedv_frozen_dense_s3407,,,,UNREVIEWED,summary.json + test_metrics.json
CBraMod,seedv,seedv_frozen_patch_singleton_control_s3407,/panfs/accrepfs.vampire/data/neurogroup/mingyangjiang/EEGxPlore/CBraMod/results/seedv/seedv_frozen_patch_singleton_control_s3407,interaction_aligned,patch,3407,False,2,True,completed,26,0.06700009833500653,0.23850398871108597,0.046278917041194245,0.1733758322306132,0.17433819062435818,10111810,0.5969556570053101,29805,0.0,SUPPORTING,SUPPORTING_CANDIDATE,UNREVIEWED,UNREVIEWED,completed legacy or non-strict artifact; manual audit required,within-subject protocol; patch axis is singleton/degenerate,3,"42,1024,3407",true,control_only,yes,no,no,no,yes,,,,/panfs/accrepfs.vampire/data/neurogroup/mingyangjiang/EEGxPlore/CBraMod/results/seedv/seedv_frozen_patch_singleton_control_s3407,,,,UNREVIEWED,summary.json + test_metrics.json
CBraMod,seedv,seedv_native_full_channel_s3407,/panfs/accrepfs.vampire/data/neurogroup/mingyangjiang/EEGxPlore/CBraMod/results/seedv/seedv_native_full_channel_s3407,native_full_finetune,channel,3407,True,2,True,completed,18,0.21177698018844504,0.38519024059184903,0.23778118515098023,0.3833441141950308,0.3937867249915951,14995610,0.18162588775157928,29805,0.054265767335891724,PRIMARY,PRIMARY_CANDIDATE,UNREVIEWED,UNREVIEWED,strict canonical three-seed group,within-subject protocol; patch axis is singleton/degenerate,3,"42,1024,3407",true,unknown,unknown,no,no,PROVISIONAL,yes,,,,/panfs/accrepfs.vampire/data/neurogroup/mingyangjiang/EEGxPlore/CBraMod/results/seedv/seedv_native_full_channel_s3407,,,,UNREVIEWED,summary.json + test_metrics.json
CBraMod,seedv,seedv_frozen_generic_s3407,/panfs/accrepfs.vampire/data/neurogroup/mingyangjiang/EEGxPlore/CBraMod/results/seedv/seedv_frozen_generic_s3407,generic_bottleneck,none,3407,False,2,True,completed,16,0.05143773945620289,0.23723314020627226,0.0466842417367026,0.18035988099802275,0.18309394319048586,10108270,,26265,0.0,SUPPORTING,SUPPORTING_CANDIDATE,UNREVIEWED,UNREVIEWED,completed legacy or non-strict artifact; manual audit required,within-subject protocol; patch axis is singleton/degenerate,3,"42,1024,3407",true,unknown,unknown,no,no,no,yes,,,,/panfs/accrepfs.vampire/data/neurogroup/mingyangjiang/EEGxPlore/CBraMod/results/seedv/seedv_frozen_generic_s3407,,,,UNREVIEWED,summary.json + test_metrics.json
CBraMod,seedv,seedv_frozen_lora_qkv_r8_s3407,/panfs/accrepfs.vampire/data/neurogroup/mingyangjiang/EEGxPlore/CBraMod/results/seedv/seedv_frozen_lora_qkv_r8_s3407,lora,none,3407,False,2,True,completed,21,0.2068517820216932,0.39843105764303366,0.2547465586573697,0.3928791400369748,0.40440788921882764,10158805,,0,0.0,SUPPORTING,SUPPORTING_CANDIDATE,UNREVIEWED,UNREVIEWED,completed legacy or non-strict artifact; manual audit required,within-subject protocol; patch axis is singleton/degenerate,3,"42,1024,3407",true,unknown,unknown,no,no,no,yes,,,,/panfs/accrepfs.vampire/data/neurogroup/mingyangjiang/EEGxPlore/CBraMod/results/seedv/seedv_frozen_lora_qkv_r8_s3407,,,,UNREVIEWED,summary.json + test_metrics.json
CBraMod,seedv,seedv_frozen_upper2_s3407,/panfs/accrepfs.vampire/data/neurogroup/mingyangjiang/EEGxPlore/CBraMod/results/seedv/seedv_frozen_upper2_s3407,upper_k_finetune,none,3407,False,2,True,completed,25,0.04362506111536857,0.2312565424937961,0.04533236981193678,0.18017549582090944,0.1971353691094713,10887205,,0,0.0,SUPPORTING,SUPPORTING_CANDIDATE,UNREVIEWED,UNREVIEWED,completed legacy or non-strict artifact; manual audit required,within-subject protocol; patch axis is singleton/degenerate,3,"42,1024,3407",true,unknown,unknown,no,no,no,yes,,,,/panfs/accrepfs.vampire/data/neurogroup/mingyangjiang/EEGxPlore/CBraMod/results/seedv/seedv_frozen_upper2_s3407,,,,UNREVIEWED,summary.json + test_metrics.json
CBraMod,seedv,seedv_frozen_axis_blind_s3407,/panfs/accrepfs.vampire/data/neurogroup/mingyangjiang/EEGxPlore/CBraMod/results/seedv/seedv_frozen_axis_blind_s3407,axis_blind,generic_token_control,3407,False,2,True,completed,16,0.047815180704637084,0.2363857595889259,0.046590487719475826,0.18595362850015498,0.18967965275591026,10141954,,59949,0.0,SUPPORTING,SUPPORTING_CANDIDATE,UNREVIEWED,UNREVIEWED,completed legacy or non-strict artifact; manual audit required,within-subject protocol; patch axis is singleton/degenerate,3,"42,1024,3407",true,unknown,unknown,no,no,no,yes,,,,/panfs/accrepfs.vampire/data/neurogroup/mingyangjiang/EEGxPlore/CBraMod/results/seedv/seedv_frozen_axis_blind_s3407,,,,UNREVIEWED,summary.json + test_metrics.json
CBraMod,seedv,seedv_evalmode_frozen_dense_s42_20260804,/panfs/accrepfs.vampire/data/neurogroup/mingyangjiang/EEGxPlore/CBraMod/results/seedv/seedv_evalmode_frozen_dense_s42_20260804,frozen_probe,none,42,True,102,True,completed,18,0.11471153518640098,0.29887356868193465,0.12037805964392967,0.2972422535706719,0.3009894967006879,10082005,,0,0.0,PRIMARY,PRIMARY_CANDIDATE,UNREVIEWED,UNREVIEWED,strict canonical three-seed group,within-subject protocol; patch axis is singleton/degenerate,3,"42,1024,3407",true,unknown,unknown,PROVISIONAL,no,no,yes,,,,/panfs/accrepfs.vampire/data/neurogroup/mingyangjiang/EEGxPlore/CBraMod/results/seedv/seedv_evalmode_frozen_dense_s42_20260804,,,,UNREVIEWED,summary.json + test_metrics.json
CBraMod,seedv,seedv_evalmode_frozen_channel_s42_lr1e-5_20260804,/panfs/accrepfs.vampire/data/neurogroup/mingyangjiang/EEGxPlore/CBraMod/results/seedv/seedv_evalmode_frozen_channel_s42_lr1e-5_20260804,interaction_aligned,channel,42,True,102,True,completed,5,0.11090414712438712,0.288196999934955,0.108617838060861,0.28532104252684387,0.29184776948437363,10111810,0.2572495639324188,29805,0.0,PRIMARY,PRIMARY_CANDIDATE,UNREVIEWED,UNREVIEWED,strict canonical three-seed group,within-subject protocol; patch axis is singleton/degenerate,3,"42,1024,3407",true,primary_pair_structurally_invalid,yes,PROVISIONAL,no,PROVISIONAL,yes,,,,/panfs/accrepfs.vampire/data/neurogroup/mingyangjiang/EEGxPlore/CBraMod/results/seedv/seedv_evalmode_frozen_channel_s42_lr1e-5_20260804,,,,UNREVIEWED,summary.json + test_metrics.json
CBraMod,seedv,seedv_evalmode_frozen_patch_singleton_s42_20260804,/panfs/accrepfs.vampire/data/neurogroup/mingyangjiang/EEGxPlore/CBraMod/results/seedv/seedv_evalmode_frozen_patch_singleton_s42_20260804,interaction_aligned,patch,42,True,102,True,completed,5,0.11614787813612948,0.2908788206898414,0.11009642225492222,0.2838028999034868,0.28876392273775664,10111810,0.5073957443237305,29805,0.0,PRIMARY,PRIMARY_CANDIDATE,UNREVIEWED,UNREVIEWED,strict canonical three-seed group,within-subject protocol; patch axis is singleton/degenerate,3,"42,1024,3407",true,primary_pair_structurally_invalid,yes,PROVISIONAL,no,PROVISIONAL,yes,,,,/panfs/accrepfs.vampire/data/neurogroup/mingyangjiang/EEGxPlore/CBraMod/results/seedv/seedv_evalmode_frozen_patch_singleton_s42_20260804,,,,UNREVIEWED,summary.json + test_metrics.json
CBraMod,seedv,seedv_evalmode_frozen_generic_s42_20260804,/panfs/accrepfs.vampire/data/neurogroup/mingyangjiang/EEGxPlore/CBraMod/results/seedv/seedv_evalmode_frozen_generic_s42_20260804,generic_bottleneck,none,42,True,102,True,completed,5,0.11474321582793334,0.29327278088386477,0.11305587634891845,0.2892504477598282,0.2935554378212802,10108270,,26265,0.0,PRIMARY,PRIMARY_CANDIDATE,UNREVIEWED,UNREVIEWED,strict canonical three-seed group,within-subject protocol; patch axis is singleton/degenerate,3,"42,1024,3407",true,unknown,unknown,no,no,no,yes,,,,/panfs/accrepfs.vampire/data/neurogroup/mingyangjiang/EEGxPlore/CBraMod/results/seedv/seedv_evalmode_frozen_generic_s42_20260804,,,,UNREVIEWED,summary.json + test_metrics.json
CBraMod,seedv,seedv_evalmode_frozen_lora_qkv_r8_s42_20260804,/panfs/accrepfs.vampire/data/neurogroup/mingyangjiang/EEGxPlore/CBraMod/results/seedv/seedv_evalmode_frozen_lora_qkv_r8_s42_20260804,lora,none,42,True,102,True,completed,17,0.21171251577085115,0.3815379686624684,0.23047322396546233,0.38342825703241834,0.39145469335203414,10158805,,0,0.0,PRIMARY,PRIMARY_CANDIDATE,UNREVIEWED,UNREVIEWED,strict canonical three-seed group,within-subject protocol; patch axis is singleton/degenerate,3,"42,1024,3407",true,unknown,unknown,no,no,no,yes,,,,/panfs/accrepfs.vampire/data/neurogroup/mingyangjiang/EEGxPlore/CBraMod/results/seedv/seedv_evalmode_frozen_lora_qkv_r8_s42_20260804,,,,UNREVIEWED,summary.json + test_metrics.json
CBraMod,seedv,seedv_evalmode_frozen_upper2_s42_20260804,/panfs/accrepfs.vampire/data/neurogroup/mingyangjiang/EEGxPlore/CBraMod/results/seedv/seedv_evalmode_frozen_upper2_s42_20260804,upper_k_finetune,none,42,True,102,True,completed,14,0.19835125514351248,0.3913698888844211,0.242431646016815,0.3927003265206678,0.4009271779362901,10887205,,0,0.0,PRIMARY,PRIMARY_CANDIDATE,UNREVIEWED,UNREVIEWED,strict canonical three-seed group,within-subject protocol; patch axis is singleton/degenerate,3,"42,1024,3407",true,unknown,unknown,no,no,no,yes,,,,/panfs/accrepfs.vampire/data/neurogroup/mingyangjiang/EEGxPlore/CBraMod/results/seedv/seedv_evalmode_frozen_upper2_s42_20260804,,,,UNREVIEWED,summary.json + test_metrics.json
CBraMod,seedv,seedv_evalmode_frozen_axis_blind_s42_20260804,/panfs/accrepfs.vampire/data/neurogroup/mingyangjiang/EEGxPlore/CBraMod/results/seedv/seedv_evalmode_frozen_axis_blind_s42_20260804,axis_blind,generic_token_control,42,True,102,True,completed,5,0.11587051637523493,0.2947997448294509,0.11518687748745593,0.29005141124950845,0.2946620884146674,10141954,,59949,0.0,PRIMARY,PRIMARY_CANDIDATE,UNREVIEWED,UNREVIEWED,strict canonical three-seed group,within-subject protocol; patch axis is singleton/degenerate,3,"42,1024,3407",true,primary_pair_structurally_invalid,unknown,no,no,no,yes,,,,/panfs/accrepfs.vampire/data/neurogroup/mingyangjiang/EEGxPlore/CBraMod/results/seedv/seedv_evalmode_frozen_axis_blind_s42_20260804,,,,UNREVIEWED,summary.json + test_metrics.json
CBraMod,seedv,seedv_evalmode_frozen_dense_s1024_20260804,/panfs/accrepfs.vampire/data/neurogroup/mingyangjiang/EEGxPlore/CBraMod/results/seedv/seedv_evalmode_frozen_dense_s1024_20260804,frozen_probe,none,1024,True,102,True,completed,13,0.10830259055681846,0.2974509276419053,0.11955363242396444,0.2943688133968042,0.29968074285288016,10082005,,0,0.0,PRIMARY,PRIMARY_CANDIDATE,UNREVIEWED,UNREVIEWED,strict canonical three-seed group,within-subject protocol; patch axis is singleton/degenerate,3,"42,1024,3407",true,unknown,unknown,PROVISIONAL,no,no,yes,,,,/panfs/accrepfs.vampire/data/neurogroup/mingyangjiang/EEGxPlore/CBraMod/results/seedv/seedv_evalmode_frozen_dense_s1024_20260804,,,,UNREVIEWED,summary.json + test_metrics.json
CBraMod,seedv,seedv_evalmode_frozen_channel_s1024_lr1e-5_20260804,/panfs/accrepfs.vampire/data/neurogroup/mingyangjiang/EEGxPlore/CBraMod/results/seedv/seedv_evalmode_frozen_channel_s1024_lr1e-5_20260804,interaction_aligned,channel,1024,True,102,True,completed,13,0.10715444877360125,0.2911470986043746,0.11102726904709448,0.29075242309834515,0.2947268347376295,10111810,0.24769067764282227,29805,0.0,PRIMARY,PRIMARY_CANDIDATE,UNREVIEWED,UNREVIEWED,strict canonical three-seed group,within-subject protocol; patch axis is singleton/degenerate,3,"42,1024,3407",true,primary_pair_structurally_invalid,yes,PROVISIONAL,no,PROVISIONAL,yes,,,,/panfs/accrepfs.vampire/data/neurogroup/mingyangjiang/EEGxPlore/CBraMod/results/seedv/seedv_evalmode_frozen_channel_s1024_lr1e-5_20260804,,,,UNREVIEWED,summary.json + test_metrics.json
CBraMod,seedv,seedv_evalmode_frozen_patch_singleton_s1024_20260804,/panfs/accrepfs.vampire/data/neurogroup/mingyangjiang/EEGxPlore/CBraMod/results/seedv/seedv_evalmode_frozen_patch_singleton_s1024_20260804,interaction_aligned,patch,1024,True,102,True,completed,13,0.10711238657647792,0.2965905683838764,0.12000009477710205,0.29628109040295014,0.3029047608653736,10111810,0.49586719274520874,29805,0.0,PRIMARY,PRIMARY_CANDIDATE,UNREVIEWED,UNREVIEWED,strict canonical three-seed group,within-subject protocol; patch axis is singleton/degenerate,3,"42,1024,3407",true,primary_pair_structurally_invalid,yes,PROVISIONAL,no,PROVISIONAL,yes,,,,/panfs/accrepfs.vampire/data/neurogroup/mingyangjiang/EEGxPlore/CBraMod/results/seedv/seedv_evalmode_frozen_patch_singleton_s1024_20260804,,,,UNREVIEWED,summary.json + test_metrics.json
CBraMod,seedv,seedv_evalmode_frozen_generic_s1024_20260804,/panfs/accrepfs.vampire/data/neurogroup/mingyangjiang/EEGxPlore/CBraMod/results/seedv/seedv_evalmode_frozen_generic_s1024_20260804,generic_bottleneck,none,1024,True,102,True,completed,5,0.1171560180048582,0.294764441240966,0.11541017041287605,0.2948937702590357,0.29902430687271664,10108270,,26265,0.0,PRIMARY,PRIMARY_CANDIDATE,UNREVIEWED,UNREVIEWED,strict canonical three-seed group,within-subject protocol; patch axis is singleton/degenerate,3,"42,1024,3407",true,unknown,unknown,no,no,no,yes,,,,/panfs/accrepfs.vampire/data/neurogroup/mingyangjiang/EEGxPlore/CBraMod/results/seedv/seedv_evalmode_frozen_generic_s1024_20260804,,,,UNREVIEWED,summary.json + test_metrics.json
CBraMod,seedv,seedv_evalmode_frozen_lora_qkv_r8_s1024_20260804,/panfs/accrepfs.vampire/data/neurogroup/mingyangjiang/EEGxPlore/CBraMod/results/seedv/seedv_evalmode_frozen_lora_qkv_r8_s1024_20260804,lora,none,1024,True,102,True,completed,16,0.2109033659111157,0.3867902250139227,0.2350602402969746,0.3862253754203979,0.39334285536144853,10158805,,0,0.0,PRIMARY,PRIMARY_CANDIDATE,UNREVIEWED,UNREVIEWED,strict canonical three-seed group,within-subject protocol; patch axis is singleton/degenerate,3,"42,1024,3407",true,unknown,unknown,no,no,no,yes,,,,/panfs/accrepfs.vampire/data/neurogroup/mingyangjiang/EEGxPlore/CBraMod/results/seedv/seedv_evalmode_frozen_lora_qkv_r8_s1024_20260804,,,,UNREVIEWED,summary.json + test_metrics.json
CBraMod,seedv,seedv_evalmode_frozen_upper2_s1024_20260804,/panfs/accrepfs.vampire/data/neurogroup/mingyangjiang/EEGxPlore/CBraMod/results/seedv/seedv_evalmode_frozen_upper2_s1024_20260804,upper_k_finetune,none,1024,True,102,True,completed,17,0.1984930022652277,0.3892243661120306,0.23905169859105813,0.389832491222247,0.3972784537978518,10887205,,0,0.0,PRIMARY,PRIMARY_CANDIDATE,UNREVIEWED,UNREVIEWED,strict canonical three-seed group,within-subject protocol; patch axis is singleton/degenerate,3,"42,1024,3407",true,unknown,unknown,no,no,no,yes,,,,/panfs/accrepfs.vampire/data/neurogroup/mingyangjiang/EEGxPlore/CBraMod/results/seedv/seedv_evalmode_frozen_upper2_s1024_20260804,,,,UNREVIEWED,summary.json + test_metrics.json
CBraMod,seedv,seedv_evalmode_frozen_axis_blind_s1024_20260804,/panfs/accrepfs.vampire/data/neurogroup/mingyangjiang/EEGxPlore/CBraMod/results/seedv/seedv_evalmode_frozen_axis_blind_s1024_20260804,axis_blind,generic_token_control,1024,True,102,True,completed,5,0.11700477065469927,0.2971407044569917,0.11887990745562338,0.2971234244792269,0.3017802980985625,10141954,,59949,0.0,PRIMARY,PRIMARY_CANDIDATE,UNREVIEWED,UNREVIEWED,strict canonical three-seed group,within-subject protocol; patch axis is singleton/degenerate,3,"42,1024,3407",true,primary_pair_structurally_invalid,unknown,no,no,no,yes,,,,/panfs/accrepfs.vampire/data/neurogroup/mingyangjiang/EEGxPlore/CBraMod/results/seedv/seedv_evalmode_frozen_axis_blind_s1024_20260804,,,,UNREVIEWED,summary.json + test_metrics.json
CBraMod,seedv,seedv_evalmode_frozen_dense_s3407_20260804,/panfs/accrepfs.vampire/data/neurogroup/mingyangjiang/EEGxPlore/CBraMod/results/seedv/seedv_evalmode_frozen_dense_s3407_20260804,frozen_probe,none,3407,True,102,True,completed,10,0.1126418539104832,0.29973132813597125,0.1228544096555827,0.28764286457921145,0.2948582455688621,10082005,,0,0.0,PRIMARY,PRIMARY_CANDIDATE,UNREVIEWED,UNREVIEWED,strict canonical three-seed group,within-subject protocol; patch axis is singleton/degenerate,3,"42,1024,3407",true,unknown,unknown,PROVISIONAL,no,no,yes,,,,/panfs/accrepfs.vampire/data/neurogroup/mingyangjiang/EEGxPlore/CBraMod/results/seedv/seedv_evalmode_frozen_dense_s3407_20260804,,,,UNREVIEWED,summary.json + test_metrics.json
CBraMod,seedv,seedv_evalmode_frozen_channel_s3407_lr1e-5_20260804,/panfs/accrepfs.vampire/data/neurogroup/mingyangjiang/EEGxPlore/CBraMod/results/seedv/seedv_evalmode_frozen_channel_s3407_lr1e-5_20260804,interaction_aligned,channel,3407,True,102,True,completed,10,0.1118485885541679,0.296139844846257,0.11836499239636145,0.28097478179789287,0.28848139295612957,10111810,0.2488143891096115,29805,0.0,PRIMARY,PRIMARY_CANDIDATE,UNREVIEWED,UNREVIEWED,strict canonical three-seed group,within-subject protocol; patch axis is singleton/degenerate,3,"42,1024,3407",true,primary_pair_structurally_invalid,yes,PROVISIONAL,no,PROVISIONAL,yes,,,,/panfs/accrepfs.vampire/data/neurogroup/mingyangjiang/EEGxPlore/CBraMod/results/seedv/seedv_evalmode_frozen_channel_s3407_lr1e-5_20260804,,,,UNREVIEWED,summary.json + test_metrics.json
CBraMod,seedv,seedv_evalmode_frozen_patch_singleton_s3407_20260804,/panfs/accrepfs.vampire/data/neurogroup/mingyangjiang/EEGxPlore/CBraMod/results/seedv/seedv_evalmode_frozen_patch_singleton_s3407_20260804,interaction_aligned,patch,3407,True,102,True,completed,25,0.11023250478447177,0.2977857747164364,0.12057424235301395,0.2988113814871551,0.3039129687511621,10111810,0.5107443928718567,29805,0.0,PRIMARY,PRIMARY_CANDIDATE,UNREVIEWED,UNREVIEWED,strict canonical three-seed group,within-subject protocol; patch axis is singleton/degenerate,3,"42,1024,3407",true,primary_pair_structurally_invalid,yes,PROVISIONAL,no,PROVISIONAL,yes,,,,/panfs/accrepfs.vampire/data/neurogroup/mingyangjiang/EEGxPlore/CBraMod/results/seedv/seedv_evalmode_frozen_patch_singleton_s3407_20260804,,,,UNREVIEWED,summary.json + test_metrics.json
CBraMod,seedv,seedv_evalmode_frozen_generic_s3407_20260804,/panfs/accrepfs.vampire/data/neurogroup/mingyangjiang/EEGxPlore/CBraMod/results/seedv/seedv_evalmode_frozen_generic_s3407_20260804,generic_bottleneck,none,3407,True,102,True,completed,14,0.1151559677608075,0.293487994219922,0.11169233784283494,0.29012982862273634,0.290626152617409,10108270,,26265,0.0,PRIMARY,PRIMARY_CANDIDATE,UNREVIEWED,UNREVIEWED,strict canonical three-seed group,within-subject protocol; patch axis is singleton/degenerate,3,"42,1024,3407",true,unknown,unknown,no,no,no,yes,,,,/panfs/accrepfs.vampire/data/neurogroup/mingyangjiang/EEGxPlore/CBraMod/results/seedv/seedv_evalmode_frozen_generic_s3407_20260804,,,,UNREVIEWED,summary.json + test_metrics.json
CBraMod,seedv,seedv_evalmode_frozen_lora_qkv_r8_s3407_20260804,/panfs/accrepfs.vampire/data/neurogroup/mingyangjiang/EEGxPlore/CBraMod/results/seedv/seedv_evalmode_frozen_lora_qkv_r8_s3407_20260804,lora,none,3407,True,102,True,completed,21,0.2004919713049217,0.38314387377183884,0.23386297981557047,0.38374999623511946,0.3927679570764286,10158805,,0,0.0,PRIMARY,PRIMARY_CANDIDATE,UNREVIEWED,UNREVIEWED,strict canonical three-seed group,within-subject protocol; patch axis is singleton/degenerate,3,"42,1024,3407",true,unknown,unknown,no,no,no,yes,,,,/panfs/accrepfs.vampire/data/neurogroup/mingyangjiang/EEGxPlore/CBraMod/results/seedv/seedv_evalmode_frozen_lora_qkv_r8_s3407_20260804,,,,UNREVIEWED,summary.json + test_metrics.json
CBraMod,seedv,seedv_evalmode_frozen_upper2_s3407_requeue_20260805,/panfs/accrepfs.vampire/data/neurogroup/mingyangjiang/EEGxPlore/CBraMod/results/seedv/seedv_evalmode_frozen_upper2_s3407_requeue_20260805,upper_k_finetune,none,3407,True,102,True,completed,9,0.2038839717761719,0.38883403702200003,0.23642263336649239,0.3818443075764133,0.38919665572669876,10887205,,0,0.0,PRIMARY,PRIMARY_CANDIDATE,UNREVIEWED,UNREVIEWED,strict canonical three-seed group,within-subject protocol; patch axis is singleton/degenerate,3,"42,1024,3407",true,unknown,unknown,no,no,no,yes,,,,/panfs/accrepfs.vampire/data/neurogroup/mingyangjiang/EEGxPlore/CBraMod/results/seedv/seedv_evalmode_frozen_upper2_s3407_requeue_20260805,,,,UNREVIEWED,summary.json + test_metrics.json
CBraMod,seedv,seedv_evalmode_frozen_axis_blind_s3407_requeue_20260805,/panfs/accrepfs.vampire/data/neurogroup/mingyangjiang/EEGxPlore/CBraMod/results/seedv/seedv_evalmode_frozen_axis_blind_s3407_requeue_20260805,axis_blind,generic_token_control,3407,True,102,True,completed,25,0.11723456715529901,0.30977179298799296,0.13543871517007755,0.31077615432821776,0.31547402258168256,10141954,,59949,0.0,PRIMARY,PRIMARY_CANDIDATE,UNREVIEWED,UNREVIEWED,strict canonical three-seed group,within-subject protocol; patch axis is singleton/degenerate,3,"42,1024,3407",true,primary_pair_structurally_invalid,unknown,no,no,no,yes,,,,/panfs/accrepfs.vampire/data/neurogroup/mingyangjiang/EEGxPlore/CBraMod/results/seedv/seedv_evalmode_frozen_axis_blind_s3407_requeue_20260805,,,,UNREVIEWED,summary.json + test_metrics.json
CBraMod,seedv,seedv_native_channel_r32_s42_gate_20260805,/panfs/accrepfs.vampire/data/neurogroup/mingyangjiang/EEGxPlore/CBraMod/results/seedv/seedv_native_channel_r32_s42_gate_20260805,interaction_aligned,channel,42,False,2,True,completed,5,0.11283651373574333,0.29146440496243325,0.1125346493102013,0.28745126605014326,0.2938868805532945,10092962,0.30324339866638184,10957,0.0,SUPPORTING,SUPPORTING_CANDIDATE,UNREVIEWED,UNREVIEWED,completed legacy or non-strict artifact; manual audit required,within-subject protocol; patch axis is singleton/degenerate,3,"42,1024,3407",true,control_only,yes,no,no,no,yes,,,,/panfs/accrepfs.vampire/data/neurogroup/mingyangjiang/EEGxPlore/CBraMod/results/seedv/seedv_native_channel_r32_s42_gate_20260805,,,,UNREVIEWED,summary.json + test_metrics.json
CBraMod,tuev,tuev_smoke_dense_s42,/panfs/accrepfs.vampire/data/neurogroup/mingyangjiang/EEGxPlore/CBraMod/results/tuev/tuev_smoke_dense_s42,full_finetune,none,42,False,-1000,True,completed,1,0.0,0.5,0.0,0.12820512820512822,0.4807692307692308,21086206,,0,0.3822936713695526,PILOT,PILOT_CANDIDATE,UNREVIEWED,UNREVIEWED,completed exploratory artifact outside locked packet,,3,"42,1024,3407",true,unknown,unknown,no,no,no,yes,,,,/panfs/accrepfs.vampire/data/neurogroup/mingyangjiang/EEGxPlore/CBraMod/results/tuev/tuev_smoke_dense_s42,,,,UNREVIEWED,summary.json + test_metrics.json
CBraMod,tuev,tuev_smoke_channel_s42,/panfs/accrepfs.vampire/data/neurogroup/mingyangjiang/EEGxPlore/CBraMod/results/tuev/tuev_smoke_channel_s42,interaction_aligned,channel,42,False,-1000,True,completed,1,0.0,0.5,0.0,0.12820512820512822,0.4807692307692308,16232211,1.5233231351885479e-05,29805,0.0,PILOT,PILOT_CANDIDATE,UNREVIEWED,UNREVIEWED,completed exploratory artifact outside locked packet,,3,"42,1024,3407",true,control_only,yes,no,no,no,yes,,,,/panfs/accrepfs.vampire/data/neurogroup/mingyangjiang/EEGxPlore/CBraMod/results/tuev/tuev_smoke_channel_s42,,,,UNREVIEWED,summary.json + test_metrics.json
CBraMod,tuev,tuev_cbramod_dense_s42_lr1e-4_b8_e25,/panfs/accrepfs.vampire/data/neurogroup/mingyangjiang/EEGxPlore/CBraMod/results/tuev/tuev_cbramod_dense_s42_lr1e-4_b8_e25,full_finetune,none,42,False,-1000,True,completed,2,0.7122350537435097,0.6353592191632633,0.6489200677969522,0.5969069088496289,0.8120566641598465,21086206,,0,0.15397511422634125,SUPPORTING,SUPPORTING_CANDIDATE,UNREVIEWED,UNREVIEWED,completed legacy or non-strict artifact; manual audit required,,3,"42,1024,3407",true,unknown,unknown,no,no,no,yes,,,,/panfs/accrepfs.vampire/data/neurogroup/mingyangjiang/EEGxPlore/CBraMod/results/tuev/tuev_cbramod_dense_s42_lr1e-4_b8_e25,,,,UNREVIEWED,summary.json + test_metrics.json
CBraMod,tuev,tuev_cbramod_dense_s42_lr2e-4_b8_e25,/panfs/accrepfs.vampire/data/neurogroup/mingyangjiang/EEGxPlore/CBraMod/results/tuev/tuev_cbramod_dense_s42_lr2e-4_b8_e25,full_finetune,none,42,False,-1000,True,completed,18,0.7077302838143984,0.5879778073840499,0.5693955011105292,0.5369494068182278,0.7820118467020774,21086206,,0,0.15822137892246246,SUPPORTING,SUPPORTING_CANDIDATE,UNREVIEWED,UNREVIEWED,completed legacy or non-strict artifact; manual audit required,,3,"42,1024,3407",true,unknown,unknown,no,no,no,yes,,,,/panfs/accrepfs.vampire/data/neurogroup/mingyangjiang/EEGxPlore/CBraMod/results/tuev/tuev_cbramod_dense_s42_lr2e-4_b8_e25,,,,UNREVIEWED,summary.json + test_metrics.json
CBraMod,tuev,tuev_cbramod_dense_s42_lr3e-4_b8_e20,/panfs/accrepfs.vampire/data/neurogroup/mingyangjiang/EEGxPlore/CBraMod/results/tuev/tuev_cbramod_dense_s42_lr3e-4_b8_e20,full_finetune,none,42,False,102,True,completed,5,0.6799024745326252,0.615160349051229,0.6437350925060317,0.5445261662064692,0.817991310561134,21086206,,0,0.20151935517787933,SUPPORTING,SUPPORTING_CANDIDATE,UNREVIEWED,UNREVIEWED,completed legacy or non-strict artifact; manual audit required,,3,"42,1024,3407",true,unknown,unknown,no,no,no,yes,,,,/panfs/accrepfs.vampire/data/neurogroup/mingyangjiang/EEGxPlore/CBraMod/results/tuev/tuev_cbramod_dense_s42_lr3e-4_b8_e20,,,,UNREVIEWED,summary.json + test_metrics.json
CBraMod,tuev,tuev_cbramod_dense_source_fidelity_s42_lr1e-4_b8_e20,/panfs/accrepfs.vampire/data/neurogroup/mingyangjiang/EEGxPlore/CBraMod/results/tuev/tuev_cbramod_dense_source_fidelity_s42_lr1e-4_b8_e20,full_finetune,none,42,False,-1000,True,completed,8,0.6835127227579514,0.5959280740671211,0.6360066966709615,0.5715497363148176,0.8117890769980128,21086206,,0,0.16628438234329224,PILOT,PILOT_CANDIDATE,UNREVIEWED,UNREVIEWED,completed exploratory artifact outside locked packet,,3,"42,1024,3407",true,unknown,unknown,no,no,no,yes,,,,/panfs/accrepfs.vampire/data/neurogroup/mingyangjiang/EEGxPlore/CBraMod/results/tuev/tuev_cbramod_dense_source_fidelity_s42_lr1e-4_b8_e20,,,,UNREVIEWED,summary.json + test_metrics.json
CBraMod,tuev,tuev_cbramod_frozen_channel_patch_s42_r64_lr1e-4_b8_e20,/panfs/accrepfs.vampire/data/neurogroup/mingyangjiang/EEGxPlore/CBraMod/results/tuev/tuev_cbramod_frozen_channel_patch_s42_r64_lr1e-4_b8_e20,interaction_aligned,channel_patch,42,True,107,True,completed,13,0.6676918939021711,0.44257555777800617,0.4296084848679441,0.4638179195160819,0.7066781414404987,16262016,0.6015414595603943,59610,0.0,PRIMARY,PRIMARY_CANDIDATE,UNREVIEWED,UNREVIEWED,strict canonical three-seed group,,3,"42,1024,3407",true,primary_pair_unverified,yes,PROVISIONAL,PROVISIONAL,PROVISIONAL,yes,,,,/panfs/accrepfs.vampire/data/neurogroup/mingyangjiang/EEGxPlore/CBraMod/results/tuev/tuev_cbramod_frozen_channel_patch_s42_r64_lr1e-4_b8_e20,,,,UNREVIEWED,summary.json + test_metrics.json
CBraMod,tuev,tuev_cbramod_dense_s42_lr1e-4_b8_e20,/panfs/accrepfs.vampire/data/neurogroup/mingyangjiang/EEGxPlore/CBraMod/results/tuev/tuev_cbramod_dense_s42_lr1e-4_b8_e20,full_finetune,none,42,True,107,True,completed,5,0.6838281323829178,0.6187851311407706,0.6326770201492334,0.5277150656834997,0.8111272563143976,21086206,,0,0.16728784143924713,PRIMARY,PRIMARY_CANDIDATE,UNREVIEWED,UNREVIEWED,strict canonical three-seed group,,3,"42,1024,3407",true,unknown,unknown,no,no,no,yes,,,,/panfs/accrepfs.vampire/data/neurogroup/mingyangjiang/EEGxPlore/CBraMod/results/tuev/tuev_cbramod_dense_s42_lr1e-4_b8_e20,,,,UNREVIEWED,summary.json + test_metrics.json
CBraMod,tuev,tuev_cbramod_frozen_generic_s42_r64_lr1e-4_b8_e20,/panfs/accrepfs.vampire/data/neurogroup/mingyangjiang/EEGxPlore/CBraMod/results/tuev/tuev_cbramod_frozen_generic_s42_r64_lr1e-4_b8_e20,generic_bottleneck,none,42,True,107,True,completed,13,0.6684066562937346,0.4469931134879503,0.4388536472057195,0.4697045270602682,0.7115076694982526,16228671,,26265,0.0,PRIMARY,PRIMARY_CANDIDATE,UNREVIEWED,UNREVIEWED,strict canonical three-seed group,,3,"42,1024,3407",true,unknown,unknown,no,no,no,yes,,,,/panfs/accrepfs.vampire/data/neurogroup/mingyangjiang/EEGxPlore/CBraMod/results/tuev/tuev_cbramod_frozen_generic_s42_r64_lr1e-4_b8_e20,,,,UNREVIEWED,summary.json + test_metrics.json
CBraMod,tuev,tuev_cbramod_frozen_axisblind_s42_r148_lr1e-4_b8_e20,/panfs/accrepfs.vampire/data/neurogroup/mingyangjiang/EEGxPlore/CBraMod/results/tuev/tuev_cbramod_frozen_axisblind_s42_r148_lr1e-4_b8_e20,axis_blind,generic_token_control,42,True,107,True,completed,13,0.6733683767964636,0.4484764421640722,0.44637853176665965,0.4719184890066499,0.7155010797330563,16262355,,59949,0.0,PRIMARY,PRIMARY_CANDIDATE,UNREVIEWED,UNREVIEWED,strict canonical three-seed group,,3,"42,1024,3407",true,primary_pair_unverified,unknown,no,PROVISIONAL,no,yes,,,,/panfs/accrepfs.vampire/data/neurogroup/mingyangjiang/EEGxPlore/CBraMod/results/tuev/tuev_cbramod_frozen_axisblind_s42_r148_lr1e-4_b8_e20,,,,UNREVIEWED,summary.json + test_metrics.json
CBraMod,tuev,tuev_cbramod_frozen_probe_s42_lr1e-4_b8_e20,/panfs/accrepfs.vampire/data/neurogroup/mingyangjiang/EEGxPlore/CBraMod/results/tuev/tuev_cbramod_frozen_probe_s42_lr1e-4_b8_e20,frozen_probe,none,42,True,107,True,completed,5,0.6853795791249961,0.498625760073093,0.47123591970337864,0.49270968095199646,0.7276106191897643,16202406,,0,0.0,PRIMARY,PRIMARY_CANDIDATE,UNREVIEWED,UNREVIEWED,strict canonical three-seed group,,3,"42,1024,3407",true,unknown,unknown,PROVISIONAL,no,no,yes,,,,/panfs/accrepfs.vampire/data/neurogroup/mingyangjiang/EEGxPlore/CBraMod/results/tuev/tuev_cbramod_frozen_probe_s42_lr1e-4_b8_e20,,,,UNREVIEWED,summary.json + test_metrics.json
CBraMod,tuev,tuev_cbramod_frozen_lora_qkv_r8_s42_lr1e-4_b8_e20,/panfs/accrepfs.vampire/data/neurogroup/mingyangjiang/EEGxPlore/CBraMod/results/tuev/tuev_cbramod_frozen_lora_qkv_r8_s42_lr1e-4_b8_e20,lora,none,42,True,107,True,completed,12,0.7748769724969009,0.5653152861956737,0.554942498936728,0.5306642713326668,0.7695771453261946,16279206,,0,0.0,PRIMARY,PRIMARY_CANDIDATE,UNREVIEWED,UNREVIEWED,strict canonical three-seed group,,3,"42,1024,3407",true,unknown,unknown,no,no,no,yes,,,,/panfs/accrepfs.vampire/data/neurogroup/mingyangjiang/EEGxPlore/CBraMod/results/tuev/tuev_cbramod_frozen_lora_qkv_r8_s42_lr1e-4_b8_e20,,,,UNREVIEWED,summary.json + test_metrics.json
CBraMod,tuev,tuev_cbramod_frozen_channel_s42_r64_lr1e-4_b8_e20,/panfs/accrepfs.vampire/data/neurogroup/mingyangjiang/EEGxPlore/CBraMod/results/tuev/tuev_cbramod_frozen_channel_s42_r64_lr1e-4_b8_e20,interaction_aligned,channel,42,True,107,True,completed,14,0.6542459045279547,0.4535935207170716,0.4481052957013847,0.4725227680440451,0.7175116161469016,16232211,0.3141558766365051,29805,0.0,PRIMARY,PRIMARY_CANDIDATE,UNREVIEWED,UNREVIEWED,strict canonical three-seed group,,3,"42,1024,3407",true,primary_pair_structurally_invalid,yes,PROVISIONAL,no,PROVISIONAL,yes,,,,/panfs/accrepfs.vampire/data/neurogroup/mingyangjiang/EEGxPlore/CBraMod/results/tuev/tuev_cbramod_frozen_channel_s42_r64_lr1e-4_b8_e20,,,,UNREVIEWED,summary.json + test_metrics.json
CBraMod,tuev,tuev_cbramod_frozen_patch_s42_r64_lr1e-4_b8_e20,/panfs/accrepfs.vampire/data/neurogroup/mingyangjiang/EEGxPlore/CBraMod/results/tuev/tuev_cbramod_frozen_patch_s42_r64_lr1e-4_b8_e20,interaction_aligned,patch,42,True,107,True,completed,12,0.6917747171218971,0.4529235104920515,0.4475164006818122,0.47255050121362707,0.7170919992681187,16232211,0.512704074382782,29805,0.0,PRIMARY,PRIMARY_CANDIDATE,UNREVIEWED,UNREVIEWED,strict canonical three-seed group,,3,"42,1024,3407",true,primary_pair_structurally_invalid,yes,PROVISIONAL,no,PROVISIONAL,yes,,,,/panfs/accrepfs.vampire/data/neurogroup/mingyangjiang/EEGxPlore/CBraMod/results/tuev/tuev_cbramod_frozen_patch_s42_r64_lr1e-4_b8_e20,,,,UNREVIEWED,summary.json + test_metrics.json
CBraMod,tuev,tuev_cbramod_upper2_s42_lr1e-4_b8_e20,/panfs/accrepfs.vampire/data/neurogroup/mingyangjiang/EEGxPlore/CBraMod/results/tuev/tuev_cbramod_upper2_s42_lr1e-4_b8_e20,upper_k_finetune,none,42,True,107,True,completed,9,0.6876502819926855,0.524402037858733,0.5261791368031639,0.5007928748295982,0.7554505800208469,17007606,,0,0.0,PRIMARY,PRIMARY_CANDIDATE,UNREVIEWED,UNREVIEWED,strict canonical three-seed group,,3,"42,1024,3407",true,unknown,unknown,no,no,no,yes,,,,/panfs/accrepfs.vampire/data/neurogroup/mingyangjiang/EEGxPlore/CBraMod/results/tuev/tuev_cbramod_upper2_s42_lr1e-4_b8_e20,,,,UNREVIEWED,summary.json + test_metrics.json
CBraMod,tuev,tuev_cbramod_full_channel_s42_r64_lr1e-4_b8_e20,/panfs/accrepfs.vampire/data/neurogroup/mingyangjiang/EEGxPlore/CBraMod/results/tuev/tuev_cbramod_full_channel_s42_r64_lr1e-4_b8_e20,native_full_finetune,channel,42,True,107,True,completed,9,0.6821820472527116,0.6017625967860664,0.5841390564625697,0.5392126114032741,0.7866767857436044,21116011,0.03360530361533165,29805,0.16490770876407623,PRIMARY,PRIMARY_CANDIDATE,UNREVIEWED,UNREVIEWED,strict canonical three-seed group,,3,"42,1024,3407",true,unknown,unknown,no,no,PROVISIONAL,yes,,,,/panfs/accrepfs.vampire/data/neurogroup/mingyangjiang/EEGxPlore/CBraMod/results/tuev/tuev_cbramod_full_channel_s42_r64_lr1e-4_b8_e20,,,,UNREVIEWED,summary.json + test_metrics.json
CBraMod,tuev,tuev_cbramod_full_channel_patch_s42_r64_lr1e-4_b8_e20,/panfs/accrepfs.vampire/data/neurogroup/mingyangjiang/EEGxPlore/CBraMod/results/tuev/tuev_cbramod_full_channel_patch_s42_r64_lr1e-4_b8_e20,native_full_finetune,channel_patch,42,True,107,True,completed,2,0.7041064937692879,0.6231449034225783,0.6321316862110228,0.6044132413580896,0.8071421920319624,21145816,0.02916593663394451,59610,0.16824454069137573,PRIMARY,PRIMARY_CANDIDATE,UNREVIEWED,UNREVIEWED,strict canonical three-seed group,,3,"42,1024,3407",true,unknown,unknown,no,no,PROVISIONAL,yes,,,,/panfs/accrepfs.vampire/data/neurogroup/mingyangjiang/EEGxPlore/CBraMod/results/tuev/tuev_cbramod_full_channel_patch_s42_r64_lr1e-4_b8_e20,,,,UNREVIEWED,summary.json + test_metrics.json
CBraMod,tuev,tuev_cbramod_full_patch_s42_r64_lr1e-4_b8_e20,/panfs/accrepfs.vampire/data/neurogroup/mingyangjiang/EEGxPlore/CBraMod/results/tuev/tuev_cbramod_full_patch_s42_r64_lr1e-4_b8_e20,native_full_finetune,patch,42,True,107,True,completed,4,0.6993592949762408,0.6273666265213005,0.6115365243712909,0.5773766381450679,0.7981348324468086,21116011,4.899381167433603e-08,29805,0.16970747709274292,PRIMARY,PRIMARY_CANDIDATE,UNREVIEWED,UNREVIEWED,strict canonical three-seed group,,3,"42,1024,3407",true,unknown,unknown,no,no,PROVISIONAL,yes,,,,/panfs/accrepfs.vampire/data/neurogroup/mingyangjiang/EEGxPlore/CBraMod/results/tuev/tuev_cbramod_full_patch_s42_r64_lr1e-4_b8_e20,,,,UNREVIEWED,summary.json + test_metrics.json
CBraMod,tuev,tuev_cbramod_stability15_frozen_channel_patch_s42_w3_e15_h1e-4_a2p5e-5_as0p25,/panfs/accrepfs.vampire/data/neurogroup/mingyangjiang/EEGxPlore/CBraMod/results/tuev/tuev_cbramod_stability15_frozen_channel_patch_s42_w3_e15_h1e-4_a2p5e-5_as0p25,interaction_aligned,channel_patch,42,False,-1000,True,completed,1,0.6934443676517661,0.3982741140367863,0.48169340158610685,0.41864502794550645,0.7331636225658572,16262016,0.5756499171257019,59610,0.0,PILOT,PILOT_CANDIDATE,UNREVIEWED,UNREVIEWED,completed exploratory artifact outside locked packet,,3,"42,1024,3407",true,control_only,yes,no,no,no,yes,,,,/panfs/accrepfs.vampire/data/neurogroup/mingyangjiang/EEGxPlore/CBraMod/results/tuev/tuev_cbramod_stability15_frozen_channel_patch_s42_w3_e15_h1e-4_a2p5e-5_as0p25,,,,UNREVIEWED,summary.json + test_metrics.json
CBraMod,tuev,tuev_cbramod_stability15_dense_s42_w3_e15_h1e-4,/panfs/accrepfs.vampire/data/neurogroup/mingyangjiang/EEGxPlore/CBraMod/results/tuev/tuev_cbramod_stability15_dense_s42_w3_e15_h1e-4,full_finetune,none,42,False,-1000,True,completed,2,0.740723793490353,0.5963100483863496,0.5712902686942314,0.5640741580704859,0.7818685415612505,21086206,,0,0.22224542498588562,PILOT,PILOT_CANDIDATE,UNREVIEWED,UNREVIEWED,completed exploratory artifact outside locked packet,,3,"42,1024,3407",true,unknown,unknown,no,no,no,yes,,,,/panfs/accrepfs.vampire/data/neurogroup/mingyangjiang/EEGxPlore/CBraMod/results/tuev/tuev_cbramod_stability15_dense_s42_w3_e15_h1e-4,,,,UNREVIEWED,summary.json + test_metrics.json
CBraMod,tuev,tuev_cbramod_stability15_frozen_probe_s42_w3_e15_h1e-4_resub,/panfs/accrepfs.vampire/data/neurogroup/mingyangjiang/EEGxPlore/CBraMod/results/tuev/tuev_cbramod_stability15_frozen_probe_s42_w3_e15_h1e-4_resub,frozen_probe,none,42,False,-1000,True,completed,1,0.6934443676517661,0.3982741140367863,0.48169340158610685,0.41864502794550645,0.7331636225658572,16202406,,0,0.0,PILOT,PILOT_CANDIDATE,UNREVIEWED,UNREVIEWED,completed exploratory artifact outside locked packet,,3,"42,1024,3407",true,unknown,unknown,no,no,no,yes,,,,/panfs/accrepfs.vampire/data/neurogroup/mingyangjiang/EEGxPlore/CBraMod/results/tuev/tuev_cbramod_stability15_frozen_probe_s42_w3_e15_h1e-4_resub,,,,UNREVIEWED,summary.json + test_metrics.json
CBraMod,tuev,tuev_cbramod_stability15_frozen_channel_s42_w3_e15_h1e-4_a2p5e-5_as0p25_resub2,/panfs/accrepfs.vampire/data/neurogroup/mingyangjiang/EEGxPlore/CBraMod/results/tuev/tuev_cbramod_stability15_frozen_channel_s42_w3_e15_h1e-4_a2p5e-5_as0p25_resub2,interaction_aligned,channel,42,False,-1000,True,completed,1,0.6934443676517661,0.3982741140367863,0.48169340158610685,0.41864502794550645,0.7331636225658572,16232211,0.3274480998516083,29805,0.0,PILOT,PILOT_CANDIDATE,UNREVIEWED,UNREVIEWED,completed exploratory artifact outside locked packet,,3,"42,1024,3407",true,control_only,yes,no,no,no,yes,,,,/panfs/accrepfs.vampire/data/neurogroup/mingyangjiang/EEGxPlore/CBraMod/results/tuev/tuev_cbramod_stability15_frozen_channel_s42_w3_e15_h1e-4_a2p5e-5_as0p25_resub2,,,,UNREVIEWED,summary.json + test_metrics.json
CBraMod,tuev,tuev_cbramod_stability15_frozen_channel_patch_s42_w3_e15_h1e-4_a5e-6_as0p05,/panfs/accrepfs.vampire/data/neurogroup/mingyangjiang/EEGxPlore/CBraMod/results/tuev/tuev_cbramod_stability15_frozen_channel_patch_s42_w3_e15_h1e-4_a5e-6_as0p05,interaction_aligned,channel_patch,42,False,-1000,True,completed,1,0.6934443676517661,0.3982741140367863,0.48169340158610685,0.41864502794550645,0.7331636225658572,16262016,0.38226786255836487,59610,0.0,PILOT,PILOT_CANDIDATE,UNREVIEWED,UNREVIEWED,completed exploratory artifact outside locked packet,,3,"42,1024,3407",true,control_only,yes,no,no,no,yes,,,,/panfs/accrepfs.vampire/data/neurogroup/mingyangjiang/EEGxPlore/CBraMod/results/tuev/tuev_cbramod_stability15_frozen_channel_patch_s42_w3_e15_h1e-4_a5e-6_as0p05,,,,UNREVIEWED,summary.json + test_metrics.json
CBraMod,tuev,tuev_cbramod_stability15_frozen_patch_s42_w3_e15_h1e-4_a2p5e-5_as0p25_resub2,/panfs/accrepfs.vampire/data/neurogroup/mingyangjiang/EEGxPlore/CBraMod/results/tuev/tuev_cbramod_stability15_frozen_patch_s42_w3_e15_h1e-4_a2p5e-5_as0p25_resub2,interaction_aligned,patch,42,False,-1000,True,completed,1,0.6934443676517661,0.3982741140367863,0.48169340158610685,0.41864502794550645,0.7331636225658572,16232211,0.48535168170928955,29805,0.0,PILOT,PILOT_CANDIDATE,UNREVIEWED,UNREVIEWED,completed exploratory artifact outside locked packet,,3,"42,1024,3407",true,control_only,yes,no,no,no,yes,,,,/panfs/accrepfs.vampire/data/neurogroup/mingyangjiang/EEGxPlore/CBraMod/results/tuev/tuev_cbramod_stability15_frozen_patch_s42_w3_e15_h1e-4_a2p5e-5_as0p25_resub2,,,,UNREVIEWED,summary.json + test_metrics.json
CBraMod,tuev,tuev_cbramod_headdropout03_frozen_channel_patch_s42_w3_e15_h1e-4_a5e-6_as0p05,/panfs/accrepfs.vampire/data/neurogroup/mingyangjiang/EEGxPlore/CBraMod/results/tuev/tuev_cbramod_headdropout03_frozen_channel_patch_s42_w3_e15_h1e-4_a5e-6_as0p05,interaction_aligned,channel_patch,42,False,-1000,True,completed,1,0.6920556366874271,0.37186728119141854,0.46079605146847846,0.3845042516730894,0.7216808008316484,16262016,0.4175662100315094,59610,0.0,PILOT,PILOT_CANDIDATE,UNREVIEWED,UNREVIEWED,completed exploratory artifact outside locked packet,,3,"42,1024,3407",true,control_only,yes,no,no,no,yes,,,,/panfs/accrepfs.vampire/data/neurogroup/mingyangjiang/EEGxPlore/CBraMod/results/tuev/tuev_cbramod_headdropout03_frozen_channel_patch_s42_w3_e15_h1e-4_a5e-6_as0p05,,,,UNREVIEWED,summary.json + test_metrics.json
CBraMod,tuev,tuev_cbramod_dense_s1024_lr1e-4_b8_e20,/panfs/accrepfs.vampire/data/neurogroup/mingyangjiang/EEGxPlore/CBraMod/results/tuev/tuev_cbramod_dense_s1024_lr1e-4_b8_e20,full_finetune,none,1024,True,107,True,completed,12,0.7084233401776322,0.6449209384201723,0.6258049121735196,0.6015572180823171,0.8053685026713142,21086206,,0,0.17189623415470123,PRIMARY,PRIMARY_CANDIDATE,UNREVIEWED,UNREVIEWED,strict canonical three-seed group,,3,"42,1024,3407",true,unknown,unknown,no,no,no,yes,,,,/panfs/accrepfs.vampire/data/neurogroup/mingyangjiang/EEGxPlore/CBraMod/results/tuev/tuev_cbramod_dense_s1024_lr1e-4_b8_e20,,,,UNREVIEWED,summary.json + test_metrics.json
CBraMod,tuev,tuev_cbramod_headdropout03_frozen_probe_s42_w3_e15_h1e-4,/panfs/accrepfs.vampire/data/neurogroup/mingyangjiang/EEGxPlore/CBraMod/results/tuev/tuev_cbramod_headdropout03_frozen_probe_s42_w3_e15_h1e-4,frozen_probe,none,42,False,-1000,True,completed,1,0.6920556366874271,0.37244340177661356,0.46128933554765383,0.38517877680957247,0.7219589907303363,16202406,,0,0.0,PILOT,PILOT_CANDIDATE,UNREVIEWED,UNREVIEWED,completed exploratory artifact outside locked packet,,3,"42,1024,3407",true,unknown,unknown,no,no,no,yes,,,,/panfs/accrepfs.vampire/data/neurogroup/mingyangjiang/EEGxPlore/CBraMod/results/tuev/tuev_cbramod_headdropout03_frozen_probe_s42_w3_e15_h1e-4,,,,UNREVIEWED,summary.json + test_metrics.json
CBraMod,tuev,tuev_cbramod_boundary_adapter_gamma025_s42_w3_e15_a5e-6_as0p05,/panfs/accrepfs.vampire/data/neurogroup/mingyangjiang/EEGxPlore/CBraMod/results/tuev/tuev_cbramod_boundary_adapter_gamma025_s42_w3_e15_a5e-6_as0p05,interaction_aligned,channel_patch,42,False,-1000,True,completed,1,0.6951275411173887,0.37244340177661356,0.46128933554765383,0.38517877680957247,0.7219589907303363,16262016,0.11532390117645264,59610,0.0,PILOT,PILOT_CANDIDATE,UNREVIEWED,UNREVIEWED,completed exploratory artifact outside locked packet,,3,"42,1024,3407",true,control_only,yes,no,no,no,yes,,,,/panfs/accrepfs.vampire/data/neurogroup/mingyangjiang/EEGxPlore/CBraMod/results/tuev/tuev_cbramod_boundary_adapter_gamma025_s42_w3_e15_a5e-6_as0p05,,,,UNREVIEWED,summary.json + test_metrics.json
CBraMod,tuev,tuev_cbramod_boundary_adapter_dropout01_s42_w3_e15_a5e-6_as0p05,/panfs/accrepfs.vampire/data/neurogroup/mingyangjiang/EEGxPlore/CBraMod/results/tuev/tuev_cbramod_boundary_adapter_dropout01_s42_w3_e15_a5e-6_as0p05,interaction_aligned,channel_patch,42,False,-1000,True,completed,1,0.6858033610814209,0.3697094491092614,0.4510304436427037,0.38287673798951855,0.7167494136105953,16262016,0.3888149857521057,59610,0.0,PILOT,PILOT_CANDIDATE,UNREVIEWED,UNREVIEWED,completed exploratory artifact outside locked packet,,3,"42,1024,3407",true,control_only,yes,no,no,no,yes,,,,/panfs/accrepfs.vampire/data/neurogroup/mingyangjiang/EEGxPlore/CBraMod/results/tuev/tuev_cbramod_boundary_adapter_dropout01_s42_w3_e15_a5e-6_as0p05,,,,UNREVIEWED,summary.json + test_metrics.json
CBraMod,tuev,tuev_cbramod_corrected_gate_frozen_channel_patch_s42_lr1e-4_b8_e20_alpha0p01,/panfs/accrepfs.vampire/data/neurogroup/mingyangjiang/EEGxPlore/CBraMod/results/tuev/tuev_cbramod_corrected_gate_frozen_channel_patch_s42_lr1e-4_b8_e20_alpha0p01,interaction_aligned,channel_patch,42,False,-1000,True,completed,13,0.6676918939021711,0.44257555777800617,0.4296084848679441,0.4638179195160819,0.7066781414404987,16262016,0.5582970976829529,59610,0.0,PILOT,PILOT_CANDIDATE,UNREVIEWED,UNREVIEWED,completed exploratory artifact outside locked packet,,3,"42,1024,3407",true,control_only,yes,no,no,no,yes,,,,/panfs/accrepfs.vampire/data/neurogroup/mingyangjiang/EEGxPlore/CBraMod/results/tuev/tuev_cbramod_corrected_gate_frozen_channel_patch_s42_lr1e-4_b8_e20_alpha0p01,,,,UNREVIEWED,summary.json + test_metrics.json
CBraMod,tuev,tuev_cbramod_corrected_gate_frozen_probe_s42_lr1e-4_b8_e20,/panfs/accrepfs.vampire/data/neurogroup/mingyangjiang/EEGxPlore/CBraMod/results/tuev/tuev_cbramod_corrected_gate_frozen_probe_s42_lr1e-4_b8_e20,frozen_probe,none,42,False,-1000,True,completed,5,0.6853795791249961,0.498625760073093,0.47123591970337864,0.49270968095199646,0.7276106191897643,16202406,,0,0.0,PILOT,PILOT_CANDIDATE,UNREVIEWED,UNREVIEWED,completed exploratory artifact outside locked packet,,3,"42,1024,3407",true,unknown,unknown,no,no,no,yes,,,,/panfs/accrepfs.vampire/data/neurogroup/mingyangjiang/EEGxPlore/CBraMod/results/tuev/tuev_cbramod_corrected_gate_frozen_probe_s42_lr1e-4_b8_e20,,,,UNREVIEWED,summary.json + test_metrics.json
CBraMod,tuev,tuev_cbramod_dense_s3407_lr1e-4_b8_e20,/panfs/accrepfs.vampire/data/neurogroup/mingyangjiang/EEGxPlore/CBraMod/results/tuev/tuev_cbramod_dense_s3407_lr1e-4_b8_e20,full_finetune,none,3407,True,107,True,completed,5,0.6874932202601949,0.5967228432909115,0.6688489562887722,0.5670986023891754,0.8252821309519703,21086206,,0,0.17764396965503693,PRIMARY,PRIMARY_CANDIDATE,UNREVIEWED,UNREVIEWED,strict canonical three-seed group,,3,"42,1024,3407",true,unknown,unknown,no,no,no,yes,,,,/panfs/accrepfs.vampire/data/neurogroup/mingyangjiang/EEGxPlore/CBraMod/results/tuev/tuev_cbramod_dense_s3407_lr1e-4_b8_e20,,,,UNREVIEWED,summary.json + test_metrics.json
CBraMod,tuev,tuev_cbramod_frozen_probe_s1024_lr1e-4_b8_e20,/panfs/accrepfs.vampire/data/neurogroup/mingyangjiang/EEGxPlore/CBraMod/results/tuev/tuev_cbramod_frozen_probe_s1024_lr1e-4_b8_e20,frozen_probe,none,1024,True,107,True,completed,12,0.6774731500949214,0.43595292064528185,0.44978759623596287,0.45910019787391104,0.7184126934262124,16202406,,0,0.0,PRIMARY,PRIMARY_CANDIDATE,UNREVIEWED,UNREVIEWED,strict canonical three-seed group,,3,"42,1024,3407",true,unknown,unknown,PROVISIONAL,no,no,yes,,,,/panfs/accrepfs.vampire/data/neurogroup/mingyangjiang/EEGxPlore/CBraMod/results/tuev/tuev_cbramod_frozen_probe_s1024_lr1e-4_b8_e20,,,,UNREVIEWED,summary.json + test_metrics.json
CBraMod,tuev,tuev_cbramod_frozen_probe_s3407_lr1e-4_b8_e20,/panfs/accrepfs.vampire/data/neurogroup/mingyangjiang/EEGxPlore/CBraMod/results/tuev/tuev_cbramod_frozen_probe_s3407_lr1e-4_b8_e20,frozen_probe,none,3407,True,107,True,completed,8,0.685607793630215,0.4622634660888078,0.4888135786192056,0.4920758607718871,0.737567363919175,16202406,,0,0.0,PRIMARY,PRIMARY_CANDIDATE,UNREVIEWED,UNREVIEWED,strict canonical three-seed group,,3,"42,1024,3407",true,unknown,unknown,PROVISIONAL,no,no,yes,,,,/panfs/accrepfs.vampire/data/neurogroup/mingyangjiang/EEGxPlore/CBraMod/results/tuev/tuev_cbramod_frozen_probe_s3407_lr1e-4_b8_e20,,,,UNREVIEWED,summary.json + test_metrics.json
CBraMod,tuev,tuev_cbramod_frozen_channel_s3407_r64_lr1e-4_b8_e20,/panfs/accrepfs.vampire/data/neurogroup/mingyangjiang/EEGxPlore/CBraMod/results/tuev/tuev_cbramod_frozen_channel_s3407_r64_lr1e-4_b8_e20,interaction_aligned,channel,3407,True,107,True,completed,8,0.680974486011329,0.4560299455710833,0.46917202998089114,0.4833385663825012,0.7279658510139784,16232211,0.2845228314399719,29805,0.0,PRIMARY,PRIMARY_CANDIDATE,UNREVIEWED,UNREVIEWED,strict canonical three-seed group,,3,"42,1024,3407",true,primary_pair_structurally_invalid,yes,PROVISIONAL,no,PROVISIONAL,yes,,,,/panfs/accrepfs.vampire/data/neurogroup/mingyangjiang/EEGxPlore/CBraMod/results/tuev/tuev_cbramod_frozen_channel_s3407_r64_lr1e-4_b8_e20,,,,UNREVIEWED,summary.json + test_metrics.json
CBraMod,tuev,tuev_cbramod_frozen_channel_s1024_r64_lr1e-4_b8_e20,/panfs/accrepfs.vampire/data/neurogroup/mingyangjiang/EEGxPlore/CBraMod/results/tuev/tuev_cbramod_frozen_channel_s1024_r64_lr1e-4_b8_e20,interaction_aligned,channel,1024,True,107,True,completed,3,0.6843726436270814,0.458060733332084,0.47567725394451243,0.4836023738580106,0.7320292854336291,16232211,0.29222431778907776,29805,0.0,PRIMARY,PRIMARY_CANDIDATE,UNREVIEWED,UNREVIEWED,strict canonical three-seed group,,3,"42,1024,3407",true,primary_pair_structurally_invalid,yes,PROVISIONAL,no,PROVISIONAL,yes,,,,/panfs/accrepfs.vampire/data/neurogroup/mingyangjiang/EEGxPlore/CBraMod/results/tuev/tuev_cbramod_frozen_channel_s1024_r64_lr1e-4_b8_e20,,,,UNREVIEWED,summary.json + test_metrics.json
CBraMod,tuev,tuev_cbramod_frozen_patch_s3407_r64_lr1e-4_b8_e20,/panfs/accrepfs.vampire/data/neurogroup/mingyangjiang/EEGxPlore/CBraMod/results/tuev/tuev_cbramod_frozen_patch_s3407_r64_lr1e-4_b8_e20,interaction_aligned,patch,3407,True,107,True,completed,11,0.6846781934822013,0.4629974887082091,0.44175433012825727,0.48037246213483975,0.7131342516032814,16232211,0.39478588104248047,29805,0.0,PRIMARY,PRIMARY_CANDIDATE,UNREVIEWED,UNREVIEWED,strict canonical three-seed group,,3,"42,1024,3407",true,primary_pair_structurally_invalid,yes,PROVISIONAL,no,PROVISIONAL,yes,,,,/panfs/accrepfs.vampire/data/neurogroup/mingyangjiang/EEGxPlore/CBraMod/results/tuev/tuev_cbramod_frozen_patch_s3407_r64_lr1e-4_b8_e20,,,,UNREVIEWED,summary.json + test_metrics.json
CBraMod,tuev,tuev_cbramod_frozen_patch_s1024_r64_lr1e-4_b8_e20,/panfs/accrepfs.vampire/data/neurogroup/mingyangjiang/EEGxPlore/CBraMod/results/tuev/tuev_cbramod_frozen_patch_s1024_r64_lr1e-4_b8_e20,interaction_aligned,patch,1024,True,107,True,completed,7,0.682110261194801,0.4499536968400317,0.44373585410424665,0.46354773605305977,0.7132791513256591,16232211,0.37818482518196106,29805,0.0,PRIMARY,PRIMARY_CANDIDATE,UNREVIEWED,UNREVIEWED,strict canonical three-seed group,,3,"42,1024,3407",true,primary_pair_structurally_invalid,yes,PROVISIONAL,no,PROVISIONAL,yes,,,,/panfs/accrepfs.vampire/data/neurogroup/mingyangjiang/EEGxPlore/CBraMod/results/tuev/tuev_cbramod_frozen_patch_s1024_r64_lr1e-4_b8_e20,,,,UNREVIEWED,summary.json + test_metrics.json
CBraMod,tuev,tuev_cbramod_frozen_channel_patch_s3407_r64_lr1e-4_b8_e20,/panfs/accrepfs.vampire/data/neurogroup/mingyangjiang/EEGxPlore/CBraMod/results/tuev/tuev_cbramod_frozen_channel_patch_s3407_r64_lr1e-4_b8_e20,interaction_aligned,channel_patch,3407,True,107,True,completed,5,0.6766013165983942,0.44131067030453225,0.4475318069907215,0.45565671339450664,0.7164435475602838,16262016,0.5101165175437927,59610,0.0,PRIMARY,PRIMARY_CANDIDATE,UNREVIEWED,UNREVIEWED,strict canonical three-seed group,,3,"42,1024,3407",true,primary_pair_unverified,yes,PROVISIONAL,PROVISIONAL,PROVISIONAL,yes,,,,/panfs/accrepfs.vampire/data/neurogroup/mingyangjiang/EEGxPlore/CBraMod/results/tuev/tuev_cbramod_frozen_channel_patch_s3407_r64_lr1e-4_b8_e20,,,,UNREVIEWED,summary.json + test_metrics.json
CBraMod,tuev,tuev_cbramod_frozen_channel_patch_s1024_r64_lr1e-4_b8_e20,/panfs/accrepfs.vampire/data/neurogroup/mingyangjiang/EEGxPlore/CBraMod/results/tuev/tuev_cbramod_frozen_channel_patch_s1024_r64_lr1e-4_b8_e20,interaction_aligned,channel_patch,1024,True,107,True,completed,3,0.6858194579068727,0.4804948741238085,0.47188591051178597,0.4964129906723327,0.7290714805482992,16262016,0.5203998684883118,59610,0.0,PRIMARY,PRIMARY_CANDIDATE,UNREVIEWED,UNREVIEWED,strict canonical three-seed group,,3,"42,1024,3407",true,primary_pair_unverified,yes,PROVISIONAL,PROVISIONAL,PROVISIONAL,yes,,,,/panfs/accrepfs.vampire/data/neurogroup/mingyangjiang/EEGxPlore/CBraMod/results/tuev/tuev_cbramod_frozen_channel_patch_s1024_r64_lr1e-4_b8_e20,,,,UNREVIEWED,summary.json + test_metrics.json
CBraMod,tuev,tuev_cbramod_frozen_generic_s3407_r64_lr1e-4_b8_e20,/panfs/accrepfs.vampire/data/neurogroup/mingyangjiang/EEGxPlore/CBraMod/results/tuev/tuev_cbramod_frozen_generic_s3407_r64_lr1e-4_b8_e20,generic_bottleneck,none,3407,True,107,True,completed,9,0.669672994896753,0.4663839073369296,0.4498019458688898,0.48218022065964816,0.7170099526665192,16228671,,26265,0.0,PRIMARY,PRIMARY_CANDIDATE,UNREVIEWED,UNREVIEWED,strict canonical three-seed group,,3,"42,1024,3407",true,unknown,unknown,no,no,no,yes,,,,/panfs/accrepfs.vampire/data/neurogroup/mingyangjiang/EEGxPlore/CBraMod/results/tuev/tuev_cbramod_frozen_generic_s3407_r64_lr1e-4_b8_e20,,,,UNREVIEWED,summary.json + test_metrics.json
CBraMod,tuev,tuev_cbramod_frozen_generic_s1024_r64_lr1e-4_b8_e20,/panfs/accrepfs.vampire/data/neurogroup/mingyangjiang/EEGxPlore/CBraMod/results/tuev/tuev_cbramod_frozen_generic_s1024_r64_lr1e-4_b8_e20,generic_bottleneck,none,1024,True,107,True,completed,5,0.6827728035491978,0.470090624206543,0.4350475564059423,0.4704185500707072,0.7078262531208811,16228671,,26265,0.0,PRIMARY,PRIMARY_CANDIDATE,UNREVIEWED,UNREVIEWED,strict canonical three-seed group,,3,"42,1024,3407",true,unknown,unknown,no,no,no,yes,,,,/panfs/accrepfs.vampire/data/neurogroup/mingyangjiang/EEGxPlore/CBraMod/results/tuev/tuev_cbramod_frozen_generic_s1024_r64_lr1e-4_b8_e20,,,,UNREVIEWED,summary.json + test_metrics.json
CBraMod,tuev,tuev_cbramod_frozen_lora_qkv_r8_s1024_lr1e-4_b8_e20,/panfs/accrepfs.vampire/data/neurogroup/mingyangjiang/EEGxPlore/CBraMod/results/tuev/tuev_cbramod_frozen_lora_qkv_r8_s1024_lr1e-4_b8_e20,lora,none,1024,True,107,True,completed,3,0.7208224133302363,0.5510944352881163,0.5481454694624113,0.5203032753126721,0.7650521159912209,16279206,,0,0.0,PRIMARY,PRIMARY_CANDIDATE,UNREVIEWED,UNREVIEWED,strict canonical three-seed group,,3,"42,1024,3407",true,unknown,unknown,no,no,no,yes,,,,/panfs/accrepfs.vampire/data/neurogroup/mingyangjiang/EEGxPlore/CBraMod/results/tuev/tuev_cbramod_frozen_lora_qkv_r8_s1024_lr1e-4_b8_e20,,,,UNREVIEWED,summary.json + test_metrics.json
CBraMod,tuev,tuev_cbramod_upper2_s3407_lr1e-4_b8_e20,/panfs/accrepfs.vampire/data/neurogroup/mingyangjiang/EEGxPlore/CBraMod/results/tuev/tuev_cbramod_upper2_s3407_lr1e-4_b8_e20,upper_k_finetune,none,3407,True,107,True,completed,3,0.7296571407735337,0.5864484905521598,0.5784001052910468,0.5114654896992662,0.77960981233308,17007606,,0,0.0,PRIMARY,PRIMARY_CANDIDATE,UNREVIEWED,UNREVIEWED,strict canonical three-seed group,,3,"42,1024,3407",true,unknown,unknown,no,no,no,yes,,,,/panfs/accrepfs.vampire/data/neurogroup/mingyangjiang/EEGxPlore/CBraMod/results/tuev/tuev_cbramod_upper2_s3407_lr1e-4_b8_e20,,,,UNREVIEWED,summary.json + test_metrics.json
CBraMod,tuev,tuev_cbramod_upper2_s1024_lr1e-4_b8_e20,/panfs/accrepfs.vampire/data/neurogroup/mingyangjiang/EEGxPlore/CBraMod/results/tuev/tuev_cbramod_upper2_s1024_lr1e-4_b8_e20,upper_k_finetune,none,1024,True,107,True,completed,5,0.7432503218090196,0.559305063549036,0.5873000330256613,0.5403012667584285,0.7845457193996405,17007606,,0,0.0,PRIMARY,PRIMARY_CANDIDATE,UNREVIEWED,UNREVIEWED,strict canonical three-seed group,,3,"42,1024,3407",true,unknown,unknown,no,no,no,yes,,,,/panfs/accrepfs.vampire/data/neurogroup/mingyangjiang/EEGxPlore/CBraMod/results/tuev/tuev_cbramod_upper2_s1024_lr1e-4_b8_e20,,,,UNREVIEWED,summary.json + test_metrics.json
CBraMod,tuev,tuev_cbramod_frozen_axisblind_s3407_r148_lr1e-4_b8_e20,/panfs/accrepfs.vampire/data/neurogroup/mingyangjiang/EEGxPlore/CBraMod/results/tuev/tuev_cbramod_frozen_axisblind_s3407_r148_lr1e-4_b8_e20,axis_blind,generic_token_control,3407,True,107,True,completed,5,0.674823430668009,0.4624084200865434,0.4646100399866223,0.4749475971827315,0.725217672944055,16262355,,59949,0.0,PRIMARY,PRIMARY_CANDIDATE,UNREVIEWED,UNREVIEWED,strict canonical three-seed group,,3,"42,1024,3407",true,primary_pair_unverified,unknown,no,PROVISIONAL,no,yes,,,,/panfs/accrepfs.vampire/data/neurogroup/mingyangjiang/EEGxPlore/CBraMod/results/tuev/tuev_cbramod_frozen_axisblind_s3407_r148_lr1e-4_b8_e20,,,,UNREVIEWED,summary.json + test_metrics.json
CBraMod,tuev,tuev_cbramod_frozen_axisblind_s1024_r148_lr1e-4_b8_e20,/panfs/accrepfs.vampire/data/neurogroup/mingyangjiang/EEGxPlore/CBraMod/results/tuev/tuev_cbramod_frozen_axisblind_s1024_r148_lr1e-4_b8_e20,axis_blind,generic_token_control,1024,True,107,True,completed,3,0.6767217179413337,0.4631238468124301,0.4634932475667418,0.48207995828534617,0.7250984677993937,16262355,,59949,0.0,PRIMARY,PRIMARY_CANDIDATE,UNREVIEWED,UNREVIEWED,strict canonical three-seed group,,3,"42,1024,3407",true,primary_pair_unverified,unknown,no,PROVISIONAL,no,yes,,,,/panfs/accrepfs.vampire/data/neurogroup/mingyangjiang/EEGxPlore/CBraMod/results/tuev/tuev_cbramod_frozen_axisblind_s1024_r148_lr1e-4_b8_e20,,,,UNREVIEWED,summary.json + test_metrics.json
CBraMod,tuev,tuev_cbramod_full_channel_s1024_r64_lr1e-4_b8_e20,/panfs/accrepfs.vampire/data/neurogroup/mingyangjiang/EEGxPlore/CBraMod/results/tuev/tuev_cbramod_full_channel_s1024_r64_lr1e-4_b8_e20,native_full_finetune,channel,1024,True,107,True,completed,3,0.7014197290632072,0.6449808096065971,0.6733939326449998,0.63155820050919,0.8290916758247825,21116011,3.7533291106228717e-06,29805,0.16857333481311798,PRIMARY,PRIMARY_CANDIDATE,UNREVIEWED,UNREVIEWED,strict canonical three-seed group,,3,"42,1024,3407",true,unknown,unknown,no,no,PROVISIONAL,yes,,,,/panfs/accrepfs.vampire/data/neurogroup/mingyangjiang/EEGxPlore/CBraMod/results/tuev/tuev_cbramod_full_channel_s1024_r64_lr1e-4_b8_e20,,,,UNREVIEWED,summary.json + test_metrics.json
CBraMod,tuev,tuev_cbramod_full_patch_s1024_r64_lr1e-4_b8_e20,/panfs/accrepfs.vampire/data/neurogroup/mingyangjiang/EEGxPlore/CBraMod/results/tuev/tuev_cbramod_full_patch_s1024_r64_lr1e-4_b8_e20,native_full_finetune,patch,1024,True,107,True,completed,3,0.6938355703915553,0.6508906658813526,0.6654438336693299,0.620705980891353,0.8283090449679582,21116011,2.1346131688915193e-06,29805,0.17157121002674103,PRIMARY,PRIMARY_CANDIDATE,UNREVIEWED,UNREVIEWED,strict canonical three-seed group,,3,"42,1024,3407",true,unknown,unknown,no,no,PROVISIONAL,yes,,,,/panfs/accrepfs.vampire/data/neurogroup/mingyangjiang/EEGxPlore/CBraMod/results/tuev/tuev_cbramod_full_patch_s1024_r64_lr1e-4_b8_e20,,,,UNREVIEWED,summary.json + test_metrics.json
CBraMod,tuev,tuev_cbramod_full_patch_s3407_r64_lr1e-4_b8_e20,/panfs/accrepfs.vampire/data/neurogroup/mingyangjiang/EEGxPlore/CBraMod/results/tuev/tuev_cbramod_full_patch_s3407_r64_lr1e-4_b8_e20,native_full_finetune,patch,3407,True,107,True,completed,4,0.7263867170140185,0.639681344472225,0.632310236628074,0.6373577512157605,0.8095093952798046,21116011,1.0183846825384535e-05,29805,0.1655435860157013,PRIMARY,PRIMARY_CANDIDATE,UNREVIEWED,UNREVIEWED,strict canonical three-seed group,,3,"42,1024,3407",true,unknown,unknown,no,no,PROVISIONAL,yes,,,,/panfs/accrepfs.vampire/data/neurogroup/mingyangjiang/EEGxPlore/CBraMod/results/tuev/tuev_cbramod_full_patch_s3407_r64_lr1e-4_b8_e20,,,,UNREVIEWED,summary.json + test_metrics.json
CBraMod,tuev,tuev_cbramod_full_channel_patch_s3407_r64_lr1e-4_b8_e20,/panfs/accrepfs.vampire/data/neurogroup/mingyangjiang/EEGxPlore/CBraMod/results/tuev/tuev_cbramod_full_channel_patch_s3407_r64_lr1e-4_b8_e20,native_full_finetune,channel_patch,3407,True,107,True,completed,3,0.7199404463111483,0.6499741122331651,0.6479007690870572,0.6392993336050192,0.8134913312080638,21145816,4.873591933574062e-06,59610,0.17295949161052704,PRIMARY,PRIMARY_CANDIDATE,UNREVIEWED,UNREVIEWED,strict canonical three-seed group,,3,"42,1024,3407",true,unknown,unknown,no,no,PROVISIONAL,yes,,,,/panfs/accrepfs.vampire/data/neurogroup/mingyangjiang/EEGxPlore/CBraMod/results/tuev/tuev_cbramod_full_channel_patch_s3407_r64_lr1e-4_b8_e20,,,,UNREVIEWED,summary.json + test_metrics.json
CBraMod,tuev,tuev_cbramod_full_channel_patch_s1024_r64_lr1e-4_b8_e20,/panfs/accrepfs.vampire/data/neurogroup/mingyangjiang/EEGxPlore/CBraMod/results/tuev/tuev_cbramod_full_channel_patch_s1024_r64_lr1e-4_b8_e20,native_full_finetune,channel_patch,1024,True,107,True,completed,13,0.6804716800312105,0.6255575977854203,0.5750233439124852,0.5274170275146298,0.7790799522252536,21145816,2.5806016310525592e-06,59610,0.1765262484550476,PRIMARY,PRIMARY_CANDIDATE,UNREVIEWED,UNREVIEWED,strict canonical three-seed group,,3,"42,1024,3407",true,unknown,unknown,no,no,PROVISIONAL,yes,,,,/panfs/accrepfs.vampire/data/neurogroup/mingyangjiang/EEGxPlore/CBraMod/results/tuev/tuev_cbramod_full_channel_patch_s1024_r64_lr1e-4_b8_e20,,,,UNREVIEWED,summary.json + test_metrics.json
CBraMod,tuev,tuev_cbramod_full_channel_s3407_r64_lr1e-4_b8_e20_resub,/panfs/accrepfs.vampire/data/neurogroup/mingyangjiang/EEGxPlore/CBraMod/results/tuev/tuev_cbramod_full_channel_s3407_r64_lr1e-4_b8_e20_resub,native_full_finetune,channel,3407,True,107,True,completed,2,0.747747386304539,0.6233241129757232,0.6509565440552678,0.6154999417524106,0.8199102685218411,21116011,6.020709861331852e-06,29805,0.16687288880348206,PRIMARY,PRIMARY_CANDIDATE,UNREVIEWED,UNREVIEWED,strict canonical three-seed group,,3,"42,1024,3407",true,unknown,unknown,no,no,PROVISIONAL,yes,,,,/panfs/accrepfs.vampire/data/neurogroup/mingyangjiang/EEGxPlore/CBraMod/results/tuev/tuev_cbramod_full_channel_s3407_r64_lr1e-4_b8_e20_resub,,,,UNREVIEWED,summary.json + test_metrics.json
CBraMod,tuev,tuev_cbramod_frozen_lora_qkv_r8_s3407_lr1e-4_b8_e20_resub,/panfs/accrepfs.vampire/data/neurogroup/mingyangjiang/EEGxPlore/CBraMod/results/tuev/tuev_cbramod_frozen_lora_qkv_r8_s3407_lr1e-4_b8_e20_resub,lora,none,3407,True,107,True,completed,5,0.7521072242466605,0.5487286893225037,0.5310620215897752,0.5287687307521074,0.7577905390019238,16279206,,0,0.0,PRIMARY,PRIMARY_CANDIDATE,UNREVIEWED,UNREVIEWED,strict canonical three-seed group,,3,"42,1024,3407",true,unknown,unknown,no,no,no,yes,,,,/panfs/accrepfs.vampire/data/neurogroup/mingyangjiang/EEGxPlore/CBraMod/results/tuev/tuev_cbramod_frozen_lora_qkv_r8_s3407_lr1e-4_b8_e20_resub,,,,UNREVIEWED,summary.json + test_metrics.json
LaBraM,unknown,faced_labram_channel_a001_lr7e4_e80_seed3407,/panfs/accrepfs.vampire/data/neurogroup/mingyangjiang/EEGxPlore/LaBraM/checkpoints/faced_labram_channel_a001_lr7e4_e80_seed3407,legacy_unknown,unknown,,False,0,False,completed,68,0.3517555422408628,0.3938539989264627,0.3160207417897083,,0.3924101027675788,0,0.0005733286977850921,,,EXCLUDED,EXCLUDED_CANDIDATE,UNREVIEWED,UNREVIEWED,seed is outside the locked manuscript seed set,,0,,false,unknown,unknown,no,no,no,no,,,,/panfs/accrepfs.vampire/data/neurogroup/mingyangjiang/EEGxPlore/LaBraM/checkpoints/faced_labram_channel_a001_lr7e4_e80_seed3407,,,,UNREVIEWED,run_config.json + final_test.json
LaBraM,unknown,faced_labram_channel_patch_a001_lr7e4_e80_seed3407_retry,/panfs/accrepfs.vampire/data/neurogroup/mingyangjiang/EEGxPlore/LaBraM/checkpoints/faced_labram_channel_patch_a001_lr7e4_e80_seed3407_retry,legacy_unknown,unknown,,False,0,False,completed,78,0.3509267685233969,0.39371980676328505,0.31559442015407035,,0.393219932139397,0,0.012350415875248256,,,EXCLUDED,EXCLUDED_CANDIDATE,UNREVIEWED,UNREVIEWED,seed is outside the locked manuscript seed set,,0,,false,unknown,unknown,no,no,no,no,,,,/panfs/accrepfs.vampire/data/neurogroup/mingyangjiang/EEGxPlore/LaBraM/checkpoints/faced_labram_channel_patch_a001_lr7e4_e80_seed3407_retry,,,,UNREVIEWED,run_config.json + final_test.json
LaBraM,unknown,faced_labram_dense_lr7e4_e80_seed1024,/panfs/accrepfs.vampire/data/neurogroup/mingyangjiang/EEGxPlore/LaBraM/checkpoints/faced_labram_dense_lr7e4_e80_seed1024,legacy_unknown,unknown,,False,0,False,completed,72,0.3808782310806602,0.4225711218464842,0.3469931700816259,,0.4215208376067689,0,,,,EXCLUDED,EXCLUDED_CANDIDATE,UNREVIEWED,UNREVIEWED,seed is outside the locked manuscript seed set,,0,,false,unknown,unknown,no,no,no,no,,,,/panfs/accrepfs.vampire/data/neurogroup/mingyangjiang/EEGxPlore/LaBraM/checkpoints/faced_labram_dense_lr7e4_e80_seed1024,,,,UNREVIEWED,run_config.json + final_test.json
LaBraM,unknown,faced_labram_dense_lr7e4_e80_seed3407,/panfs/accrepfs.vampire/data/neurogroup/mingyangjiang/EEGxPlore/LaBraM/checkpoints/faced_labram_dense_lr7e4_e80_seed3407,legacy_unknown,unknown,,False,0,False,completed,69,0.36881401359241894,0.3985507246376812,0.31890475893469716,,0.39308526459642423,0,,,,EXCLUDED,EXCLUDED_CANDIDATE,UNREVIEWED,UNREVIEWED,seed is outside the locked manuscript seed set,,0,,false,unknown,unknown,no,no,no,no,,,,/panfs/accrepfs.vampire/data/neurogroup/mingyangjiang/EEGxPlore/LaBraM/checkpoints/faced_labram_dense_lr7e4_e80_seed3407,,,,UNREVIEWED,run_config.json + final_test.json
LaBraM,unknown,faced_labram_dense_lr7e4_e80_seed42,/panfs/accrepfs.vampire/data/neurogroup/mingyangjiang/EEGxPlore/LaBraM/checkpoints/faced_labram_dense_lr7e4_e80_seed42,legacy_unknown,unknown,,False,0,False,completed,77,0.4107100052735031,0.4204240472356414,0.3439686771076308,,0.4181663403156024,0,,,,EXCLUDED,EXCLUDED_CANDIDATE,UNREVIEWED,UNREVIEWED,seed is outside the locked manuscript seed set,,0,,false,unknown,unknown,no,no,no,no,,,,/panfs/accrepfs.vampire/data/neurogroup/mingyangjiang/EEGxPlore/LaBraM/checkpoints/faced_labram_dense_lr7e4_e80_seed42,,,,UNREVIEWED,run_config.json + final_test.json
LaBraM,unknown,faced_labram_patch_a001_lr7e4_e80_seed1024,/panfs/accrepfs.vampire/data/neurogroup/mingyangjiang/EEGxPlore/LaBraM/checkpoints/faced_labram_patch_a001_lr7e4_e80_seed1024,legacy_unknown,unknown,,False,0,False,completed,67,0.3613670631596583,0.380300590445518,0.2984426007942943,,0.37967532543593796,0,0.0008414578026748218,,,EXCLUDED,EXCLUDED_CANDIDATE,UNREVIEWED,UNREVIEWED,seed is outside the locked manuscript seed set,,0,,false,unknown,unknown,no,no,no,no,,,,/panfs/accrepfs.vampire/data/neurogroup/mingyangjiang/EEGxPlore/LaBraM/checkpoints/faced_labram_patch_a001_lr7e4_e80_seed1024,,,,UNREVIEWED,run_config.json + final_test.json
LaBraM,unknown,faced_labram_patch_a001_lr7e4_e80_seed3407,/panfs/accrepfs.vampire/data/neurogroup/mingyangjiang/EEGxPlore/LaBraM/checkpoints/faced_labram_patch_a001_lr7e4_e80_seed3407,legacy_unknown,unknown,,False,0,False,completed,72,0.42660056046561756,0.4312936124530327,0.3575414341634048,,0.4315755460052189,0,0.017154705451269237,,,EXCLUDED,EXCLUDED_CANDIDATE,UNREVIEWED,UNREVIEWED,seed is outside the locked manuscript seed set,,0,,false,unknown,unknown,no,no,no,no,,,,/panfs/accrepfs.vampire/data/neurogroup/mingyangjiang/EEGxPlore/LaBraM/checkpoints/faced_labram_patch_a001_lr7e4_e80_seed3407,,,,UNREVIEWED,run_config.json + final_test.json
LaBraM,unknown,faced_labram_patch_a001_lr7e4_e80_seed42,/panfs/accrepfs.vampire/data/neurogroup/mingyangjiang/EEGxPlore/LaBraM/checkpoints/faced_labram_patch_a001_lr7e4_e80_seed42,legacy_unknown,unknown,,False,0,False,completed,72,0.3032889059353725,0.3262211486849168,0.24079863282064096,,0.32672331971807494,0,0.0009354715279880024,,,EXCLUDED,EXCLUDED_CANDIDATE,UNREVIEWED,UNREVIEWED,seed is outside the locked manuscript seed set,,0,,false,unknown,unknown,no,no,no,no,,,,/panfs/accrepfs.vampire/data/neurogroup/mingyangjiang/EEGxPlore/LaBraM/checkpoints/faced_labram_patch_a001_lr7e4_e80_seed42,,,,UNREVIEWED,run_config.json + final_test.json
LaBraM,unknown,faced_labram_patch_a003_lr7e4_e80_seed3407,/panfs/accrepfs.vampire/data/neurogroup/mingyangjiang/EEGxPlore/LaBraM/checkpoints/faced_labram_patch_a003_lr7e4_e80_seed3407,legacy_unknown,unknown,,False,0,False,completed,75,0.39444217996978925,0.4194847020933978,0.34487572139925415,,0.4202634100009025,0,0.005065439832729421,,,EXCLUDED,EXCLUDED_CANDIDATE,UNREVIEWED,UNREVIEWED,seed is outside the locked manuscript seed set,,0,,false,unknown,unknown,no,no,no,no,,,,/panfs/accrepfs.vampire/data/neurogroup/mingyangjiang/EEGxPlore/LaBraM/checkpoints/faced_labram_patch_a003_lr7e4_e80_seed3407,,,,UNREVIEWED,run_config.json + final_test.json
LaBraM,unknown,faced_labram_patch_a030_lr7e4_e80_seed3407_retry,/panfs/accrepfs.vampire/data/neurogroup/mingyangjiang/EEGxPlore/LaBraM/checkpoints/faced_labram_patch_a030_lr7e4_e80_seed3407_retry,legacy_unknown,unknown,,False,0,False,completed,62,0.38126737609049943,0.40499194847020936,0.32728181212524987,,0.4015834014857375,0,0.005114054069521704,,,EXCLUDED,EXCLUDED_CANDIDATE,UNREVIEWED,UNREVIEWED,seed is outside the locked manuscript seed set,,0,,false,unknown,unknown,no,no,no,no,,,,/panfs/accrepfs.vampire/data/neurogroup/mingyangjiang/EEGxPlore/LaBraM/checkpoints/faced_labram_patch_a030_lr7e4_e80_seed3407_retry,,,,UNREVIEWED,run_config.json + final_test.json
LaBraM,FACED,faced_reviewer_r2_frozen_dense_seed1024,/panfs/accrepfs.vampire/data/neurogroup/mingyangjiang/EEGxPlore/LaBraM/checkpoints/faced_reviewer_r2_frozen_dense_seed1024,frozen_probe,none,1024,True,100,True,completed,38,0.03892020028543097,0.1379495437466452,0.03298363407469562,,0.11280109814543286,1809,,0,0.0,PRIMARY,PRIMARY_CANDIDATE,UNREVIEWED,UNREVIEWED,strict canonical three-seed group,,3,"42,1024,3407",true,unknown,unknown,PROVISIONAL,no,no,yes,,,,/panfs/accrepfs.vampire/data/neurogroup/mingyangjiang/EEGxPlore/LaBraM/checkpoints/faced_reviewer_r2_frozen_dense_seed1024,,,,UNREVIEWED,run_config.json + final_test.json
LaBraM,FACED,faced_reviewer_r2_frozen_dense_seed3407,/panfs/accrepfs.vampire/data/neurogroup/mingyangjiang/EEGxPlore/LaBraM/checkpoints/faced_reviewer_r2_frozen_dense_seed3407,frozen_probe,none,3407,True,100,True,completed,14,0.03114421123899802,0.13808373590982287,0.03389688650820222,,0.08290504585186034,1809,,0,0.0,PRIMARY,PRIMARY_CANDIDATE,UNREVIEWED,UNREVIEWED,strict canonical three-seed group,,3,"42,1024,3407",true,unknown,unknown,PROVISIONAL,no,no,yes,,,,/panfs/accrepfs.vampire/data/neurogroup/mingyangjiang/EEGxPlore/LaBraM/checkpoints/faced_reviewer_r2_frozen_dense_seed3407,,,,UNREVIEWED,run_config.json + final_test.json
LaBraM,FACED,faced_reviewer_r2_frozen_dense_seed42,/panfs/accrepfs.vampire/data/neurogroup/mingyangjiang/EEGxPlore/LaBraM/checkpoints/faced_reviewer_r2_frozen_dense_seed42,frozen_probe,none,42,True,100,True,completed,38,0.035160314579552154,0.1439881910896404,0.03878759969020151,,0.11379690817177396,1809,,0,0.0,PRIMARY,PRIMARY_CANDIDATE,UNREVIEWED,UNREVIEWED,strict canonical three-seed group,,3,"42,1024,3407",true,unknown,unknown,PROVISIONAL,no,no,yes,,,,/panfs/accrepfs.vampire/data/neurogroup/mingyangjiang/EEGxPlore/LaBraM/checkpoints/faced_reviewer_r2_frozen_dense_seed42,,,,UNREVIEWED,run_config.json + final_test.json
LaBraM,FACED,faced_reviewer_r2_frozen_generic_seed1024,/panfs/accrepfs.vampire/data/neurogroup/mingyangjiang/EEGxPlore/LaBraM/checkpoints/faced_reviewer_r2_frozen_generic_seed1024,frozen_native_generic,generic,1024,True,100,True,completed,62,0.0869344670161114,0.17901234567901234,0.07853447011751902,,0.17218057617635846,28074,0.33386998644896915,26265,0.0,PRIMARY,PRIMARY_CANDIDATE,UNREVIEWED,UNREVIEWED,strict canonical three-seed group,,3,"42,1024,3407",true,no_primary_control,yes,no,no,no,yes,,,,/panfs/accrepfs.vampire/data/neurogroup/mingyangjiang/EEGxPlore/LaBraM/checkpoints/faced_reviewer_r2_frozen_generic_seed1024,,,,UNREVIEWED,run_config.json + final_test.json
LaBraM,FACED,faced_reviewer_r2_frozen_generic_seed3407,/panfs/accrepfs.vampire/data/neurogroup/mingyangjiang/EEGxPlore/LaBraM/checkpoints/faced_reviewer_r2_frozen_generic_seed3407,frozen_native_generic,generic,3407,True,100,True,completed,73,0.08810190099392079,0.1802200751476114,0.08000753406023076,,0.175537123733614,28074,0.3333135000297001,26265,0.0,PRIMARY,PRIMARY_CANDIDATE,UNREVIEWED,UNREVIEWED,strict canonical three-seed group,,3,"42,1024,3407",true,no_primary_control,yes,no,no,no,yes,,,,/panfs/accrepfs.vampire/data/neurogroup/mingyangjiang/EEGxPlore/LaBraM/checkpoints/faced_reviewer_r2_frozen_generic_seed3407,,,,UNREVIEWED,run_config.json + final_test.json
LaBraM,FACED,faced_reviewer_r2_frozen_generic_seed42,/panfs/accrepfs.vampire/data/neurogroup/mingyangjiang/EEGxPlore/LaBraM/checkpoints/faced_reviewer_r2_frozen_generic_seed42,frozen_native_generic,generic,42,True,100,True,completed,73,0.08646444170950063,0.17525496511003757,0.07405081836828664,,0.17003171692657595,28074,0.33195511727106003,26265,0.0,PRIMARY,PRIMARY_CANDIDATE,UNREVIEWED,UNREVIEWED,strict canonical three-seed group,,3,"42,1024,3407",true,no_primary_control,yes,no,no,no,yes,,,,/panfs/accrepfs.vampire/data/neurogroup/mingyangjiang/EEGxPlore/LaBraM/checkpoints/faced_reviewer_r2_frozen_generic_seed42,,,,UNREVIEWED,run_config.json + final_test.json
LaBraM,FACED,faced_reviewer_r2_frozen_patch_seed1024,/panfs/accrepfs.vampire/data/neurogroup/mingyangjiang/EEGxPlore/LaBraM/checkpoints/faced_reviewer_r2_frozen_patch_seed1024,frozen_native_patch,patch,1024,True,100,True,completed,42,0.06666666666666676,0.15901771336553944,0.05539212618138567,,0.1565857611009523,163010,0.40306394753001984,161201,0.0,PRIMARY,PRIMARY_CANDIDATE,UNREVIEWED,UNREVIEWED,strict canonical three-seed group,,3,"42,1024,3407",true,no_primary_control,yes,PROVISIONAL,no,no,yes,,,,/panfs/accrepfs.vampire/data/neurogroup/mingyangjiang/EEGxPlore/LaBraM/checkpoints/faced_reviewer_r2_frozen_patch_seed1024,,,,UNREVIEWED,run_config.json + final_test.json
LaBraM,FACED,faced_reviewer_r2_frozen_patch_seed3407,/panfs/accrepfs.vampire/data/neurogroup/mingyangjiang/EEGxPlore/LaBraM/checkpoints/faced_reviewer_r2_frozen_patch_seed3407,frozen_native_patch,patch,3407,True,100,True,completed,38,0.06828469613791788,0.1728395061728395,0.07052245034217985,,0.15699171474116658,163010,0.40307900621777487,161201,0.0,PRIMARY,PRIMARY_CANDIDATE,UNREVIEWED,UNREVIEWED,strict canonical three-seed group,,3,"42,1024,3407",true,no_primary_control,yes,PROVISIONAL,no,no,yes,,,,/panfs/accrepfs.vampire/data/neurogroup/mingyangjiang/EEGxPlore/LaBraM/checkpoints/faced_reviewer_r2_frozen_patch_seed3407,,,,UNREVIEWED,run_config.json + final_test.json
LaBraM,FACED,faced_reviewer_r2_frozen_patch_seed42,/panfs/accrepfs.vampire/data/neurogroup/mingyangjiang/EEGxPlore/LaBraM/checkpoints/faced_reviewer_r2_frozen_patch_seed42,frozen_native_patch,patch,42,True,100,True,completed,38,0.06871074101706331,0.17028985507246375,0.06693915001876793,,0.15555694587822905,163010,0.40585249946230934,161201,0.0,PRIMARY,PRIMARY_CANDIDATE,UNREVIEWED,UNREVIEWED,strict canonical three-seed group,,3,"42,1024,3407",true,no_primary_control,yes,PROVISIONAL,no,no,yes,,,,/panfs/accrepfs.vampire/data/neurogroup/mingyangjiang/EEGxPlore/LaBraM/checkpoints/faced_reviewer_r2_frozen_patch_seed42,,,,UNREVIEWED,run_config.json + final_test.json
LaBraM,FACED,faced_reviewer_r2_lora_qkv_r8_seed1024,/panfs/accrepfs.vampire/data/neurogroup/mingyangjiang/EEGxPlore/LaBraM/checkpoints/faced_reviewer_r2_lora_qkv_r8_seed1024,lora,qkv,1024,True,100,True,completed,45,0.2201342281879195,0.27281266774020396,0.18078602620087336,,0.2702981365613395,78609,,0,0.0,PRIMARY,PRIMARY_CANDIDATE,UNREVIEWED,UNREVIEWED,strict canonical three-seed group,,3,"42,1024,3407",true,unknown,unknown,no,no,no,yes,,,,/panfs/accrepfs.vampire/data/neurogroup/mingyangjiang/EEGxPlore/LaBraM/checkpoints/faced_reviewer_r2_lora_qkv_r8_seed1024,,,,UNREVIEWED,run_config.json + final_test.json
LaBraM,FACED,faced_reviewer_r2_lora_qkv_r8_seed3407,/panfs/accrepfs.vampire/data/neurogroup/mingyangjiang/EEGxPlore/LaBraM/checkpoints/faced_reviewer_r2_lora_qkv_r8_seed3407,lora,qkv,3407,True,100,True,completed,63,0.1922430758892143,0.2557702630166398,0.16233333333333333,,0.2543449127780626,78609,,0,0.0,PRIMARY,PRIMARY_CANDIDATE,UNREVIEWED,UNREVIEWED,strict canonical three-seed group,,3,"42,1024,3407",true,unknown,unknown,no,no,no,yes,,,,/panfs/accrepfs.vampire/data/neurogroup/mingyangjiang/EEGxPlore/LaBraM/checkpoints/faced_reviewer_r2_lora_qkv_r8_seed3407,,,,UNREVIEWED,run_config.json + final_test.json
LaBraM,FACED,faced_reviewer_r2_lora_qkv_r8_seed42,/panfs/accrepfs.vampire/data/neurogroup/mingyangjiang/EEGxPlore/LaBraM/checkpoints/faced_reviewer_r2_lora_qkv_r8_seed42,lora,qkv,42,True,100,True,completed,79,0.2286427337300826,0.3184380032206119,0.2321978845673357,,0.3157336048813044,78609,,0,0.0,PRIMARY,PRIMARY_CANDIDATE,UNREVIEWED,UNREVIEWED,strict canonical three-seed group,,3,"42,1024,3407",true,unknown,unknown,no,no,no,yes,,,,/panfs/accrepfs.vampire/data/neurogroup/mingyangjiang/EEGxPlore/LaBraM/checkpoints/faced_reviewer_r2_lora_qkv_r8_seed42,,,,UNREVIEWED,run_config.json + final_test.json
LaBraM,FACED,faced_reviewer_r2_upper2_seed1024,/panfs/accrepfs.vampire/data/neurogroup/mingyangjiang/EEGxPlore/LaBraM/checkpoints/faced_reviewer_r2_upper2_seed1024,upper2,upper,1024,True,100,True,completed,61,0.26096754087356755,0.2966988727858293,0.2087133991419885,,0.2970314602486105,967169,,0,0.00011622829652523313,PRIMARY,PRIMARY_CANDIDATE,UNREVIEWED,UNREVIEWED,strict canonical three-seed group,,3,"42,1024,3407",true,unknown,unknown,no,no,no,yes,,,,/panfs/accrepfs.vampire/data/neurogroup/mingyangjiang/EEGxPlore/LaBraM/checkpoints/faced_reviewer_r2_upper2_seed1024,,,,UNREVIEWED,run_config.json + final_test.json
LaBraM,FACED,faced_reviewer_r2_upper2_seed3407,/panfs/accrepfs.vampire/data/neurogroup/mingyangjiang/EEGxPlore/LaBraM/checkpoints/faced_reviewer_r2_upper2_seed3407,upper2,upper,3407,True,100,True,completed,64,0.2338057893853276,0.298040794417606,0.20891759558287337,,0.29791769205599455,967169,,0,0.00011376254985625361,PRIMARY,PRIMARY_CANDIDATE,UNREVIEWED,UNREVIEWED,strict canonical three-seed group,,3,"42,1024,3407",true,unknown,unknown,no,no,no,yes,,,,/panfs/accrepfs.vampire/data/neurogroup/mingyangjiang/EEGxPlore/LaBraM/checkpoints/faced_reviewer_r2_upper2_seed3407,,,,UNREVIEWED,run_config.json + final_test.json
LaBraM,FACED,faced_reviewer_r2_upper2_seed42,/panfs/accrepfs.vampire/data/neurogroup/mingyangjiang/EEGxPlore/LaBraM/checkpoints/faced_reviewer_r2_upper2_seed42,upper2,upper,42,True,100,True,completed,75,0.23381415632338143,0.29589371980676327,0.20666666666666655,,0.29495016549037856,967169,,0,0.0001178193884458188,PRIMARY,PRIMARY_CANDIDATE,UNREVIEWED,UNREVIEWED,strict canonical three-seed group,,3,"42,1024,3407",true,unknown,unknown,no,no,no,yes,,,,/panfs/accrepfs.vampire/data/neurogroup/mingyangjiang/EEGxPlore/LaBraM/checkpoints/faced_reviewer_r2_upper2_seed42,,,,UNREVIEWED,run_config.json + final_test.json
LaBraM,FACED,faced_reviewer_r3_frozen_dense_evalmode_seed1024,/panfs/accrepfs.vampire/data/neurogroup/mingyangjiang/EEGxPlore/LaBraM/checkpoints/faced_reviewer_r3_frozen_dense_evalmode_seed1024,frozen_probe,none,1024,False,0,True,completed,54,0.05221655928454649,0.1592860976918948,0.05699481865284983,,0.15419307922186778,1809,,0,0.0,SUPPORTING,SUPPORTING_CANDIDATE,UNREVIEWED,UNREVIEWED,completed legacy or non-strict artifact; manual audit required,,3,"42,1024,3407",true,unknown,unknown,no,no,no,yes,,,,/panfs/accrepfs.vampire/data/neurogroup/mingyangjiang/EEGxPlore/LaBraM/checkpoints/faced_reviewer_r3_frozen_dense_evalmode_seed1024,,,,UNREVIEWED,run_config.json + final_test.json
LaBraM,FACED,faced_reviewer_r3_frozen_dense_evalmode_seed3407,/panfs/accrepfs.vampire/data/neurogroup/mingyangjiang/EEGxPlore/LaBraM/checkpoints/faced_reviewer_r3_frozen_dense_evalmode_seed3407,frozen_probe,none,3407,False,0,True,completed,54,0.05221655928454649,0.15874932903918412,0.056409827845562366,,0.1537012800168676,1809,,0,0.0,SUPPORTING,SUPPORTING_CANDIDATE,UNREVIEWED,UNREVIEWED,completed legacy or non-strict artifact; manual audit required,,3,"42,1024,3407",true,unknown,unknown,no,no,no,yes,,,,/panfs/accrepfs.vampire/data/neurogroup/mingyangjiang/EEGxPlore/LaBraM/checkpoints/faced_reviewer_r3_frozen_dense_evalmode_seed3407,,,,UNREVIEWED,run_config.json + final_test.json
LaBraM,FACED,faced_reviewer_r3_frozen_dense_evalmode_seed42,/panfs/accrepfs.vampire/data/neurogroup/mingyangjiang/EEGxPlore/LaBraM/checkpoints/faced_reviewer_r3_frozen_dense_evalmode_seed42,frozen_probe,none,42,False,0,True,completed,54,0.05221655928454649,0.15874932903918412,0.056409827845562366,,0.1537012800168676,1809,,0,0.0,SUPPORTING,SUPPORTING_CANDIDATE,UNREVIEWED,UNREVIEWED,completed legacy or non-strict artifact; manual audit required,,3,"42,1024,3407",true,unknown,unknown,no,no,no,yes,,,,/panfs/accrepfs.vampire/data/neurogroup/mingyangjiang/EEGxPlore/LaBraM/checkpoints/faced_reviewer_r3_frozen_dense_evalmode_seed42,,,,UNREVIEWED,run_config.json + final_test.json
LaBraM,FACED,faced_reviewer_r3_frozen_generic_evalmode_seed1024,/panfs/accrepfs.vampire/data/neurogroup/mingyangjiang/EEGxPlore/LaBraM/checkpoints/faced_reviewer_r3_frozen_generic_evalmode_seed1024,frozen_native_generic,generic,1024,False,0,True,completed,48,0.1028441137645505,0.1855877616747182,0.08298979804288975,,0.17896381194534272,28074,0.36149429678916933,26265,0.0,SUPPORTING,SUPPORTING_CANDIDATE,UNREVIEWED,UNREVIEWED,completed legacy or non-strict artifact; manual audit required,,3,"42,1024,3407",true,no_primary_control,yes,no,no,no,yes,,,,/panfs/accrepfs.vampire/data/neurogroup/mingyangjiang/EEGxPlore/LaBraM/checkpoints/faced_reviewer_r3_frozen_generic_evalmode_seed1024,,,,UNREVIEWED,run_config.json + final_test.json
LaBraM,FACED,faced_reviewer_r3_frozen_generic_evalmode_seed3407,/panfs/accrepfs.vampire/data/neurogroup/mingyangjiang/EEGxPlore/LaBraM/checkpoints/faced_reviewer_r3_frozen_generic_evalmode_seed3407,frozen_native_generic,generic,3407,False,0,True,completed,58,0.1106316672659714,0.17995169082125606,0.07787047246551693,,0.17914097232291554,28074,0.3629198600848516,26265,0.0,SUPPORTING,SUPPORTING_CANDIDATE,UNREVIEWED,UNREVIEWED,completed legacy or non-strict artifact; manual audit required,,3,"42,1024,3407",true,no_primary_control,yes,no,no,no,yes,,,,/panfs/accrepfs.vampire/data/neurogroup/mingyangjiang/EEGxPlore/LaBraM/checkpoints/faced_reviewer_r3_frozen_generic_evalmode_seed3407,,,,UNREVIEWED,run_config.json + final_test.json
LaBraM,FACED,faced_reviewer_r3_frozen_generic_evalmode_seed42,/panfs/accrepfs.vampire/data/neurogroup/mingyangjiang/EEGxPlore/LaBraM/checkpoints/faced_reviewer_r3_frozen_generic_evalmode_seed42,frozen_native_generic,generic,42,False,0,True,completed,53,0.10167619230584513,0.19216317767042404,0.09187927296981802,,0.19120662311642517,28074,0.3624955876952126,26265,0.0,SUPPORTING,SUPPORTING_CANDIDATE,UNREVIEWED,UNREVIEWED,completed legacy or non-strict artifact; manual audit required,,3,"42,1024,3407",true,no_primary_control,yes,no,no,no,yes,,,,/panfs/accrepfs.vampire/data/neurogroup/mingyangjiang/EEGxPlore/LaBraM/checkpoints/faced_reviewer_r3_frozen_generic_evalmode_seed42,,,,UNREVIEWED,run_config.json + final_test.json
LaBraM,FACED,faced_reviewer_r3_frozen_patch_evalmode_seed1024,/panfs/accrepfs.vampire/data/neurogroup/mingyangjiang/EEGxPlore/LaBraM/checkpoints/faced_reviewer_r3_frozen_patch_evalmode_seed1024,frozen_native_patch,patch,1024,False,0,True,completed,25,0.06509841574651931,0.1587493290391841,0.05330916817698905,,0.1530799717464735,163010,0.8742310773758661,161201,0.0,SUPPORTING,SUPPORTING_CANDIDATE,UNREVIEWED,UNREVIEWED,completed legacy or non-strict artifact; manual audit required,,3,"42,1024,3407",true,no_primary_control,yes,no,no,no,yes,,,,/panfs/accrepfs.vampire/data/neurogroup/mingyangjiang/EEGxPlore/LaBraM/checkpoints/faced_reviewer_r3_frozen_patch_evalmode_seed1024,,,,UNREVIEWED,run_config.json + final_test.json
LaBraM,FACED,faced_reviewer_r3_frozen_patch_evalmode_seed3407,/panfs/accrepfs.vampire/data/neurogroup/mingyangjiang/EEGxPlore/LaBraM/checkpoints/faced_reviewer_r3_frozen_patch_evalmode_seed3407,frozen_native_patch,patch,3407,False,0,True,completed,51,0.06574875866535534,0.166935050993022,0.0628347539753662,,0.1678307422810113,163010,0.874879895505451,161201,0.0,SUPPORTING,SUPPORTING_CANDIDATE,UNREVIEWED,UNREVIEWED,completed legacy or non-strict artifact; manual audit required,,3,"42,1024,3407",true,no_primary_control,yes,no,no,no,yes,,,,/panfs/accrepfs.vampire/data/neurogroup/mingyangjiang/EEGxPlore/LaBraM/checkpoints/faced_reviewer_r3_frozen_patch_evalmode_seed3407,,,,UNREVIEWED,run_config.json + final_test.json
LaBraM,FACED,faced_reviewer_r3_frozen_patch_evalmode_seed42,/panfs/accrepfs.vampire/data/neurogroup/mingyangjiang/EEGxPlore/LaBraM/checkpoints/faced_reviewer_r3_frozen_patch_evalmode_seed42,frozen_native_patch,patch,42,False,0,True,completed,66,0.0764133957508103,0.16143317230273752,0.05690107966151137,,0.16294938145865712,163010,0.8715624934151059,161201,0.0,SUPPORTING,SUPPORTING_CANDIDATE,UNREVIEWED,UNREVIEWED,completed legacy or non-strict artifact; manual audit required,,3,"42,1024,3407",true,no_primary_control,yes,no,no,no,yes,,,,/panfs/accrepfs.vampire/data/neurogroup/mingyangjiang/EEGxPlore/LaBraM/checkpoints/faced_reviewer_r3_frozen_patch_evalmode_seed42,,,,UNREVIEWED,run_config.json + final_test.json
LaBraM,unknown,faced_shared_dense_lr5e4_w10_s3407,/panfs/accrepfs.vampire/data/neurogroup/mingyangjiang/EEGxPlore/LaBraM/checkpoints/faced_shared_dense_lr5e4_w10_s3407,legacy_unknown,unknown,,False,0,False,completed,78,0.3780312470046967,0.4036500268384326,0.32593348466232097,,0.40384386721175114,0,,,,EXCLUDED,EXCLUDED_CANDIDATE,UNREVIEWED,UNREVIEWED,seed is outside the locked manuscript seed set,,0,,false,unknown,unknown,no,no,no,no,,,,/panfs/accrepfs.vampire/data/neurogroup/mingyangjiang/EEGxPlore/LaBraM/checkpoints/faced_shared_dense_lr5e4_w10_s3407,,,,UNREVIEWED,run_config.json + final_test.json
LaBraM,unknown,faced_shared_dense_lr5e4_w5_s3407,/panfs/accrepfs.vampire/data/neurogroup/mingyangjiang/EEGxPlore/LaBraM/checkpoints/faced_shared_dense_lr5e4_w5_s3407,legacy_unknown,unknown,,False,0,False,completed,64,0.36724298730181504,0.39318303811057437,0.3122337441034061,,0.38865827599432706,0,,,,EXCLUDED,EXCLUDED_CANDIDATE,UNREVIEWED,UNREVIEWED,seed is outside the locked manuscript seed set,,0,,false,unknown,unknown,no,no,no,no,,,,/panfs/accrepfs.vampire/data/neurogroup/mingyangjiang/EEGxPlore/LaBraM/checkpoints/faced_shared_dense_lr5e4_w5_s3407,,,,UNREVIEWED,run_config.json + final_test.json
LaBraM,unknown,faced_shared_dense_lr7e4_w10_s3407,/panfs/accrepfs.vampire/data/neurogroup/mingyangjiang/EEGxPlore/LaBraM/checkpoints/faced_shared_dense_lr7e4_w10_s3407,legacy_unknown,unknown,,False,0,False,completed,69,0.36881401359241894,0.3985507246376812,0.31890475893469716,,0.39308526459642423,0,,,,EXCLUDED,EXCLUDED_CANDIDATE,UNREVIEWED,UNREVIEWED,seed is outside the locked manuscript seed set,,0,,false,unknown,unknown,no,no,no,no,,,,/panfs/accrepfs.vampire/data/neurogroup/mingyangjiang/EEGxPlore/LaBraM/checkpoints/faced_shared_dense_lr7e4_w10_s3407,,,,UNREVIEWED,run_config.json + final_test.json
LaBraM,unknown,faced_shared_dense_lr7e4_w5_s3407,/panfs/accrepfs.vampire/data/neurogroup/mingyangjiang/EEGxPlore/LaBraM/checkpoints/faced_shared_dense_lr7e4_w5_s3407,legacy_unknown,unknown,,False,0,False,completed,70,0.27175971426516765,0.3276972624798712,0.2420614263404477,,0.32760175973589534,0,,,,EXCLUDED,EXCLUDED_CANDIDATE,UNREVIEWED,UNREVIEWED,seed is outside the locked manuscript seed set,,0,,false,unknown,unknown,no,no,no,no,,,,/panfs/accrepfs.vampire/data/neurogroup/mingyangjiang/EEGxPlore/LaBraM/checkpoints/faced_shared_dense_lr7e4_w5_s3407,,,,UNREVIEWED,run_config.json + final_test.json
LaBraM,unknown,faced_shared_dense_lr9e4_w10_s3407,/panfs/accrepfs.vampire/data/neurogroup/mingyangjiang/EEGxPlore/LaBraM/checkpoints/faced_shared_dense_lr9e4_w10_s3407,legacy_unknown,unknown,,False,0,False,completed,57,0.4030436447166922,0.4155931293612453,0.33921071235497147,,0.41254288842136655,0,,,,EXCLUDED,EXCLUDED_CANDIDATE,UNREVIEWED,UNREVIEWED,seed is outside the locked manuscript seed set,,0,,false,unknown,unknown,no,no,no,no,,,,/panfs/accrepfs.vampire/data/neurogroup/mingyangjiang/EEGxPlore/LaBraM/checkpoints/faced_shared_dense_lr9e4_w10_s3407,,,,UNREVIEWED,run_config.json + final_test.json
LaBraM,unknown,faced_shared_dense_lr9e4_w5_s3407,/panfs/accrepfs.vampire/data/neurogroup/mingyangjiang/EEGxPlore/LaBraM/checkpoints/faced_shared_dense_lr9e4_w5_s3407,legacy_unknown,unknown,,False,0,False,completed,52,0.23500934669031304,0.29066022544283415,0.2002835282590114,,0.2842610790371804,0,,,,EXCLUDED,EXCLUDED_CANDIDATE,UNREVIEWED,UNREVIEWED,seed is outside the locked manuscript seed set,,0,,false,unknown,unknown,no,no,no,no,,,,/panfs/accrepfs.vampire/data/neurogroup/mingyangjiang/EEGxPlore/LaBraM/checkpoints/faced_shared_dense_lr9e4_w5_s3407,,,,UNREVIEWED,run_config.json + final_test.json
LaBraM,unknown,faced_shared_patch_lr5e4_w10_s3407,/panfs/accrepfs.vampire/data/neurogroup/mingyangjiang/EEGxPlore/LaBraM/checkpoints/faced_shared_patch_lr5e4_w10_s3407,legacy_unknown,unknown,,False,0,False,completed,72,0.42023150478107696,0.428341384863124,0.3553898079086629,,0.42904956521241566,0,0.03891324082034684,,,EXCLUDED,EXCLUDED_CANDIDATE,UNREVIEWED,UNREVIEWED,seed is outside the locked manuscript seed set,,0,,false,unknown,unknown,no,no,no,no,,,,/panfs/accrepfs.vampire/data/neurogroup/mingyangjiang/EEGxPlore/LaBraM/checkpoints/faced_shared_patch_lr5e4_w10_s3407,,,,UNREVIEWED,run_config.json + final_test.json
LaBraM,unknown,faced_shared_patch_lr5e4_w5_s3407,/panfs/accrepfs.vampire/data/neurogroup/mingyangjiang/EEGxPlore/LaBraM/checkpoints/faced_shared_patch_lr5e4_w5_s3407,legacy_unknown,unknown,,False,0,False,completed,63,0.366534055504961,0.3884863123993559,0.3102413405026885,,0.3901637148819816,0,0.000656358304106453,,,EXCLUDED,EXCLUDED_CANDIDATE,UNREVIEWED,UNREVIEWED,seed is outside the locked manuscript seed set,,0,,false,unknown,unknown,no,no,no,no,,,,/panfs/accrepfs.vampire/data/neurogroup/mingyangjiang/EEGxPlore/LaBraM/checkpoints/faced_shared_patch_lr5e4_w5_s3407,,,,UNREVIEWED,run_config.json + final_test.json
LaBraM,unknown,faced_shared_patch_lr7e4_w10_s3407,/panfs/accrepfs.vampire/data/neurogroup/mingyangjiang/EEGxPlore/LaBraM/checkpoints/faced_shared_patch_lr7e4_w10_s3407,legacy_unknown,unknown,,False,0,False,completed,72,0.42660056046561756,0.4312936124530327,0.3575414341634048,,0.4315755460052189,0,0.017154705451269237,,,EXCLUDED,EXCLUDED_CANDIDATE,UNREVIEWED,UNREVIEWED,seed is outside the locked manuscript seed set,,0,,false,unknown,unknown,no,no,no,no,,,,/panfs/accrepfs.vampire/data/neurogroup/mingyangjiang/EEGxPlore/LaBraM/checkpoints/faced_shared_patch_lr7e4_w10_s3407,,,,UNREVIEWED,run_config.json + final_test.json
LaBraM,unknown,faced_shared_patch_lr7e4_w5_s3407,/panfs/accrepfs.vampire/data/neurogroup/mingyangjiang/EEGxPlore/LaBraM/checkpoints/faced_shared_patch_lr7e4_w5_s3407,legacy_unknown,unknown,,False,0,False,completed,67,0.20556924475491023,0.2533548040794418,0.1579429332556348,,0.25541744613359535,0,0.0004187912910267533,,,EXCLUDED,EXCLUDED_CANDIDATE,UNREVIEWED,UNREVIEWED,seed is outside the locked manuscript seed set,,0,,false,unknown,unknown,no,no,no,no,,,,/panfs/accrepfs.vampire/data/neurogroup/mingyangjiang/EEGxPlore/LaBraM/checkpoints/faced_shared_patch_lr7e4_w5_s3407,,,,UNREVIEWED,run_config.json + final_test.json
LaBraM,unknown,faced_shared_patch_lr9e4_w10_s3407,/panfs/accrepfs.vampire/data/neurogroup/mingyangjiang/EEGxPlore/LaBraM/checkpoints/faced_shared_patch_lr9e4_w10_s3407,legacy_unknown,unknown,,False,0,False,completed,65,0.2716200340454099,0.31226516371443913,0.22530336516408833,,0.31290298538879735,0,0.0009162017439458785,,,EXCLUDED,EXCLUDED_CANDIDATE,UNREVIEWED,UNREVIEWED,seed is outside the locked manuscript seed set,,0,,false,unknown,unknown,no,no,no,no,,,,/panfs/accrepfs.vampire/data/neurogroup/mingyangjiang/EEGxPlore/LaBraM/checkpoints/faced_shared_patch_lr9e4_w10_s3407,,,,UNREVIEWED,run_config.json + final_test.json
LaBraM,unknown,faced_shared_patch_lr9e4_w5_s3407,/panfs/accrepfs.vampire/data/neurogroup/mingyangjiang/EEGxPlore/LaBraM/checkpoints/faced_shared_patch_lr9e4_w5_s3407,legacy_unknown,unknown,,False,0,False,completed,66,0.2838067841304087,0.3101180891035964,0.2215414113625942,,0.3092787702063567,0,0.0005021914629781219,,,EXCLUDED,EXCLUDED_CANDIDATE,UNREVIEWED,UNREVIEWED,seed is outside the locked manuscript seed set,,0,,false,unknown,unknown,no,no,no,no,,,,/panfs/accrepfs.vampire/data/neurogroup/mingyangjiang/EEGxPlore/LaBraM/checkpoints/faced_shared_patch_lr9e4_w5_s3407,,,,UNREVIEWED,run_config.json + final_test.json
LaBraM,ISRUC,isruc_dense_bls0.1_lr2e-4_s42_b16_e30,/panfs/accrepfs.vampire/data/neurogroup/mingyangjiang/EEGxPlore/LaBraM/checkpoints/isruc_dense_bls0.1_lr2e-4_s42_b16_e30,dense,none,42,False,0,False,completed,21,0.7627271411534897,0.7995494534424181,0.7664334066137621,,0.8178719245951892,0,,0,1.1274232417759904e-05,SUPPORTING,SUPPORTING_CANDIDATE,UNREVIEWED,UNREVIEWED,completed legacy or non-strict artifact; manual audit required,axis-blind packet is a narrower patch-alignment comparator,1,42,true,unknown,unknown,no,no,no,yes,,,,/panfs/accrepfs.vampire/data/neurogroup/mingyangjiang/EEGxPlore/LaBraM/checkpoints/isruc_dense_bls0.1_lr2e-4_s42_b16_e30,,,,UNREVIEWED,run_config.json + final_test.json
LaBraM,ISRUC,isruc_dense_bls0_lr2e-4_s42_b16_e30,/panfs/accrepfs.vampire/data/neurogroup/mingyangjiang/EEGxPlore/LaBraM/checkpoints/isruc_dense_bls0_lr2e-4_s42_b16_e30,frozen_probe,none,42,False,0,False,completed,16,0.5852717421392518,0.6097929693662935,0.5770197230810676,,0.6484400106243549,0,,0,0.0,SUPPORTING,SUPPORTING_CANDIDATE,UNREVIEWED,UNREVIEWED,completed legacy or non-strict artifact; manual audit required,axis-blind packet is a narrower patch-alignment comparator,0,,false,unknown,unknown,no,no,no,yes,,,,/panfs/accrepfs.vampire/data/neurogroup/mingyangjiang/EEGxPlore/LaBraM/checkpoints/isruc_dense_bls0_lr2e-4_s42_b16_e30,,,,UNREVIEWED,run_config.json + final_test.json
LaBraM,ISRUC,isruc_dense_bls0_s1024_lr2e-4_b16_e30,/panfs/accrepfs.vampire/data/neurogroup/mingyangjiang/EEGxPlore/LaBraM/checkpoints/isruc_dense_bls0_s1024_lr2e-4_b16_e30,frozen_probe,none,1024,False,0,False,completed,16,0.5769341440240839,0.6083131754622862,0.5762785465871034,,0.6476667258218318,0,,0,0.0,SUPPORTING,SUPPORTING_CANDIDATE,UNREVIEWED,UNREVIEWED,completed legacy or non-strict artifact; manual audit required,axis-blind packet is a narrower patch-alignment comparator,0,,false,unknown,unknown,no,no,no,yes,,,,/panfs/accrepfs.vampire/data/neurogroup/mingyangjiang/EEGxPlore/LaBraM/checkpoints/isruc_dense_bls0_s1024_lr2e-4_b16_e30,,,,UNREVIEWED,run_config.json + final_test.json
LaBraM,ISRUC,isruc_dense_bls0_s3407_lr2e-4_b16_e30,/panfs/accrepfs.vampire/data/neurogroup/mingyangjiang/EEGxPlore/LaBraM/checkpoints/isruc_dense_bls0_s3407_lr2e-4_b16_e30,frozen_probe,none,3407,False,0,False,completed,16,0.5794955462738667,0.6051158270520026,0.5721682710860597,,0.6433133403251572,0,,0,0.0,SUPPORTING,SUPPORTING_CANDIDATE,UNREVIEWED,UNREVIEWED,completed legacy or non-strict artifact; manual audit required,axis-blind packet is a narrower patch-alignment comparator,0,,false,unknown,unknown,no,no,no,yes,,,,/panfs/accrepfs.vampire/data/neurogroup/mingyangjiang/EEGxPlore/LaBraM/checkpoints/isruc_dense_bls0_s3407_lr2e-4_b16_e30,,,,UNREVIEWED,run_config.json + final_test.json
LaBraM,ISRUC,isruc_labram_axis_blind_b400_s1024_b16_lr2e-4_e30_retry_seqfix,/panfs/accrepfs.vampire/data/neurogroup/mingyangjiang/EEGxPlore/LaBraM/checkpoints/isruc_labram_axis_blind_b400_s1024_b16_lr2e-4_e30_retry_seqfix,axis_blind,generic_token_control,1024,True,120,True,completed,22,0.6895902002689422,0.7210454114977808,0.6811703016679138,,0.7439472635687449,162006,0.29262512761193354,161001,0.0,PRIMARY,PRIMARY_CANDIDATE,UNREVIEWED,UNREVIEWED,strict canonical three-seed group,axis-blind packet is a narrower patch-alignment comparator,3,"42,1024,3407",true,unknown,unknown,no,no,no,yes,,,,/panfs/accrepfs.vampire/data/neurogroup/mingyangjiang/EEGxPlore/LaBraM/checkpoints/isruc_labram_axis_blind_b400_s1024_b16_lr2e-4_e30_retry_seqfix,,,,UNREVIEWED,run_config.json + final_test.json
LaBraM,ISRUC,isruc_labram_axis_blind_b400_s3407_b16_lr2e-4_e30_retry_seqfix,/panfs/accrepfs.vampire/data/neurogroup/mingyangjiang/EEGxPlore/LaBraM/checkpoints/isruc_labram_axis_blind_b400_s3407_b16_lr2e-4_e30_retry_seqfix,axis_blind,generic_token_control,3407,True,120,True,completed,22,0.6926648201391539,0.7254112238310519,0.685399386024452,,0.7474615397085191,162006,0.2939644621030704,161001,0.0,PRIMARY,PRIMARY_CANDIDATE,UNREVIEWED,UNREVIEWED,strict canonical three-seed group,axis-blind packet is a narrower patch-alignment comparator,3,"42,1024,3407",true,unknown,unknown,no,no,no,yes,,,,/panfs/accrepfs.vampire/data/neurogroup/mingyangjiang/EEGxPlore/LaBraM/checkpoints/isruc_labram_axis_blind_b400_s3407_b16_lr2e-4_e30_retry_seqfix,,,,UNREVIEWED,run_config.json + final_test.json
LaBraM,ISRUC,isruc_labram_axis_blind_b400_s42_b16_lr2e-4_e30_retry_seqfix,/panfs/accrepfs.vampire/data/neurogroup/mingyangjiang/EEGxPlore/LaBraM/checkpoints/isruc_labram_axis_blind_b400_s42_b16_lr2e-4_e30_retry_seqfix,axis_blind,generic_token_control,42,True,120,True,completed,22,0.694118219729901,0.7234385958163658,0.6829024792746812,,0.7454216054845126,162006,0.29559289992929577,161001,0.0,PRIMARY,PRIMARY_CANDIDATE,UNREVIEWED,UNREVIEWED,strict canonical three-seed group,axis-blind packet is a narrower patch-alignment comparator,3,"42,1024,3407",true,unknown,unknown,no,no,no,yes,,,,/panfs/accrepfs.vampire/data/neurogroup/mingyangjiang/EEGxPlore/LaBraM/checkpoints/isruc_labram_axis_blind_b400_s42_b16_lr2e-4_e30_retry_seqfix,,,,UNREVIEWED,run_config.json + final_test.json
LaBraM,ISRUC,isruc_labram_channel_bb0p1_core1_alpha0p5_s42_b16_lr2e-4_e30_test,/panfs/accrepfs.vampire/data/neurogroup/mingyangjiang/EEGxPlore/LaBraM/checkpoints/isruc_labram_channel_bb0p1_core1_alpha0p5_s42_b16_lr2e-4_e30_test,native_channel,channel,42,False,105,False,completed,24,0.7622757099912487,0.7972082066063673,0.7617549059544408,,0.8133659596870926,6464742,0.2086123907351279,161201,1.1180905677964543e-05,SUPPORTING,SUPPORTING_CANDIDATE,UNREVIEWED,UNREVIEWED,completed legacy or non-strict artifact; manual audit required,axis-blind packet is a narrower patch-alignment comparator,0,,false,unknown,unknown,no,no,no,yes,,,,/panfs/accrepfs.vampire/data/neurogroup/mingyangjiang/EEGxPlore/LaBraM/checkpoints/isruc_labram_channel_bb0p1_core1_alpha0p5_s42_b16_lr2e-4_e30_test,,,,UNREVIEWED,run_config.json + final_test.json
LaBraM,ISRUC,isruc_labram_current_channel_patch_s42_b16_lr2e-4_e30_test,/panfs/accrepfs.vampire/data/neurogroup/mingyangjiang/EEGxPlore/LaBraM/checkpoints/isruc_labram_current_channel_patch_s42_b16_lr2e-4_e30_test,native_channel_patch,channel_patch,42,False,105,False,completed,12,0.7695207043446797,0.7918233149231386,0.7474105783120603,,0.7994631018514831,6625943,0.00439102382835437,322402,0.00012058165408575548,SUPPORTING,SUPPORTING_CANDIDATE,UNREVIEWED,UNREVIEWED,completed legacy or non-strict artifact; manual audit required,axis-blind packet is a narrower patch-alignment comparator,0,,false,unknown,unknown,no,no,no,yes,,,,/panfs/accrepfs.vampire/data/neurogroup/mingyangjiang/EEGxPlore/LaBraM/checkpoints/isruc_labram_current_channel_patch_s42_b16_lr2e-4_e30_test,,,,UNREVIEWED,run_config.json + final_test.json
LaBraM,ISRUC,isruc_labram_current_channel_s42_b16_lr2e-4_e30_test,/panfs/accrepfs.vampire/data/neurogroup/mingyangjiang/EEGxPlore/LaBraM/checkpoints/isruc_labram_current_channel_s42_b16_lr2e-4_e30_test,native_channel,channel,42,False,105,False,completed,12,0.7711423296100278,0.7914801106444587,0.7480994472229625,,0.79989692130821,6464742,0.002844193119656395,161201,0.00012105007344939209,SUPPORTING,SUPPORTING_CANDIDATE,UNREVIEWED,UNREVIEWED,completed legacy or non-strict artifact; manual audit required,axis-blind packet is a narrower patch-alignment comparator,0,,false,unknown,unknown,no,no,no,yes,,,,/panfs/accrepfs.vampire/data/neurogroup/mingyangjiang/EEGxPlore/LaBraM/checkpoints/isruc_labram_current_channel_s42_b16_lr2e-4_e30_test,,,,UNREVIEWED,run_config.json + final_test.json
LaBraM,ISRUC,isruc_labram_current_dense_s42_b16_lr2e-4_e30_test,/panfs/accrepfs.vampire/data/neurogroup/mingyangjiang/EEGxPlore/LaBraM/checkpoints/isruc_labram_current_dense_s42_b16_lr2e-4_e30_test,dense,none,42,False,105,False,completed,12,0.7673231740279138,0.7996510009864395,0.758338922484451,,0.8088943980628153,6303541,,0,0.00012199627713156724,SUPPORTING,SUPPORTING_CANDIDATE,UNREVIEWED,UNREVIEWED,completed legacy or non-strict artifact; manual audit required,axis-blind packet is a narrower patch-alignment comparator,1,42,true,unknown,unknown,no,no,no,yes,,,,/panfs/accrepfs.vampire/data/neurogroup/mingyangjiang/EEGxPlore/LaBraM/checkpoints/isruc_labram_current_dense_s42_b16_lr2e-4_e30_test,,,,UNREVIEWED,run_config.json + final_test.json
LaBraM,ISRUC,isruc_labram_current_patch_s42_b16_lr2e-4_e30_test,/panfs/accrepfs.vampire/data/neurogroup/mingyangjiang/EEGxPlore/LaBraM/checkpoints/isruc_labram_current_patch_s42_b16_lr2e-4_e30_test,native_patch,patch,42,False,105,False,completed,12,0.7698380864919618,0.7911529153668593,0.7474934115925004,,0.7994755973083286,6464742,0.0026870569830911386,161201,0.00012105985377072677,SUPPORTING,SUPPORTING_CANDIDATE,UNREVIEWED,UNREVIEWED,completed legacy or non-strict artifact; manual audit required,axis-blind packet is a narrower patch-alignment comparator,0,,false,unknown,unknown,no,no,no,yes,,,,/panfs/accrepfs.vampire/data/neurogroup/mingyangjiang/EEGxPlore/LaBraM/checkpoints/isruc_labram_current_patch_s42_b16_lr2e-4_e30_test,,,,UNREVIEWED,run_config.json + final_test.json
LaBraM,ISRUC,isruc_labram_dense_lr2e-4_s1024_b16_e30_scale1,/panfs/accrepfs.vampire/data/neurogroup/mingyangjiang/EEGxPlore/LaBraM/checkpoints/isruc_labram_dense_lr2e-4_s1024_b16_e30_scale1,dense,none,1024,False,100,False,completed,12,0.7607785173305851,0.7939134614131003,0.7581307705644715,,0.8108319666573279,0,,0,0.0001214669133910091,SUPPORTING,SUPPORTING_CANDIDATE,UNREVIEWED,UNREVIEWED,completed legacy or non-strict artifact; manual audit required,axis-blind packet is a narrower patch-alignment comparator,1,42,true,unknown,unknown,no,no,no,yes,,,,/panfs/accrepfs.vampire/data/neurogroup/mingyangjiang/EEGxPlore/LaBraM/checkpoints/isruc_labram_dense_lr2e-4_s1024_b16_e30_scale1,,,,UNREVIEWED,run_config.json + final_test.json
LaBraM,ISRUC,isruc_labram_dense_lr2e-4_s3407_b16_e30_scale1,/panfs/accrepfs.vampire/data/neurogroup/mingyangjiang/EEGxPlore/LaBraM/checkpoints/isruc_labram_dense_lr2e-4_s3407_b16_e30_scale1,dense,none,3407,False,100,False,completed,12,0.7673610499057097,0.7932107207206831,0.7509231000184551,,0.8040343684536523,0,,0,0.00012369459915197964,SUPPORTING,SUPPORTING_CANDIDATE,UNREVIEWED,UNREVIEWED,completed legacy or non-strict artifact; manual audit required,axis-blind packet is a narrower patch-alignment comparator,1,42,true,unknown,unknown,no,no,no,yes,,,,/panfs/accrepfs.vampire/data/neurogroup/mingyangjiang/EEGxPlore/LaBraM/checkpoints/isruc_labram_dense_lr2e-4_s3407_b16_e30_scale1,,,,UNREVIEWED,run_config.json + final_test.json
LaBraM,ISRUC,isruc_labram_dense_scale100_s42_b16_lr2e-4_e30_strict_rerun,/panfs/accrepfs.vampire/data/neurogroup/mingyangjiang/EEGxPlore/LaBraM/checkpoints/isruc_labram_dense_scale100_s42_b16_lr2e-4_e30_strict_rerun,dense,none,42,True,100,True,completed,8,0.7740121975167825,0.804765071032708,0.7688569902257629,,0.8210639088236777,6303541,,0,0.00011777448446386312,SUPPORTING,SUPPORTING_CANDIDATE,UNREVIEWED,UNREVIEWED,strict artifact but canonical group is incomplete,axis-blind packet is a narrower patch-alignment comparator,1,42,true,unknown,unknown,no,no,no,yes,,,,/panfs/accrepfs.vampire/data/neurogroup/mingyangjiang/EEGxPlore/LaBraM/checkpoints/isruc_labram_dense_scale100_s42_b16_lr2e-4_e30_strict_rerun,,,,UNREVIEWED,run_config.json + final_test.json
LaBraM,ISRUC,isruc_labram_generic_token_s1024_b16_lr2e-4_e30_test,/panfs/accrepfs.vampire/data/neurogroup/mingyangjiang/EEGxPlore/LaBraM/checkpoints/isruc_labram_generic_token_s1024_b16_lr2e-4_e30_test,frozen_native_generic,generic,1024,False,105,False,completed,25,0.6251855721573982,0.6635873863174189,0.6284381351444246,,0.6971763985457855,27270,0.15644668599775247,26265,0.0,SUPPORTING,SUPPORTING_CANDIDATE,UNREVIEWED,UNREVIEWED,completed legacy or non-strict artifact; manual audit required,axis-blind packet is a narrower patch-alignment comparator,0,,false,control_only,no_primary_probe,no,no,no,yes,,,,/panfs/accrepfs.vampire/data/neurogroup/mingyangjiang/EEGxPlore/LaBraM/checkpoints/isruc_labram_generic_token_s1024_b16_lr2e-4_e30_test,,,,UNREVIEWED,run_config.json + final_test.json
LaBraM,ISRUC,isruc_labram_generic_token_s3407_b16_lr2e-4_e30_test,/panfs/accrepfs.vampire/data/neurogroup/mingyangjiang/EEGxPlore/LaBraM/checkpoints/isruc_labram_generic_token_s3407_b16_lr2e-4_e30_test,frozen_native_generic,generic,3407,False,105,False,completed,22,0.6245662160549685,0.6658722359389271,0.6298102925143305,,0.6971379387873987,27270,0.14516140131263044,26265,0.0,SUPPORTING,SUPPORTING_CANDIDATE,UNREVIEWED,UNREVIEWED,completed legacy or non-strict artifact; manual audit required,axis-blind packet is a narrower patch-alignment comparator,0,,false,control_only,no_primary_probe,no,no,no,yes,,,,/panfs/accrepfs.vampire/data/neurogroup/mingyangjiang/EEGxPlore/LaBraM/checkpoints/isruc_labram_generic_token_s3407_b16_lr2e-4_e30_test,,,,UNREVIEWED,run_config.json + final_test.json
LaBraM,ISRUC,isruc_labram_generic_token_s42_b16_lr2e-4_e30_test,/panfs/accrepfs.vampire/data/neurogroup/mingyangjiang/EEGxPlore/LaBraM/checkpoints/isruc_labram_generic_token_s42_b16_lr2e-4_e30_test,frozen_native_generic,generic,42,False,105,False,completed,25,0.6239565132208995,0.6613605051789536,0.6268966825162423,,0.6964467686776508,27270,0.1431546651565277,26265,0.0,SUPPORTING,SUPPORTING_CANDIDATE,UNREVIEWED,UNREVIEWED,completed legacy or non-strict artifact; manual audit required,axis-blind packet is a narrower patch-alignment comparator,0,,false,control_only,no_primary_probe,no,no,no,yes,,,,/panfs/accrepfs.vampire/data/neurogroup/mingyangjiang/EEGxPlore/LaBraM/checkpoints/isruc_labram_generic_token_s42_b16_lr2e-4_e30_test,,,,UNREVIEWED,run_config.json + final_test.json
LaBraM,ISRUC,isruc_labram_lora_qkv_r8_s1024_b16_lr2e-4_e30_test_retry1,/panfs/accrepfs.vampire/data/neurogroup/mingyangjiang/EEGxPlore/LaBraM/checkpoints/isruc_labram_lora_qkv_r8_s1024_b16_lr2e-4_e30_test_retry1,lora,qkv,1024,False,105,False,completed,18,0.6587584239552244,0.6904349041510944,0.6566167805631453,,0.7216504644864478,77805,,76800,1.3931651269352713e-06,SUPPORTING,SUPPORTING_CANDIDATE,UNREVIEWED,UNREVIEWED,completed legacy or non-strict artifact; manual audit required,axis-blind packet is a narrower patch-alignment comparator,0,,false,unknown,unknown,no,no,no,yes,,,,/panfs/accrepfs.vampire/data/neurogroup/mingyangjiang/EEGxPlore/LaBraM/checkpoints/isruc_labram_lora_qkv_r8_s1024_b16_lr2e-4_e30_test_retry1,,,,UNREVIEWED,run_config.json + final_test.json
LaBraM,ISRUC,isruc_labram_lora_qkv_r8_s3407_b16_lr2e-4_e30_test_retry1,/panfs/accrepfs.vampire/data/neurogroup/mingyangjiang/EEGxPlore/LaBraM/checkpoints/isruc_labram_lora_qkv_r8_s3407_b16_lr2e-4_e30_test_retry1,lora,qkv,3407,False,105,False,completed,22,0.6630172677124597,0.6959658223713784,0.6621126587474866,,0.727545946554763,77805,,76800,1.3559847333398769e-06,SUPPORTING,SUPPORTING_CANDIDATE,UNREVIEWED,UNREVIEWED,completed legacy or non-strict artifact; manual audit required,axis-blind packet is a narrower patch-alignment comparator,0,,false,unknown,unknown,no,no,no,yes,,,,/panfs/accrepfs.vampire/data/neurogroup/mingyangjiang/EEGxPlore/LaBraM/checkpoints/isruc_labram_lora_qkv_r8_s3407_b16_lr2e-4_e30_test_retry1,,,,UNREVIEWED,run_config.json + final_test.json
LaBraM,ISRUC,isruc_labram_lora_qkv_r8_s42_b16_lr2e-4_e30_test_retry1,/panfs/accrepfs.vampire/data/neurogroup/mingyangjiang/EEGxPlore/LaBraM/checkpoints/isruc_labram_lora_qkv_r8_s42_b16_lr2e-4_e30_test_retry1,lora,qkv,42,False,105,False,completed,15,0.6599837957838637,0.6888408814589454,0.6556202699529896,,0.7188957921325088,77805,,76800,1.4209103534698017e-06,SUPPORTING,SUPPORTING_CANDIDATE,UNREVIEWED,UNREVIEWED,completed legacy or non-strict artifact; manual audit required,axis-blind packet is a narrower patch-alignment comparator,0,,false,unknown,unknown,no,no,no,yes,,,,/panfs/accrepfs.vampire/data/neurogroup/mingyangjiang/EEGxPlore/LaBraM/checkpoints/isruc_labram_lora_qkv_r8_s42_b16_lr2e-4_e30_test_retry1,,,,UNREVIEWED,run_config.json + final_test.json
LaBraM,ISRUC,isruc_labram_lowrank_a05_channel_patch_s1024_b16_r32_lr2e-4_e30_test,/panfs/accrepfs.vampire/data/neurogroup/mingyangjiang/EEGxPlore/LaBraM/checkpoints/isruc_labram_lowrank_a05_channel_patch_s1024_b16_r32_lr2e-4_e30_test,native_channel_patch,channel_patch,1024,False,105,False,completed,10,0.7641913440790163,0.7971940032083148,0.7559041941594695,,0.8083352245799028,6338855,0.002792498217434161,35314,0.00012055776059322607,SUPPORTING,SUPPORTING_CANDIDATE,UNREVIEWED,UNREVIEWED,completed legacy or non-strict artifact; manual audit required,axis-blind packet is a narrower patch-alignment comparator,0,,false,unknown,unknown,no,no,no,yes,,,,/panfs/accrepfs.vampire/data/neurogroup/mingyangjiang/EEGxPlore/LaBraM/checkpoints/isruc_labram_lowrank_a05_channel_patch_s1024_b16_r32_lr2e-4_e30_test,,,,UNREVIEWED,run_config.json + final_test.json
LaBraM,ISRUC,isruc_labram_lowrank_a05_channel_patch_s3407_b16_r32_lr2e-4_e30_test,/panfs/accrepfs.vampire/data/neurogroup/mingyangjiang/EEGxPlore/LaBraM/checkpoints/isruc_labram_lowrank_a05_channel_patch_s3407_b16_r32_lr2e-4_e30_test,native_channel_patch,channel_patch,3407,False,105,False,completed,12,0.766541216140788,0.7859360107020924,0.7425472690457255,,0.7960366965028962,6338855,0.002783200468633089,35314,0.00012197051715712131,SUPPORTING,SUPPORTING_CANDIDATE,UNREVIEWED,UNREVIEWED,completed legacy or non-strict artifact; manual audit required,axis-blind packet is a narrower patch-alignment comparator,0,,false,unknown,unknown,no,no,no,yes,,,,/panfs/accrepfs.vampire/data/neurogroup/mingyangjiang/EEGxPlore/LaBraM/checkpoints/isruc_labram_lowrank_a05_channel_patch_s3407_b16_r32_lr2e-4_e30_test,,,,UNREVIEWED,run_config.json + final_test.json
LaBraM,ISRUC,isruc_labram_lowrank_a05_channel_patch_s42_b16_r32_lr2e-4_e30_test,/panfs/accrepfs.vampire/data/neurogroup/mingyangjiang/EEGxPlore/LaBraM/checkpoints/isruc_labram_lowrank_a05_channel_patch_s42_b16_r32_lr2e-4_e30_test,native_channel_patch,channel_patch,42,False,105,False,completed,12,0.7688032224187158,0.7920625935655919,0.747194004761618,,0.7992493117773547,6338855,0.0024995945010183227,35314,0.00012103373128770676,SUPPORTING,SUPPORTING_CANDIDATE,UNREVIEWED,UNREVIEWED,completed legacy or non-strict artifact; manual audit required,axis-blind packet is a narrower patch-alignment comparator,0,,false,unknown,unknown,no,no,no,yes,,,,/panfs/accrepfs.vampire/data/neurogroup/mingyangjiang/EEGxPlore/LaBraM/checkpoints/isruc_labram_lowrank_a05_channel_patch_s42_b16_r32_lr2e-4_e30_test,,,,UNREVIEWED,run_config.json + final_test.json
LaBraM,ISRUC,isruc_labram_lowrank_a05_channel_s1024_b16_r32_lr2e-4_e30_test,/panfs/accrepfs.vampire/data/neurogroup/mingyangjiang/EEGxPlore/LaBraM/checkpoints/isruc_labram_lowrank_a05_channel_s1024_b16_r32_lr2e-4_e30_test,native_channel,channel,1024,False,105,False,completed,10,0.7640165314080186,0.797690509554901,0.7562246011252517,,0.8085786866762186,6321198,0.0018501140519154367,17657,0.00012058220379125277,SUPPORTING,SUPPORTING_CANDIDATE,UNREVIEWED,UNREVIEWED,completed legacy or non-strict artifact; manual audit required,axis-blind packet is a narrower patch-alignment comparator,0,,false,unknown,unknown,no,no,no,yes,,,,/panfs/accrepfs.vampire/data/neurogroup/mingyangjiang/EEGxPlore/LaBraM/checkpoints/isruc_labram_lowrank_a05_channel_s1024_b16_r32_lr2e-4_e30_test,,,,UNREVIEWED,run_config.json + final_test.json
LaBraM,ISRUC,isruc_labram_lowrank_a05_channel_s3407_b16_r32_lr2e-4_e30_test,/panfs/accrepfs.vampire/data/neurogroup/mingyangjiang/EEGxPlore/LaBraM/checkpoints/isruc_labram_lowrank_a05_channel_s3407_b16_r32_lr2e-4_e30_test,native_channel,channel,3407,False,105,False,completed,12,0.7650656918628389,0.7867294122399779,0.7431999778311049,,0.7967132973257968,6321198,0.0018773536923601551,17657,0.0001224815821423503,SUPPORTING,SUPPORTING_CANDIDATE,UNREVIEWED,UNREVIEWED,completed legacy or non-strict artifact; manual audit required,axis-blind packet is a narrower patch-alignment comparator,0,,false,unknown,unknown,no,no,no,yes,,,,/panfs/accrepfs.vampire/data/neurogroup/mingyangjiang/EEGxPlore/LaBraM/checkpoints/isruc_labram_lowrank_a05_channel_s3407_b16_r32_lr2e-4_e30_test,,,,UNREVIEWED,run_config.json + final_test.json
LaBraM,ISRUC,isruc_labram_lowrank_a05_channel_s42_b16_r32_lr2e-4_e30_test,/panfs/accrepfs.vampire/data/neurogroup/mingyangjiang/EEGxPlore/LaBraM/checkpoints/isruc_labram_lowrank_a05_channel_s42_b16_r32_lr2e-4_e30_test,native_channel,channel,42,False,105,False,completed,12,0.7697662302468466,0.792887557028774,0.7487975997877472,,0.8003828883467888,6321198,0.0019266924208348937,17657,0.00012098841041433517,SUPPORTING,SUPPORTING_CANDIDATE,UNREVIEWED,UNREVIEWED,completed legacy or non-strict artifact; manual audit required,axis-blind packet is a narrower patch-alignment comparator,0,,false,unknown,unknown,no,no,no,yes,,,,/panfs/accrepfs.vampire/data/neurogroup/mingyangjiang/EEGxPlore/LaBraM/checkpoints/isruc_labram_lowrank_a05_channel_s42_b16_r32_lr2e-4_e30_test,,,,UNREVIEWED,run_config.json + final_test.json
LaBraM,ISRUC,isruc_labram_lowrank_a05_patch_s1024_b16_r32_lr2e-4_e30_test,/panfs/accrepfs.vampire/data/neurogroup/mingyangjiang/EEGxPlore/LaBraM/checkpoints/isruc_labram_lowrank_a05_patch_s1024_b16_r32_lr2e-4_e30_test,native_patch,patch,1024,False,105,False,completed,10,0.7639050705258383,0.7969506336259518,0.755874379984669,,0.8081788200841074,6321198,0.0017923990847660345,17657,0.00012037208324873782,SUPPORTING,SUPPORTING_CANDIDATE,UNREVIEWED,UNREVIEWED,completed legacy or non-strict artifact; manual audit required,axis-blind packet is a narrower patch-alignment comparator,0,,false,unknown,unknown,no,no,no,yes,,,,/panfs/accrepfs.vampire/data/neurogroup/mingyangjiang/EEGxPlore/LaBraM/checkpoints/isruc_labram_lowrank_a05_patch_s1024_b16_r32_lr2e-4_e30_test,,,,UNREVIEWED,run_config.json + final_test.json
LaBraM,ISRUC,isruc_labram_lowrank_a05_patch_s3407_b16_r32_lr2e-4_e30_test,/panfs/accrepfs.vampire/data/neurogroup/mingyangjiang/EEGxPlore/LaBraM/checkpoints/isruc_labram_lowrank_a05_patch_s3407_b16_r32_lr2e-4_e30_test,native_patch,patch,3407,False,105,False,completed,12,0.7665438702050142,0.7845586860676933,0.7410610715488466,,0.7948503588704989,6321198,0.0018132633156235421,17657,0.00012227023979422273,SUPPORTING,SUPPORTING_CANDIDATE,UNREVIEWED,UNREVIEWED,completed legacy or non-strict artifact; manual audit required,axis-blind packet is a narrower patch-alignment comparator,0,,false,unknown,unknown,no,no,no,yes,,,,/panfs/accrepfs.vampire/data/neurogroup/mingyangjiang/EEGxPlore/LaBraM/checkpoints/isruc_labram_lowrank_a05_patch_s3407_b16_r32_lr2e-4_e30_test,,,,UNREVIEWED,run_config.json + final_test.json
LaBraM,ISRUC,isruc_labram_lowrank_a05_patch_s42_b16_r32_lr2e-4_e30_test,/panfs/accrepfs.vampire/data/neurogroup/mingyangjiang/EEGxPlore/LaBraM/checkpoints/isruc_labram_lowrank_a05_patch_s42_b16_r32_lr2e-4_e30_test,native_patch,patch,42,False,105,False,completed,12,0.770169907094671,0.7916441660492264,0.7478258353571317,,0.799482577884753,6321198,0.0018658593133393977,17657,0.00012143685876259808,SUPPORTING,SUPPORTING_CANDIDATE,UNREVIEWED,UNREVIEWED,completed legacy or non-strict artifact; manual audit required,axis-blind packet is a narrower patch-alignment comparator,0,,false,unknown,unknown,no,no,no,yes,,,,/panfs/accrepfs.vampire/data/neurogroup/mingyangjiang/EEGxPlore/LaBraM/checkpoints/isruc_labram_lowrank_a05_patch_s42_b16_r32_lr2e-4_e30_test,,,,UNREVIEWED,run_config.json + final_test.json
LaBraM,ISRUC,isruc_labram_lowrank_channel_patch_s42_b16_r32_lr2e-4_e30_test,/panfs/accrepfs.vampire/data/neurogroup/mingyangjiang/EEGxPlore/LaBraM/checkpoints/isruc_labram_lowrank_channel_patch_s42_b16_r32_lr2e-4_e30_test,native_channel_patch,channel_patch,42,False,105,False,completed,12,0.770005614159678,0.7919895603174811,0.7478798743181303,,0.7996692020243549,6338855,5.567671058514378e-05,35314,0.00012089545431561802,SUPPORTING,SUPPORTING_CANDIDATE,UNREVIEWED,UNREVIEWED,completed legacy or non-strict artifact; manual audit required,axis-blind packet is a narrower patch-alignment comparator,0,,false,unknown,unknown,no,no,no,yes,,,,/panfs/accrepfs.vampire/data/neurogroup/mingyangjiang/EEGxPlore/LaBraM/checkpoints/isruc_labram_lowrank_channel_patch_s42_b16_r32_lr2e-4_e30_test,,,,UNREVIEWED,run_config.json + final_test.json
LaBraM,ISRUC,isruc_labram_lowrank_channel_retry1_s42_b16_r32_lr2e-4_e30_test,/panfs/accrepfs.vampire/data/neurogroup/mingyangjiang/EEGxPlore/LaBraM/checkpoints/isruc_labram_lowrank_channel_retry1_s42_b16_r32_lr2e-4_e30_test,native_channel,channel,42,False,105,False,completed,12,0.7709633194244989,0.7915110010257753,0.7471549558522887,,0.7990563544059301,6321198,5.581842434604606e-05,17657,0.00012073922948679369,SUPPORTING,SUPPORTING_CANDIDATE,UNREVIEWED,UNREVIEWED,completed legacy or non-strict artifact; manual audit required,axis-blind packet is a narrower patch-alignment comparator,0,,false,unknown,unknown,no,no,no,yes,,,,/panfs/accrepfs.vampire/data/neurogroup/mingyangjiang/EEGxPlore/LaBraM/checkpoints/isruc_labram_lowrank_channel_retry1_s42_b16_r32_lr2e-4_e30_test,,,,UNREVIEWED,run_config.json + final_test.json
LaBraM,ISRUC,isruc_labram_lowrank_dense_s42_b16_r32_lr2e-4_e30_test,/panfs/accrepfs.vampire/data/neurogroup/mingyangjiang/EEGxPlore/LaBraM/checkpoints/isruc_labram_lowrank_dense_s42_b16_r32_lr2e-4_e30_test,dense,none,42,False,105,False,completed,12,0.7673231740279138,0.7996510009864395,0.758338922484451,,0.8088943980628153,6303541,,0,0.00012199627713156724,SUPPORTING,SUPPORTING_CANDIDATE,UNREVIEWED,UNREVIEWED,completed legacy or non-strict artifact; manual audit required,axis-blind packet is a narrower patch-alignment comparator,1,42,true,unknown,unknown,no,no,no,yes,,,,/panfs/accrepfs.vampire/data/neurogroup/mingyangjiang/EEGxPlore/LaBraM/checkpoints/isruc_labram_lowrank_dense_s42_b16_r32_lr2e-4_e30_test,,,,UNREVIEWED,run_config.json + final_test.json
LaBraM,ISRUC,isruc_labram_lowrank_patch_s42_b16_r32_lr2e-4_e30_test,/panfs/accrepfs.vampire/data/neurogroup/mingyangjiang/EEGxPlore/LaBraM/checkpoints/isruc_labram_lowrank_patch_s42_b16_r32_lr2e-4_e30_test,native_patch,patch,42,False,105,False,completed,12,0.7701485559379839,0.7922563367351894,0.748160017227237,,0.799986270371284,6321198,5.506595305239505e-05,17657,0.00012094195276018826,SUPPORTING,SUPPORTING_CANDIDATE,UNREVIEWED,UNREVIEWED,completed legacy or non-strict artifact; manual audit required,axis-blind packet is a narrower patch-alignment comparator,0,,false,unknown,unknown,no,no,no,yes,,,,/panfs/accrepfs.vampire/data/neurogroup/mingyangjiang/EEGxPlore/LaBraM/checkpoints/isruc_labram_lowrank_patch_s42_b16_r32_lr2e-4_e30_test,,,,UNREVIEWED,run_config.json + final_test.json
LaBraM,ISRUC,isruc_labram_upper2_s1024_b16_lr2e-4_e30_test,/panfs/accrepfs.vampire/data/neurogroup/mingyangjiang/EEGxPlore/LaBraM/checkpoints/isruc_labram_upper2_s1024_b16_lr2e-4_e30_test,upper2,upper,1024,False,105,False,completed,24,0.7636540569890713,0.7998409495538057,0.7528211437327585,,0.804970651291737,1448965,,0,0.00012079259089658632,SUPPORTING,SUPPORTING_CANDIDATE,UNREVIEWED,UNREVIEWED,completed legacy or non-strict artifact; manual audit required,axis-blind packet is a narrower patch-alignment comparator,0,,false,unknown,unknown,no,no,no,yes,,,,/panfs/accrepfs.vampire/data/neurogroup/mingyangjiang/EEGxPlore/LaBraM/checkpoints/isruc_labram_upper2_s1024_b16_lr2e-4_e30_test,,,,UNREVIEWED,run_config.json + final_test.json
LaBraM,ISRUC,isruc_labram_upper2_s3407_b16_lr2e-4_e30_test,/panfs/accrepfs.vampire/data/neurogroup/mingyangjiang/EEGxPlore/LaBraM/checkpoints/isruc_labram_upper2_s3407_b16_lr2e-4_e30_test,upper2,upper,3407,False,105,False,completed,15,0.7696175723532932,0.7918618929666731,0.745802577376445,,0.797763265213219,1448965,,0,0.00011856864015863009,SUPPORTING,SUPPORTING_CANDIDATE,UNREVIEWED,UNREVIEWED,completed legacy or non-strict artifact; manual audit required,axis-blind packet is a narrower patch-alignment comparator,0,,false,unknown,unknown,no,no,no,yes,,,,/panfs/accrepfs.vampire/data/neurogroup/mingyangjiang/EEGxPlore/LaBraM/checkpoints/isruc_labram_upper2_s3407_b16_lr2e-4_e30_test,,,,UNREVIEWED,run_config.json + final_test.json
LaBraM,ISRUC,isruc_labram_upper2_s42_b16_lr2e-4_e30_test,/panfs/accrepfs.vampire/data/neurogroup/mingyangjiang/EEGxPlore/LaBraM/checkpoints/isruc_labram_upper2_s42_b16_lr2e-4_e30_test,upper2,upper,42,False,105,False,completed,15,0.7647737579805463,0.7899176254316815,0.7470242717064333,,0.7975335940496057,1448965,,0,0.0001189810246986178,SUPPORTING,SUPPORTING_CANDIDATE,UNREVIEWED,UNREVIEWED,completed legacy or non-strict artifact; manual audit required,axis-blind packet is a narrower patch-alignment comparator,0,,false,unknown,unknown,no,no,no,yes,,,,/panfs/accrepfs.vampire/data/neurogroup/mingyangjiang/EEGxPlore/LaBraM/checkpoints/isruc_labram_upper2_s42_b16_lr2e-4_e30_test,,,,UNREVIEWED,run_config.json + final_test.json
LaBraM,ISRUC,isruc_patch_util_bls0_lr2e-4_s42_b16_e30,/panfs/accrepfs.vampire/data/neurogroup/mingyangjiang/EEGxPlore/LaBraM/checkpoints/isruc_patch_util_bls0_lr2e-4_s42_b16_e30,frozen_native_patch,patch,42,False,0,False,completed,18,0.6997966265132378,0.7219609391510933,0.6808162186315714,,0.744375591976531,0,0.38096134498849643,161201,0.0,SUPPORTING,SUPPORTING_CANDIDATE,UNREVIEWED,UNREVIEWED,completed legacy or non-strict artifact; manual audit required,axis-blind packet is a narrower patch-alignment comparator,0,,false,control_only,no_primary_probe,no,no,no,yes,,,,/panfs/accrepfs.vampire/data/neurogroup/mingyangjiang/EEGxPlore/LaBraM/checkpoints/isruc_patch_util_bls0_lr2e-4_s42_b16_e30,,,,UNREVIEWED,run_config.json + final_test.json
LaBraM,ISRUC,isruc_patch_util_bls0_s1024_lr2e-4_b16_e30,/panfs/accrepfs.vampire/data/neurogroup/mingyangjiang/EEGxPlore/LaBraM/checkpoints/isruc_patch_util_bls0_s1024_lr2e-4_b16_e30,frozen_native_patch,patch,1024,False,0,False,completed,22,0.7067247687213773,0.7284350949641585,0.6884962759227304,,0.7495507074826273,0,0.3694510552528742,161201,0.0,SUPPORTING,SUPPORTING_CANDIDATE,UNREVIEWED,UNREVIEWED,completed legacy or non-strict artifact; manual audit required,axis-blind packet is a narrower patch-alignment comparator,0,,false,control_only,no_primary_probe,no,no,no,yes,,,,/panfs/accrepfs.vampire/data/neurogroup/mingyangjiang/EEGxPlore/LaBraM/checkpoints/isruc_patch_util_bls0_s1024_lr2e-4_b16_e30,,,,UNREVIEWED,run_config.json + final_test.json
LaBraM,ISRUC,isruc_patch_util_bls0_s3407_lr2e-4_b16_e30,/panfs/accrepfs.vampire/data/neurogroup/mingyangjiang/EEGxPlore/LaBraM/checkpoints/isruc_patch_util_bls0_s3407_lr2e-4_b16_e30,frozen_native_patch,patch,3407,False,0,False,completed,18,0.7022861660951791,0.7250388777715873,0.6847717813352125,,0.7470601945845469,0,0.38013779231019923,161201,0.0,SUPPORTING,SUPPORTING_CANDIDATE,UNREVIEWED,UNREVIEWED,completed legacy or non-strict artifact; manual audit required,axis-blind packet is a narrower patch-alignment comparator,0,,false,control_only,no_primary_probe,no,no,no,yes,,,,/panfs/accrepfs.vampire/data/neurogroup/mingyangjiang/EEGxPlore/LaBraM/checkpoints/isruc_patch_util_bls0_s3407_lr2e-4_b16_e30,,,,UNREVIEWED,run_config.json + final_test.json
LaBraM,PhysioNet-MI,physio_mi_frozen_channel_patch_lowrank_locked_lr5e4_s1024_b64_e40,/panfs/accrepfs.vampire/data/neurogroup/mingyangjiang/EEGxPlore/LaBraM/checkpoints/physio_mi_frozen_channel_patch_lowrank_locked_lr5e4_s1024_b64_e40,frozen_native_channel_patch,channel_patch,1024,True,100,True,completed,23,0.06402012934336143,0.27920721937012916,0.03904783513665111,,0.26154024467936204,86614,0.216152338501142,85810,0.0,PRIMARY,PRIMARY_CANDIDATE,UNREVIEWED,UNREVIEWED,strict canonical three-seed group,serialized-only extension,3,"42,1024,3407",true,no_primary_control,yes,PROVISIONAL,no,PROVISIONAL,yes,,,,/panfs/accrepfs.vampire/data/neurogroup/mingyangjiang/EEGxPlore/LaBraM/checkpoints/physio_mi_frozen_channel_patch_lowrank_locked_lr5e4_s1024_b64_e40,,,,UNREVIEWED,run_config.json + final_test.json
LaBraM,PhysioNet-MI,physio_mi_frozen_channel_patch_lowrank_locked_lr5e4_s3407_b64_e40,/panfs/accrepfs.vampire/data/neurogroup/mingyangjiang/EEGxPlore/LaBraM/checkpoints/physio_mi_frozen_channel_patch_lowrank_locked_lr5e4_s3407_b64_e40,frozen_native_channel_patch,channel_patch,3407,True,100,True,completed,23,0.052439262936163855,0.2814281606695931,0.042012783091985195,,0.26194032125215694,86614,0.19683155219773857,85810,0.0,PRIMARY,PRIMARY_CANDIDATE,UNREVIEWED,UNREVIEWED,strict canonical three-seed group,serialized-only extension,3,"42,1024,3407",true,no_primary_control,yes,PROVISIONAL,no,PROVISIONAL,yes,,,,/panfs/accrepfs.vampire/data/neurogroup/mingyangjiang/EEGxPlore/LaBraM/checkpoints/physio_mi_frozen_channel_patch_lowrank_locked_lr5e4_s3407_b64_e40,,,,UNREVIEWED,run_config.json + final_test.json
LaBraM,PhysioNet-MI,physio_mi_frozen_channel_patch_lowrank_locked_lr5e4_s42_b64_e40,/panfs/accrepfs.vampire/data/neurogroup/mingyangjiang/EEGxPlore/LaBraM/checkpoints/physio_mi_frozen_channel_patch_lowrank_locked_lr5e4_s42_b64_e40,frozen_native_channel_patch,channel_patch,42,True,100,True,completed,28,0.053508558779866155,0.28914047739135995,0.052272578992569985,,0.2782369231757911,86614,0.20745500450839802,85810,0.0,PRIMARY,PRIMARY_CANDIDATE,UNREVIEWED,UNREVIEWED,strict canonical three-seed group,serialized-only extension,3,"42,1024,3407",true,no_primary_control,yes,PROVISIONAL,no,PROVISIONAL,yes,,,,/panfs/accrepfs.vampire/data/neurogroup/mingyangjiang/EEGxPlore/LaBraM/checkpoints/physio_mi_frozen_channel_patch_lowrank_locked_lr5e4_s42_b64_e40,,,,UNREVIEWED,run_config.json + final_test.json
LaBraM,PhysioNet-MI,physio_mi_frozen_dense_locked_lr5e4_s1024_b64_e40,/panfs/accrepfs.vampire/data/neurogroup/mingyangjiang/EEGxPlore/LaBraM/checkpoints/physio_mi_frozen_dense_locked_lr5e4_s1024_b64_e40,frozen_probe,none,1024,True,100,True,completed,23,0.04183345203810007,0.2699090531941725,0.02662003135822455,,0.256095490387544,804,,0,0.0,PRIMARY,PRIMARY_CANDIDATE,UNREVIEWED,UNREVIEWED,strict canonical three-seed group,serialized-only extension,3,"42,1024,3407",true,unknown,unknown,PROVISIONAL,no,no,yes,,,,/panfs/accrepfs.vampire/data/neurogroup/mingyangjiang/EEGxPlore/LaBraM/checkpoints/physio_mi_frozen_dense_locked_lr5e4_s1024_b64_e40,,,,UNREVIEWED,run_config.json + final_test.json
LaBraM,PhysioNet-MI,physio_mi_frozen_dense_locked_lr5e4_s3407_b64_e40,/panfs/accrepfs.vampire/data/neurogroup/mingyangjiang/EEGxPlore/LaBraM/checkpoints/physio_mi_frozen_dense_locked_lr5e4_s3407_b64_e40,frozen_probe,none,3407,True,100,True,completed,20,0.04124983926964121,0.2693969181057666,0.02591434711819185,,0.2648999125148436,804,,0,0.0,PRIMARY,PRIMARY_CANDIDATE,UNREVIEWED,UNREVIEWED,strict canonical three-seed group,serialized-only extension,3,"42,1024,3407",true,unknown,unknown,PROVISIONAL,no,no,yes,,,,/panfs/accrepfs.vampire/data/neurogroup/mingyangjiang/EEGxPlore/LaBraM/checkpoints/physio_mi_frozen_dense_locked_lr5e4_s3407_b64_e40,,,,UNREVIEWED,run_config.json + final_test.json
LaBraM,PhysioNet-MI,physio_mi_frozen_dense_locked_lr5e4_s42_b64_e40,/panfs/accrepfs.vampire/data/neurogroup/mingyangjiang/EEGxPlore/LaBraM/checkpoints/physio_mi_frozen_dense_locked_lr5e4_s42_b64_e40,frozen_probe,none,42,True,100,True,completed,20,0.04124983926964121,0.2688425943807112,0.025175522259483718,,0.2643087026465435,804,,0,0.0,PRIMARY,PRIMARY_CANDIDATE,UNREVIEWED,UNREVIEWED,strict canonical three-seed group,serialized-only extension,3,"42,1024,3407",true,unknown,unknown,PROVISIONAL,no,no,yes,,,,/panfs/accrepfs.vampire/data/neurogroup/mingyangjiang/EEGxPlore/LaBraM/checkpoints/physio_mi_frozen_dense_locked_lr5e4_s42_b64_e40,,,,UNREVIEWED,run_config.json + final_test.json
LaBraM,PhysioNet-MI,physio_mi_full_channel_lowrank_locked_lr5e4_s1024_b64_e40,/panfs/accrepfs.vampire/data/neurogroup/mingyangjiang/EEGxPlore/LaBraM/checkpoints/physio_mi_full_channel_lowrank_locked_lr5e4_s1024_b64_e40,native_channel,channel,1024,True,100,True,completed,11,0.39941487193837755,0.6192289915867678,0.49205644268385706,,0.6213838503274354,5863645,0.050497569067745794,42905,0.00012810817306989372,PRIMARY,PRIMARY_CANDIDATE,UNREVIEWED,UNREVIEWED,strict canonical three-seed group,serialized-only extension,3,"42,1024,3407",true,unknown,unknown,no,no,no,yes,,,,/panfs/accrepfs.vampire/data/neurogroup/mingyangjiang/EEGxPlore/LaBraM/checkpoints/physio_mi_full_channel_lowrank_locked_lr5e4_s1024_b64_e40,,,,UNREVIEWED,run_config.json + final_test.json
LaBraM,PhysioNet-MI,physio_mi_full_channel_lowrank_locked_lr5e4_s3407_b64_e40,/panfs/accrepfs.vampire/data/neurogroup/mingyangjiang/EEGxPlore/LaBraM/checkpoints/physio_mi_full_channel_lowrank_locked_lr5e4_s3407_b64_e40,native_channel,channel,3407,True,100,True,completed,17,0.4170989143546442,0.6251979018303168,0.5001392343545903,,0.624564618214474,5863645,0.04253064871442561,42905,0.00012064590802517712,PRIMARY,PRIMARY_CANDIDATE,UNREVIEWED,UNREVIEWED,strict canonical three-seed group,serialized-only extension,3,"42,1024,3407",true,unknown,unknown,no,no,no,yes,,,,/panfs/accrepfs.vampire/data/neurogroup/mingyangjiang/EEGxPlore/LaBraM/checkpoints/physio_mi_full_channel_lowrank_locked_lr5e4_s3407_b64_e40,,,,UNREVIEWED,run_config.json + final_test.json
LaBraM,PhysioNet-MI,physio_mi_full_channel_lowrank_locked_lr5e4_s42_b64_e40,/panfs/accrepfs.vampire/data/neurogroup/mingyangjiang/EEGxPlore/LaBraM/checkpoints/physio_mi_full_channel_lowrank_locked_lr5e4_s42_b64_e40,native_channel,channel,42,True,100,True,completed,11,0.42170623907357196,0.6015737982314221,0.46843186709863815,,0.6016663654695473,5863645,0.08644130331825237,42905,0.00013400926361414983,PRIMARY,PRIMARY_CANDIDATE,UNREVIEWED,UNREVIEWED,strict canonical three-seed group,serialized-only extension,3,"42,1024,3407",true,unknown,unknown,no,no,no,yes,,,,/panfs/accrepfs.vampire/data/neurogroup/mingyangjiang/EEGxPlore/LaBraM/checkpoints/physio_mi_full_channel_lowrank_locked_lr5e4_s42_b64_e40,,,,UNREVIEWED,run_config.json + final_test.json
LaBraM,PhysioNet-MI,physio_mi_full_channel_patch_lowrank_locked_lr5e4_s1024_b64_e40,/panfs/accrepfs.vampire/data/neurogroup/mingyangjiang/EEGxPlore/LaBraM/checkpoints/physio_mi_full_channel_patch_lowrank_locked_lr5e4_s1024_b64_e40,native_channel_patch,channel_patch,1024,True,100,True,completed,9,0.4040772054486904,0.6302398003829567,0.5067903421869848,,0.6330909482318485,5906550,0.053618027733600866,85810,0.00012340030926764924,PRIMARY,PRIMARY_CANDIDATE,UNREVIEWED,UNREVIEWED,strict canonical three-seed group,serialized-only extension,3,"42,1024,3407",true,unknown,unknown,no,no,PROVISIONAL,yes,,,,/panfs/accrepfs.vampire/data/neurogroup/mingyangjiang/EEGxPlore/LaBraM/checkpoints/physio_mi_full_channel_patch_lowrank_locked_lr5e4_s1024_b64_e40,,,,UNREVIEWED,run_config.json + final_test.json
LaBraM,PhysioNet-MI,physio_mi_full_channel_patch_lowrank_locked_lr5e4_s3407_b64_e40,/panfs/accrepfs.vampire/data/neurogroup/mingyangjiang/EEGxPlore/LaBraM/checkpoints/physio_mi_full_channel_patch_lowrank_locked_lr5e4_s3407_b64_e40,native_channel_patch,channel_patch,3407,True,100,True,completed,15,0.4186379432378783,0.6158282889039495,0.48760575613560897,,0.6159926365705106,5906550,0.04530443984787075,85810,0.00013005728202218216,PRIMARY,PRIMARY_CANDIDATE,UNREVIEWED,UNREVIEWED,strict canonical three-seed group,serialized-only extension,3,"42,1024,3407",true,unknown,unknown,no,no,PROVISIONAL,yes,,,,/panfs/accrepfs.vampire/data/neurogroup/mingyangjiang/EEGxPlore/LaBraM/checkpoints/physio_mi_full_channel_patch_lowrank_locked_lr5e4_s3407_b64_e40,,,,UNREVIEWED,run_config.json + final_test.json
LaBraM,PhysioNet-MI,physio_mi_full_channel_patch_lowrank_locked_lr5e4_s42_b64_e40,/panfs/accrepfs.vampire/data/neurogroup/mingyangjiang/EEGxPlore/LaBraM/checkpoints/physio_mi_full_channel_patch_lowrank_locked_lr5e4_s42_b64_e40,native_channel_patch,channel_patch,42,True,100,True,completed,11,0.4063184504340692,0.6297170793176202,0.5060737876723087,,0.6309687148760922,5906550,0.07572020886808026,85810,0.00012895010675467952,PRIMARY,PRIMARY_CANDIDATE,UNREVIEWED,UNREVIEWED,strict canonical three-seed group,serialized-only extension,3,"42,1024,3407",true,unknown,unknown,no,no,PROVISIONAL,yes,,,,/panfs/accrepfs.vampire/data/neurogroup/mingyangjiang/EEGxPlore/LaBraM/checkpoints/physio_mi_full_channel_patch_lowrank_locked_lr5e4_s42_b64_e40,,,,UNREVIEWED,run_config.json + final_test.json
LaBraM,PhysioNet-MI,physio_mi_full_patch_lowrank_locked_lr5e4_s1024_b64_e40_retry_geomfix,/panfs/accrepfs.vampire/data/neurogroup/mingyangjiang/EEGxPlore/LaBraM/checkpoints/physio_mi_full_patch_lowrank_locked_lr5e4_s1024_b64_e40_retry_geomfix,native_patch,patch,1024,True,100,True,completed,9,0.4210240192409338,0.6224215960026853,0.4964335719974704,,0.6214109298562424,5863645,0.05002064767236612,42905,0.00013644506732839903,PRIMARY,PRIMARY_CANDIDATE,UNREVIEWED,UNREVIEWED,strict canonical three-seed group,serialized-only extension,3,"42,1024,3407",true,unknown,unknown,no,no,no,yes,,,,/panfs/accrepfs.vampire/data/neurogroup/mingyangjiang/EEGxPlore/LaBraM/checkpoints/physio_mi_full_patch_lowrank_locked_lr5e4_s1024_b64_e40_retry_geomfix,,,,UNREVIEWED,run_config.json + final_test.json
LaBraM,PhysioNet-MI,physio_mi_full_patch_lowrank_locked_lr5e4_s3407_b64_e40_retry_geomfix,/panfs/accrepfs.vampire/data/neurogroup/mingyangjiang/EEGxPlore/LaBraM/checkpoints/physio_mi_full_patch_lowrank_locked_lr5e4_s3407_b64_e40_retry_geomfix,native_patch,patch,3407,True,100,True,completed,9,0.40483901222457885,0.6175220393806322,0.4898086397931791,,0.619157923715456,5863645,0.06533950396186235,42905,0.00013370830881989854,PRIMARY,PRIMARY_CANDIDATE,UNREVIEWED,UNREVIEWED,strict canonical three-seed group,serialized-only extension,3,"42,1024,3407",true,unknown,unknown,no,no,no,yes,,,,/panfs/accrepfs.vampire/data/neurogroup/mingyangjiang/EEGxPlore/LaBraM/checkpoints/physio_mi_full_patch_lowrank_locked_lr5e4_s3407_b64_e40_retry_geomfix,,,,UNREVIEWED,run_config.json + final_test.json
LaBraM,PhysioNet-MI,physio_mi_full_patch_lowrank_locked_lr5e4_s42_b64_e40_retry_geomfix,/panfs/accrepfs.vampire/data/neurogroup/mingyangjiang/EEGxPlore/LaBraM/checkpoints/physio_mi_full_patch_lowrank_locked_lr5e4_s42_b64_e40_retry_geomfix,native_patch,patch,42,True,100,True,completed,11,0.4178787558948823,0.6367799358967028,0.5156402392258544,,0.6401240759857082,5863645,0.040413993505799044,42905,0.00014190247585815774,PRIMARY,PRIMARY_CANDIDATE,UNREVIEWED,UNREVIEWED,strict canonical three-seed group,serialized-only extension,3,"42,1024,3407",true,unknown,unknown,no,no,no,yes,,,,/panfs/accrepfs.vampire/data/neurogroup/mingyangjiang/EEGxPlore/LaBraM/checkpoints/physio_mi_full_patch_lowrank_locked_lr5e4_s42_b64_e40_retry_geomfix,,,,UNREVIEWED,run_config.json + final_test.json
LaBraM,PhysioNet-MI,physio_mi_generic_locked_lr5e4_s1024_b64_e40,/panfs/accrepfs.vampire/data/neurogroup/mingyangjiang/EEGxPlore/LaBraM/checkpoints/physio_mi_generic_locked_lr5e4_s1024_b64_e40,frozen_native_generic,generic,1024,True,100,True,completed,20,0.04950484511164821,0.2697106347141692,0.02640075926648555,,0.25764757770551155,27069,0.270684080160394,26265,0.0,PRIMARY,PRIMARY_CANDIDATE,UNREVIEWED,UNREVIEWED,strict canonical three-seed group,serialized-only extension,3,"42,1024,3407",true,no_primary_control,yes,no,no,no,yes,,,,/panfs/accrepfs.vampire/data/neurogroup/mingyangjiang/EEGxPlore/LaBraM/checkpoints/physio_mi_generic_locked_lr5e4_s1024_b64_e40,,,,UNREVIEWED,run_config.json + final_test.json
LaBraM,PhysioNet-MI,physio_mi_generic_locked_lr5e4_s3407_b64_e40,/panfs/accrepfs.vampire/data/neurogroup/mingyangjiang/EEGxPlore/LaBraM/checkpoints/physio_mi_generic_locked_lr5e4_s3407_b64_e40,frozen_native_generic,generic,3407,True,100,True,completed,20,0.04643853556275679,0.26861923318176184,0.024927126622417473,,0.257323653155011,27069,0.271019418324743,26265,0.0,PRIMARY,PRIMARY_CANDIDATE,UNREVIEWED,UNREVIEWED,strict canonical three-seed group,serialized-only extension,3,"42,1024,3407",true,no_primary_control,yes,no,no,no,yes,,,,/panfs/accrepfs.vampire/data/neurogroup/mingyangjiang/EEGxPlore/LaBraM/checkpoints/physio_mi_generic_locked_lr5e4_s3407_b64_e40,,,,UNREVIEWED,run_config.json + final_test.json
LaBraM,PhysioNet-MI,physio_mi_generic_locked_lr5e4_s42_b64_e40,/panfs/accrepfs.vampire/data/neurogroup/mingyangjiang/EEGxPlore/LaBraM/checkpoints/physio_mi_generic_locked_lr5e4_s42_b64_e40,frozen_native_generic,generic,42,True,100,True,completed,20,0.0533477910898531,0.2713674956837422,0.02860745563193645,,0.25894625578852154,27069,0.2706186874788635,26265,0.0,PRIMARY,PRIMARY_CANDIDATE,UNREVIEWED,UNREVIEWED,strict canonical three-seed group,serialized-only extension,3,"42,1024,3407",true,no_primary_control,yes,no,no,no,yes,,,,/panfs/accrepfs.vampire/data/neurogroup/mingyangjiang/EEGxPlore/LaBraM/checkpoints/physio_mi_generic_locked_lr5e4_s42_b64_e40,,,,UNREVIEWED,run_config.json + final_test.json
LaBraM,PhysioNet-MI,physio_mi_labram_dense_locked_lr5e4_s1024_b64_e40_scale100,/panfs/accrepfs.vampire/data/neurogroup/mingyangjiang/EEGxPlore/LaBraM/checkpoints/physio_mi_labram_dense_locked_lr5e4_s1024_b64_e40_scale100,dense,none,1024,True,100,True,completed,16,0.43249852103675546,0.6223072517575746,0.4963901982048199,,0.6232948413059111,5820740,,0,0.00012308990745140227,PRIMARY,PRIMARY_CANDIDATE,UNREVIEWED,UNREVIEWED,strict canonical three-seed group,serialized-only extension,3,"42,1024,3407",true,unknown,unknown,no,no,no,yes,,,,/panfs/accrepfs.vampire/data/neurogroup/mingyangjiang/EEGxPlore/LaBraM/checkpoints/physio_mi_labram_dense_locked_lr5e4_s1024_b64_e40_scale100,,,,UNREVIEWED,run_config.json + final_test.json
LaBraM,PhysioNet-MI,physio_mi_labram_dense_locked_lr5e4_s3407_b64_e40_scale100,/panfs/accrepfs.vampire/data/neurogroup/mingyangjiang/EEGxPlore/LaBraM/checkpoints/physio_mi_labram_dense_locked_lr5e4_s3407_b64_e40_scale100,dense,none,3407,True,100,True,completed,17,0.3841341152703863,0.5933300625025842,0.4578504673663968,,0.5933492955145299,5820740,,0,0.00012252252110885918,PRIMARY,PRIMARY_CANDIDATE,UNREVIEWED,UNREVIEWED,strict canonical three-seed group,serialized-only extension,3,"42,1024,3407",true,unknown,unknown,no,no,no,yes,,,,/panfs/accrepfs.vampire/data/neurogroup/mingyangjiang/EEGxPlore/LaBraM/checkpoints/physio_mi_labram_dense_locked_lr5e4_s3407_b64_e40_scale100,,,,UNREVIEWED,run_config.json + final_test.json
LaBraM,PhysioNet-MI,physio_mi_labram_dense_smoke_lr5e4_s42_b64_e3_scale100,/panfs/accrepfs.vampire/data/neurogroup/mingyangjiang/EEGxPlore/LaBraM/checkpoints/physio_mi_labram_dense_smoke_lr5e4_s42_b64_e3_scale100,dense,none,42,False,-1000,True,completed,0,0.0,0.25,0.0,,0.1009000955853719,5820740,,0,0.0407118492085402,PILOT,PILOT_CANDIDATE,UNREVIEWED,UNREVIEWED,completed exploratory artifact outside locked packet,serialized-only extension,3,"42,1024,3407",true,unknown,unknown,no,no,no,yes,,,,/panfs/accrepfs.vampire/data/neurogroup/mingyangjiang/EEGxPlore/LaBraM/checkpoints/physio_mi_labram_dense_smoke_lr5e4_s42_b64_e3_scale100,,,,UNREVIEWED,run_config.json + final_test.json
LaBraM,PhysioNet-MI,physio_mi_labram_dense_stable_lr1e4_s42_b64_e40_scale100_clip1,/panfs/accrepfs.vampire/data/neurogroup/mingyangjiang/EEGxPlore/LaBraM/checkpoints/physio_mi_labram_dense_stable_lr1e4_s42_b64_e40_scale100_clip1,dense,none,42,False,100,True,completed,27,0.3240683459123763,0.558090583254218,0.4106574471095582,,0.557247194751819,5820740,,0,0.00010873676713671216,SUPPORTING,SUPPORTING_CANDIDATE,UNREVIEWED,UNREVIEWED,completed legacy or non-strict artifact; manual audit required,serialized-only extension,3,"42,1024,3407",true,unknown,unknown,no,no,no,yes,,,,/panfs/accrepfs.vampire/data/neurogroup/mingyangjiang/EEGxPlore/LaBraM/checkpoints/physio_mi_labram_dense_stable_lr1e4_s42_b64_e40_scale100_clip1,,,,UNREVIEWED,run_config.json + final_test.json
LaBraM,PhysioNet-MI,physio_mi_labram_dense_sweep_lr2e4_s42_b64_e40_scale100,/panfs/accrepfs.vampire/data/neurogroup/mingyangjiang/EEGxPlore/LaBraM/checkpoints/physio_mi_labram_dense_sweep_lr2e4_s42_b64_e40_scale100,dense,none,42,False,100,True,completed,26,0.38254024635384853,0.5986024254787787,0.4646483578000652,,0.5990175965023835,5820740,,0,0.00011224795786824182,SUPPORTING,SUPPORTING_CANDIDATE,UNREVIEWED,UNREVIEWED,completed legacy or non-strict artifact; manual audit required,serialized-only extension,3,"42,1024,3407",true,unknown,unknown,no,no,no,yes,,,,/panfs/accrepfs.vampire/data/neurogroup/mingyangjiang/EEGxPlore/LaBraM/checkpoints/physio_mi_labram_dense_sweep_lr2e4_s42_b64_e40_scale100,,,,UNREVIEWED,run_config.json + final_test.json
LaBraM,PhysioNet-MI,physio_mi_labram_dense_sweep_lr3e4_s42_b64_e40_scale100,/panfs/accrepfs.vampire/data/neurogroup/mingyangjiang/EEGxPlore/LaBraM/checkpoints/physio_mi_labram_dense_sweep_lr3e4_s42_b64_e40_scale100,dense,none,42,False,100,True,completed,38,0.3948741643623258,0.6057068648357246,0.4742196244452255,,0.6063085012983617,5820740,,0,0.00012098930122403282,SUPPORTING,SUPPORTING_CANDIDATE,UNREVIEWED,UNREVIEWED,completed legacy or non-strict artifact; manual audit required,serialized-only extension,3,"42,1024,3407",true,unknown,unknown,no,no,no,yes,,,,/panfs/accrepfs.vampire/data/neurogroup/mingyangjiang/EEGxPlore/LaBraM/checkpoints/physio_mi_labram_dense_sweep_lr3e4_s42_b64_e40_scale100,,,,UNREVIEWED,run_config.json + final_test.json
LaBraM,PhysioNet-MI,physio_mi_labram_dense_sweep_lr5e4_s42_b64_e40_scale100,/panfs/accrepfs.vampire/data/neurogroup/mingyangjiang/EEGxPlore/LaBraM/checkpoints/physio_mi_labram_dense_sweep_lr5e4_s42_b64_e40_scale100,dense,none,42,True,100,True,completed,21,0.43482373413048425,0.6123109472490749,0.4830437282960296,,0.6142119774327689,5820740,,0,0.00013025356078136578,PRIMARY,PRIMARY_CANDIDATE,UNREVIEWED,UNREVIEWED,strict canonical three-seed group,serialized-only extension,3,"42,1024,3407",true,unknown,unknown,no,no,no,yes,,,,/panfs/accrepfs.vampire/data/neurogroup/mingyangjiang/EEGxPlore/LaBraM/checkpoints/physio_mi_labram_dense_sweep_lr5e4_s42_b64_e40_scale100,,,,UNREVIEWED,run_config.json + final_test.json
LaBraM,PhysioNet-MI,physio_mi_lora_locked_lr5e4_s1024_b64_e40,/panfs/accrepfs.vampire/data/neurogroup/mingyangjiang/EEGxPlore/LaBraM/checkpoints/physio_mi_lora_locked_lr5e4_s1024_b64_e40,lora,qkv,1024,True,100,True,completed,30,0.30412830570871374,0.531337027959996,0.3750689623347724,,0.5293968411562315,77604,,0,0.0,PRIMARY,PRIMARY_CANDIDATE,UNREVIEWED,UNREVIEWED,strict canonical three-seed group,serialized-only extension,3,"42,1024,3407",true,unknown,unknown,no,no,no,yes,,,,/panfs/accrepfs.vampire/data/neurogroup/mingyangjiang/EEGxPlore/LaBraM/checkpoints/physio_mi_lora_locked_lr5e4_s1024_b64_e40,,,,UNREVIEWED,run_config.json + final_test.json
LaBraM,PhysioNet-MI,physio_mi_lora_locked_lr5e4_s3407_b64_e40,/panfs/accrepfs.vampire/data/neurogroup/mingyangjiang/EEGxPlore/LaBraM/checkpoints/physio_mi_lora_locked_lr5e4_s3407_b64_e40,lora,qkv,3407,True,100,True,completed,25,0.2872086108705456,0.5268508642895542,0.3690807696599345,,0.5271852842834744,77604,,0,0.0,PRIMARY,PRIMARY_CANDIDATE,UNREVIEWED,UNREVIEWED,strict canonical three-seed group,serialized-only extension,3,"42,1024,3407",true,unknown,unknown,no,no,no,yes,,,,/panfs/accrepfs.vampire/data/neurogroup/mingyangjiang/EEGxPlore/LaBraM/checkpoints/physio_mi_lora_locked_lr5e4_s3407_b64_e40,,,,UNREVIEWED,run_config.json + final_test.json
LaBraM,PhysioNet-MI,physio_mi_lora_locked_lr5e4_s42_b64_e40,/panfs/accrepfs.vampire/data/neurogroup/mingyangjiang/EEGxPlore/LaBraM/checkpoints/physio_mi_lora_locked_lr5e4_s42_b64_e40,lora,qkv,42,True,100,True,completed,33,0.3448775266041181,0.5723966199257133,0.4298109177001016,,0.5745333680908417,77604,,0,0.0,PRIMARY,PRIMARY_CANDIDATE,UNREVIEWED,UNREVIEWED,strict canonical three-seed group,serialized-only extension,3,"42,1024,3407",true,unknown,unknown,no,no,no,yes,,,,/panfs/accrepfs.vampire/data/neurogroup/mingyangjiang/EEGxPlore/LaBraM/checkpoints/physio_mi_lora_locked_lr5e4_s42_b64_e40,,,,UNREVIEWED,run_config.json + final_test.json
LaBraM,PhysioNet-MI,physio_mi_native_smoke_frozen_channel_patch_lr5e4_s42_b64_e3,/panfs/accrepfs.vampire/data/neurogroup/mingyangjiang/EEGxPlore/LaBraM/checkpoints/physio_mi_native_smoke_frozen_channel_patch_lr5e4_s42_b64_e3,frozen_native_channel_patch,channel_patch,42,False,-1000,True,completed,1,0.013129926608078546,0.25607932825264434,0.008118191082091664,,0.1301479148738808,86614,0.09029215984806722,85810,0.0,PILOT,PILOT_CANDIDATE,UNREVIEWED,UNREVIEWED,completed exploratory artifact outside locked packet,serialized-only extension,3,"42,1024,3407",true,no_primary_control,yes,no,no,no,yes,,,,/panfs/accrepfs.vampire/data/neurogroup/mingyangjiang/EEGxPlore/LaBraM/checkpoints/physio_mi_native_smoke_frozen_channel_patch_lr5e4_s42_b64_e3,,,,UNREVIEWED,run_config.json + final_test.json
LaBraM,PhysioNet-MI,physio_mi_upper2_locked_lr5e4_s1024_b64_e40,/panfs/accrepfs.vampire/data/neurogroup/mingyangjiang/EEGxPlore/LaBraM/checkpoints/physio_mi_upper2_locked_lr5e4_s1024_b64_e40,upper2,upper,1024,True,100,True,completed,29,0.2949059676852188,0.4937348798433915,0.3248495497257996,,0.4928994821391977,966164,,0,0.00014790882132109003,PRIMARY,PRIMARY_CANDIDATE,UNREVIEWED,UNREVIEWED,strict canonical three-seed group,serialized-only extension,3,"42,1024,3407",true,unknown,unknown,no,no,no,yes,,,,/panfs/accrepfs.vampire/data/neurogroup/mingyangjiang/EEGxPlore/LaBraM/checkpoints/physio_mi_upper2_locked_lr5e4_s1024_b64_e40,,,,UNREVIEWED,run_config.json + final_test.json
LaBraM,PhysioNet-MI,physio_mi_upper2_locked_lr5e4_s3407_b64_e40,/panfs/accrepfs.vampire/data/neurogroup/mingyangjiang/EEGxPlore/LaBraM/checkpoints/physio_mi_upper2_locked_lr5e4_s3407_b64_e40,upper2,upper,3407,True,100,True,completed,14,0.30018285524720933,0.5193809766394943,0.3589713202180611,,0.5156858650542416,966164,,0,0.00014874342539914517,PRIMARY,PRIMARY_CANDIDATE,UNREVIEWED,UNREVIEWED,strict canonical three-seed group,serialized-only extension,3,"42,1024,3407",true,unknown,unknown,no,no,no,yes,,,,/panfs/accrepfs.vampire/data/neurogroup/mingyangjiang/EEGxPlore/LaBraM/checkpoints/physio_mi_upper2_locked_lr5e4_s3407_b64_e40,,,,UNREVIEWED,run_config.json + final_test.json
LaBraM,PhysioNet-MI,physio_mi_upper2_locked_lr5e4_s42_b64_e40,/panfs/accrepfs.vampire/data/neurogroup/mingyangjiang/EEGxPlore/LaBraM/checkpoints/physio_mi_upper2_locked_lr5e4_s42_b64_e40,upper2,upper,42,True,100,True,completed,11,0.3302394760812166,0.5335640136211067,0.37803410403486215,,0.534769702802344,966164,,0,0.00014535072863546824,PRIMARY,PRIMARY_CANDIDATE,UNREVIEWED,UNREVIEWED,strict canonical three-seed group,serialized-only extension,3,"42,1024,3407",true,unknown,unknown,no,no,no,yes,,,,/panfs/accrepfs.vampire/data/neurogroup/mingyangjiang/EEGxPlore/LaBraM/checkpoints/physio_mi_upper2_locked_lr5e4_s42_b64_e40,,,,UNREVIEWED,run_config.json + final_test.json
LaBraM,SEED-V,seedv_dense_bls01_matched_s1024_b16_lr3e-4_e40_test,/panfs/accrepfs.vampire/data/neurogroup/mingyangjiang/EEGxPlore/LaBraM/checkpoints/seedv_dense_bls01_matched_s1024_b16_lr3e-4_e40_test,dense,none,1024,True,105,True,completed,24,0.22566761149889103,0.4058876963411448,0.25834976679509325,,0.40899992934578205,5820941,,0,1.239710179976722e-05,SUPPORTING,SUPPORTING_CANDIDATE,UNREVIEWED,UNREVIEWED,strict artifact but canonical group mixes resolved configurations,within-subject protocol; patch axis is singleton/degenerate,3,"42,1024,3407",false,unknown,unknown,no,no,no,yes,,,,/panfs/accrepfs.vampire/data/neurogroup/mingyangjiang/EEGxPlore/LaBraM/checkpoints/seedv_dense_bls01_matched_s1024_b16_lr3e-4_e40_test,,,,UNREVIEWED,run_config.json + final_test.json
LaBraM,SEED-V,seedv_dense_bls01_matched_s3407_b16_lr3e-4_e40_test,/panfs/accrepfs.vampire/data/neurogroup/mingyangjiang/EEGxPlore/LaBraM/checkpoints/seedv_dense_bls01_matched_s3407_b16_lr3e-4_e40_test,dense,none,3407,True,105,True,completed,27,0.2158248805304901,0.4119863633223651,0.2669427530051153,,0.4175128731313333,5820941,,0,1.2342228169356044e-05,SUPPORTING,SUPPORTING_CANDIDATE,UNREVIEWED,UNREVIEWED,strict artifact but canonical group mixes resolved configurations,within-subject protocol; patch axis is singleton/degenerate,3,"42,1024,3407",false,unknown,unknown,no,no,no,yes,,,,/panfs/accrepfs.vampire/data/neurogroup/mingyangjiang/EEGxPlore/LaBraM/checkpoints/seedv_dense_bls01_matched_s3407_b16_lr3e-4_e40_test,,,,UNREVIEWED,run_config.json + final_test.json
LaBraM,SEED-V,seedv_dense_bls01_matched_s42_b16_lr3e-4_e40_test,/panfs/accrepfs.vampire/data/neurogroup/mingyangjiang/EEGxPlore/LaBraM/checkpoints/seedv_dense_bls01_matched_s42_b16_lr3e-4_e40_test,dense,none,42,False,105,True,completed,35,0.22803004319365638,0.40834841472773836,0.25800889151992745,,0.41262222643035146,5820941,,0,1.2318344665700074e-05,SUPPORTING,SUPPORTING_CANDIDATE,UNREVIEWED,UNREVIEWED,completed legacy or non-strict artifact; manual audit required,within-subject protocol; patch axis is singleton/degenerate,3,"42,1024,3407",false,unknown,unknown,no,no,no,yes,,,,/panfs/accrepfs.vampire/data/neurogroup/mingyangjiang/EEGxPlore/LaBraM/checkpoints/seedv_dense_bls01_matched_s42_b16_lr3e-4_e40_test,,,,UNREVIEWED,run_config.json + final_test.json
LaBraM,SEED-V,seedv_dense_matched_s42_b16_lr3e-4_e40_test_r4,/panfs/accrepfs.vampire/data/neurogroup/mingyangjiang/EEGxPlore/LaBraM/checkpoints/seedv_dense_matched_s42_b16_lr3e-4_e40_test_r4,dense,none,42,True,105,True,completed,19,0.22562140312992163,0.40231714667678153,0.2505057270944647,,0.40486375606960295,5820941,,0,0.00011007748467577584,SUPPORTING,SUPPORTING_CANDIDATE,UNREVIEWED,UNREVIEWED,strict artifact but canonical group mixes resolved configurations,within-subject protocol; patch axis is singleton/degenerate,3,"42,1024,3407",false,unknown,unknown,no,no,no,yes,,,,/panfs/accrepfs.vampire/data/neurogroup/mingyangjiang/EEGxPlore/LaBraM/checkpoints/seedv_dense_matched_s42_b16_lr3e-4_e40_test_r4,,,,UNREVIEWED,run_config.json + final_test.json
LaBraM,SEED-V,seedv_final_generic_frozen_s1024_b16_lr3e-4_e40_test_r3,/panfs/accrepfs.vampire/data/neurogroup/mingyangjiang/EEGxPlore/LaBraM/checkpoints/seedv_final_generic_frozen_s1024_b16_lr3e-4_e40_test_r3,frozen_native_generic,generic,1024,True,105,True,completed,28,0.12685835186347183,0.2948071243135587,0.1148411716101041,,0.2797795110917704,27270,0.27620148029330716,26265,0.0,PRIMARY,PRIMARY_CANDIDATE,UNREVIEWED,UNREVIEWED,strict canonical three-seed group,within-subject protocol; patch axis is singleton/degenerate,3,"42,1024,3407",true,no_primary_control,no_primary_probe,no,no,no,yes,,,,/panfs/accrepfs.vampire/data/neurogroup/mingyangjiang/EEGxPlore/LaBraM/checkpoints/seedv_final_generic_frozen_s1024_b16_lr3e-4_e40_test_r3,,,,UNREVIEWED,run_config.json + final_test.json
LaBraM,SEED-V,seedv_final_generic_frozen_s3407_b16_lr3e-4_e40_test_r3,/panfs/accrepfs.vampire/data/neurogroup/mingyangjiang/EEGxPlore/LaBraM/checkpoints/seedv_final_generic_frozen_s3407_b16_lr3e-4_e40_test_r3,frozen_native_generic,generic,3407,True,105,True,completed,28,0.13000558894595693,0.29642443578781263,0.11693206444222493,,0.28245073340299764,27270,0.27881688461206217,26265,0.0,PRIMARY,PRIMARY_CANDIDATE,UNREVIEWED,UNREVIEWED,strict canonical three-seed group,within-subject protocol; patch axis is singleton/degenerate,3,"42,1024,3407",true,no_primary_control,no_primary_probe,no,no,no,yes,,,,/panfs/accrepfs.vampire/data/neurogroup/mingyangjiang/EEGxPlore/LaBraM/checkpoints/seedv_final_generic_frozen_s3407_b16_lr3e-4_e40_test_r3,,,,UNREVIEWED,run_config.json + final_test.json
LaBraM,SEED-V,seedv_final_generic_frozen_s42_b16_lr3e-4_e40_test_r3,/panfs/accrepfs.vampire/data/neurogroup/mingyangjiang/EEGxPlore/LaBraM/checkpoints/seedv_final_generic_frozen_s42_b16_lr3e-4_e40_test_r3,frozen_native_generic,generic,42,True,105,True,completed,28,0.12795742483552286,0.29490536142074136,0.11518778578330846,,0.28000393688923325,27270,0.2774126480115391,26265,0.0,PRIMARY,PRIMARY_CANDIDATE,UNREVIEWED,UNREVIEWED,strict canonical three-seed group,within-subject protocol; patch axis is singleton/degenerate,3,"42,1024,3407",true,no_primary_control,no_primary_probe,no,no,no,yes,,,,/panfs/accrepfs.vampire/data/neurogroup/mingyangjiang/EEGxPlore/LaBraM/checkpoints/seedv_final_generic_frozen_s42_b16_lr3e-4_e40_test_r3,,,,UNREVIEWED,run_config.json + final_test.json
LaBraM,SEED-V,seedv_final_lora_qkv_r8_s1024_b16_lr3e-4_e40_test_r3,/panfs/accrepfs.vampire/data/neurogroup/mingyangjiang/EEGxPlore/LaBraM/checkpoints/seedv_final_lora_qkv_r8_s1024_b16_lr3e-4_e40_test_r3,lora,qkv,1024,True,105,True,completed,33,0.09259111968737221,0.287573850219264,0.11126640723965231,,0.28106262259083997,77805,,0,0.0,PRIMARY,PRIMARY_CANDIDATE,UNREVIEWED,UNREVIEWED,strict canonical three-seed group,within-subject protocol; patch axis is singleton/degenerate,3,"42,1024,3407",true,unknown,unknown,no,no,no,yes,,,,/panfs/accrepfs.vampire/data/neurogroup/mingyangjiang/EEGxPlore/LaBraM/checkpoints/seedv_final_lora_qkv_r8_s1024_b16_lr3e-4_e40_test_r3,,,,UNREVIEWED,run_config.json + final_test.json
LaBraM,SEED-V,seedv_final_lora_qkv_r8_s3407_b16_lr3e-4_e40_test_r3,/panfs/accrepfs.vampire/data/neurogroup/mingyangjiang/EEGxPlore/LaBraM/checkpoints/seedv_final_lora_qkv_r8_s3407_b16_lr3e-4_e40_test_r3,lora,qkv,3407,True,105,True,completed,28,0.09873001841597862,0.2814287786933532,0.10189204009778197,,0.2706965939282741,77805,,0,0.0,PRIMARY,PRIMARY_CANDIDATE,UNREVIEWED,UNREVIEWED,strict canonical three-seed group,within-subject protocol; patch axis is singleton/degenerate,3,"42,1024,3407",true,unknown,unknown,no,no,no,yes,,,,/panfs/accrepfs.vampire/data/neurogroup/mingyangjiang/EEGxPlore/LaBraM/checkpoints/seedv_final_lora_qkv_r8_s3407_b16_lr3e-4_e40_test_r3,,,,UNREVIEWED,run_config.json + final_test.json
LaBraM,SEED-V,seedv_final_lora_qkv_r8_s42_b16_lr3e-4_e40_test_r3,/panfs/accrepfs.vampire/data/neurogroup/mingyangjiang/EEGxPlore/LaBraM/checkpoints/seedv_final_lora_qkv_r8_s42_b16_lr3e-4_e40_test_r3,lora,qkv,42,True,105,True,completed,33,0.09530762249292046,0.28794075948298564,0.11072582874879411,,0.2843296914928396,77805,,0,0.0,PRIMARY,PRIMARY_CANDIDATE,UNREVIEWED,UNREVIEWED,strict canonical three-seed group,within-subject protocol; patch axis is singleton/degenerate,3,"42,1024,3407",true,unknown,unknown,no,no,no,yes,,,,/panfs/accrepfs.vampire/data/neurogroup/mingyangjiang/EEGxPlore/LaBraM/checkpoints/seedv_final_lora_qkv_r8_s42_b16_lr3e-4_e40_test_r3,,,,UNREVIEWED,run_config.json + final_test.json
LaBraM,SEED-V,seedv_final_upper2_s1024_b16_lr3e-4_e40_test,/panfs/accrepfs.vampire/data/neurogroup/mingyangjiang/EEGxPlore/LaBraM/checkpoints/seedv_final_upper2_s1024_b16_lr3e-4_e40_test,upper2,upper,1024,True,105,True,completed,33,0.20191398917507497,0.3814504473898107,0.22877175383226178,,0.3881916002066703,966365,,0,0.00012200331883993121,PRIMARY,PRIMARY_CANDIDATE,UNREVIEWED,UNREVIEWED,strict canonical three-seed group,within-subject protocol; patch axis is singleton/degenerate,3,"42,1024,3407",true,unknown,unknown,no,no,no,yes,,,,/panfs/accrepfs.vampire/data/neurogroup/mingyangjiang/EEGxPlore/LaBraM/checkpoints/seedv_final_upper2_s1024_b16_lr3e-4_e40_test,,,,UNREVIEWED,run_config.json + final_test.json
LaBraM,SEED-V,seedv_final_upper2_s3407_b16_lr3e-4_e40_test_r3,/panfs/accrepfs.vampire/data/neurogroup/mingyangjiang/EEGxPlore/LaBraM/checkpoints/seedv_final_upper2_s3407_b16_lr3e-4_e40_test_r3,upper2,upper,3407,True,105,True,completed,30,0.1946204515708312,0.3896273654079126,0.2395835478364169,,0.39865418018498017,966365,,0,0.00012375328522735532,PRIMARY,PRIMARY_CANDIDATE,UNREVIEWED,UNREVIEWED,strict canonical three-seed group,within-subject protocol; patch axis is singleton/degenerate,3,"42,1024,3407",true,unknown,unknown,no,no,no,yes,,,,/panfs/accrepfs.vampire/data/neurogroup/mingyangjiang/EEGxPlore/LaBraM/checkpoints/seedv_final_upper2_s3407_b16_lr3e-4_e40_test_r3,,,,UNREVIEWED,run_config.json + final_test.json
LaBraM,SEED-V,seedv_final_upper2_s42_b16_lr3e-4_e40_test,/panfs/accrepfs.vampire/data/neurogroup/mingyangjiang/EEGxPlore/LaBraM/checkpoints/seedv_final_upper2_s42_b16_lr3e-4_e40_test,upper2,upper,42,True,105,True,completed,30,0.20178665089708525,0.3865104415469833,0.23497558200146218,,0.3943653956180901,966365,,0,0.0001231052779603585,PRIMARY,PRIMARY_CANDIDATE,UNREVIEWED,UNREVIEWED,strict canonical three-seed group,within-subject protocol; patch axis is singleton/degenerate,3,"42,1024,3407",true,unknown,unknown,no,no,no,yes,,,,/panfs/accrepfs.vampire/data/neurogroup/mingyangjiang/EEGxPlore/LaBraM/checkpoints/seedv_final_upper2_s42_b16_lr3e-4_e40_test,,,,UNREVIEWED,run_config.json + final_test.json
LaBraM,SEED-V,seedv_labram_channel_alpha05_bls0.1_conservative_s42_lr2e-4_b16_e40_test,/panfs/accrepfs.vampire/data/neurogroup/mingyangjiang/EEGxPlore/LaBraM/checkpoints/seedv_labram_channel_alpha05_bls0.1_conservative_s42_lr2e-4_b16_e40_test,native_channel,channel,42,False,5,False,completed,28,0.21452958836923142,0.39677186430236605,0.24599356411796702,,0.400829715582352,5982142,0.27720950520337734,161201,1.1349908557493675e-05,SUPPORTING,SUPPORTING_CANDIDATE,UNREVIEWED,UNREVIEWED,completed legacy or non-strict artifact; manual audit required,within-subject protocol; patch axis is singleton/degenerate,0,,false,unknown,unknown,no,no,no,yes,,,,/panfs/accrepfs.vampire/data/neurogroup/mingyangjiang/EEGxPlore/LaBraM/checkpoints/seedv_labram_channel_alpha05_bls0.1_conservative_s42_lr2e-4_b16_e40_test,,,,UNREVIEWED,run_config.json + final_test.json
LaBraM,SEED-V,seedv_labram_channel_alpha05_bls0.1_s42_lr3e-4_b16_e40_test,/panfs/accrepfs.vampire/data/neurogroup/mingyangjiang/EEGxPlore/LaBraM/checkpoints/seedv_labram_channel_alpha05_bls0.1_s42_lr3e-4_b16_e40_test,native_channel,channel,42,False,5,False,completed,28,0.22890946489834396,0.4176379393482034,0.27428742155592445,,0.42478713704947896,5982142,0.42436889848467585,161201,1.220941373766107e-05,SUPPORTING,SUPPORTING_CANDIDATE,UNREVIEWED,UNREVIEWED,completed legacy or non-strict artifact; manual audit required,within-subject protocol; patch axis is singleton/degenerate,0,,false,unknown,unknown,no,no,no,yes,,,,/panfs/accrepfs.vampire/data/neurogroup/mingyangjiang/EEGxPlore/LaBraM/checkpoints/seedv_labram_channel_alpha05_bls0.1_s42_lr3e-4_b16_e40_test,,,,UNREVIEWED,run_config.json + final_test.json
LaBraM,SEED-V,seedv_labram_channel_alpha05_full_s42_lr3e-4_b16_e40_test,/panfs/accrepfs.vampire/data/neurogroup/mingyangjiang/EEGxPlore/LaBraM/checkpoints/seedv_labram_channel_alpha05_full_s42_lr3e-4_b16_e40_test,native_channel,channel,42,False,5,False,completed,33,0.23157621337613699,0.41265823618729247,0.2655303799283706,,0.4171075048855402,5982142,0.2045449205712315,161201,0.00010621870940711696,SUPPORTING,SUPPORTING_CANDIDATE,UNREVIEWED,UNREVIEWED,completed legacy or non-strict artifact; manual audit required,within-subject protocol; patch axis is singleton/degenerate,0,,false,unknown,unknown,no,no,no,yes,,,,/panfs/accrepfs.vampire/data/neurogroup/mingyangjiang/EEGxPlore/LaBraM/checkpoints/seedv_labram_channel_alpha05_full_s42_lr3e-4_b16_e40_test,,,,UNREVIEWED,run_config.json + final_test.json
LaBraM,SEED-V,seedv_labram_channel_bls005_a05_s42_lr3e-4_b16_e40_test,/panfs/accrepfs.vampire/data/neurogroup/mingyangjiang/EEGxPlore/LaBraM/checkpoints/seedv_labram_channel_bls005_a05_s42_lr3e-4_b16_e40_test,native_channel,channel,42,False,5,False,completed,28,0.19684768271604114,0.3838048399376512,0.22878780762768225,,0.3871414808977859,5982142,0.27488388723544915,161201,6.206950923903054e-06,SUPPORTING,SUPPORTING_CANDIDATE,UNREVIEWED,UNREVIEWED,completed legacy or non-strict artifact; manual audit required,within-subject protocol; patch axis is singleton/degenerate,0,,false,unknown,unknown,no,no,no,yes,,,,/panfs/accrepfs.vampire/data/neurogroup/mingyangjiang/EEGxPlore/LaBraM/checkpoints/seedv_labram_channel_bls005_a05_s42_lr3e-4_b16_e40_test,,,,UNREVIEWED,run_config.json + final_test.json
LaBraM,SEED-V,seedv_labram_channel_bls005_a10_s42_lr3e-4_b16_e40_test,/panfs/accrepfs.vampire/data/neurogroup/mingyangjiang/EEGxPlore/LaBraM/checkpoints/seedv_labram_channel_bls005_a10_s42_lr3e-4_b16_e40_test,native_channel,channel,42,False,5,False,completed,28,0.20316421107504656,0.3899376270035443,0.23748127093387084,,0.39274062935563103,5982142,0.29411289627667253,161201,6.207818487213357e-06,SUPPORTING,SUPPORTING_CANDIDATE,UNREVIEWED,UNREVIEWED,completed legacy or non-strict artifact; manual audit required,within-subject protocol; patch axis is singleton/degenerate,0,,false,unknown,unknown,no,no,no,yes,,,,/panfs/accrepfs.vampire/data/neurogroup/mingyangjiang/EEGxPlore/LaBraM/checkpoints/seedv_labram_channel_bls005_a10_s42_lr3e-4_b16_e40_test,,,,UNREVIEWED,run_config.json + final_test.json
LaBraM,SEED-V,seedv_labram_channel_bls01_a05_adapterwd01_s1024_lr3e-4_b16_e40_test,/panfs/accrepfs.vampire/data/neurogroup/mingyangjiang/EEGxPlore/LaBraM/checkpoints/seedv_labram_channel_bls01_a05_adapterwd01_s1024_lr3e-4_b16_e40_test,native_channel,channel,1024,False,5,False,completed,28,0.2198939744698507,0.41057887850350194,0.2652598675858362,,0.41723915417764085,5982142,0.36609233453260476,161201,1.2194180424511786e-05,SUPPORTING,SUPPORTING_CANDIDATE,UNREVIEWED,UNREVIEWED,completed legacy or non-strict artifact; manual audit required,within-subject protocol; patch axis is singleton/degenerate,0,,false,unknown,unknown,no,no,no,yes,,,,/panfs/accrepfs.vampire/data/neurogroup/mingyangjiang/EEGxPlore/LaBraM/checkpoints/seedv_labram_channel_bls01_a05_adapterwd01_s1024_lr3e-4_b16_e40_test,,,,UNREVIEWED,run_config.json + final_test.json
LaBraM,SEED-V,seedv_labram_channel_bls01_a05_adapterwd01_s3407_lr3e-4_b16_e40_test,/panfs/accrepfs.vampire/data/neurogroup/mingyangjiang/EEGxPlore/LaBraM/checkpoints/seedv_labram_channel_bls01_a05_adapterwd01_s3407_lr3e-4_b16_e40_test,native_channel,channel,3407,False,5,False,completed,28,0.22272543463360706,0.41396034026890716,0.26979632663197795,,0.42121540287326986,5982142,0.3640009024938686,161201,1.2172082040213405e-05,SUPPORTING,SUPPORTING_CANDIDATE,UNREVIEWED,UNREVIEWED,completed legacy or non-strict artifact; manual audit required,within-subject protocol; patch axis is singleton/degenerate,0,,false,unknown,unknown,no,no,no,yes,,,,/panfs/accrepfs.vampire/data/neurogroup/mingyangjiang/EEGxPlore/LaBraM/checkpoints/seedv_labram_channel_bls01_a05_adapterwd01_s3407_lr3e-4_b16_e40_test,,,,UNREVIEWED,run_config.json + final_test.json
LaBraM,SEED-V,seedv_labram_channel_bls01_a05_adapterwd01_s42_lr3e-4_b16_e40_test,/panfs/accrepfs.vampire/data/neurogroup/mingyangjiang/EEGxPlore/LaBraM/checkpoints/seedv_labram_channel_bls01_a05_adapterwd01_s42_lr3e-4_b16_e40_test,native_channel,channel,42,False,5,False,completed,28,0.22664695414959224,0.41996497827878515,0.27688891669755045,,0.42702596957829153,5982142,0.36878739550820516,161201,1.2206569769351689e-05,SUPPORTING,SUPPORTING_CANDIDATE,UNREVIEWED,UNREVIEWED,completed legacy or non-strict artifact; manual audit required,within-subject protocol; patch axis is singleton/degenerate,0,,false,unknown,unknown,no,no,no,yes,,,,/panfs/accrepfs.vampire/data/neurogroup/mingyangjiang/EEGxPlore/LaBraM/checkpoints/seedv_labram_channel_bls01_a05_adapterwd01_s42_lr3e-4_b16_e40_test,,,,UNREVIEWED,run_config.json + final_test.json
LaBraM,SEED-V,seedv_labram_channel_bls01_a05_drop005_s42_lr3e-4_b16_e40_test,/panfs/accrepfs.vampire/data/neurogroup/mingyangjiang/EEGxPlore/LaBraM/checkpoints/seedv_labram_channel_bls01_a05_drop005_s42_lr3e-4_b16_e40_test,native_channel,channel,42,False,5,False,completed,28,0.22802292938952462,0.4057796809263271,0.256952155156582,,0.4099165474505936,5982142,0.41030172078582877,161201,1.2327599293373828e-05,SUPPORTING,SUPPORTING_CANDIDATE,UNREVIEWED,UNREVIEWED,completed legacy or non-strict artifact; manual audit required,within-subject protocol; patch axis is singleton/degenerate,0,,false,unknown,unknown,no,no,no,yes,,,,/panfs/accrepfs.vampire/data/neurogroup/mingyangjiang/EEGxPlore/LaBraM/checkpoints/seedv_labram_channel_bls01_a05_drop005_s42_lr3e-4_b16_e40_test,,,,UNREVIEWED,run_config.json + final_test.json
LaBraM,SEED-V,seedv_labram_channel_bls01_a05_headwd01_adapterwd01_s42_lr3e-4_b16_e40_test,/panfs/accrepfs.vampire/data/neurogroup/mingyangjiang/EEGxPlore/LaBraM/checkpoints/seedv_labram_channel_bls01_a05_headwd01_adapterwd01_s42_lr3e-4_b16_e40_test,native_channel,channel,42,False,5,False,completed,28,0.22593962928264721,0.4194835189089641,0.27652320122497,,0.42670332554619894,5982142,0.36779322019573923,161201,1.2223929314474637e-05,SUPPORTING,SUPPORTING_CANDIDATE,UNREVIEWED,UNREVIEWED,completed legacy or non-strict artifact; manual audit required,within-subject protocol; patch axis is singleton/degenerate,0,,false,unknown,unknown,no,no,no,yes,,,,/panfs/accrepfs.vampire/data/neurogroup/mingyangjiang/EEGxPlore/LaBraM/checkpoints/seedv_labram_channel_bls01_a05_headwd01_adapterwd01_s42_lr3e-4_b16_e40_test,,,,UNREVIEWED,run_config.json + final_test.json
LaBraM,SEED-V,seedv_labram_channel_bls01_a05_headwd01_s42_lr3e-4_b16_e40_test,/panfs/accrepfs.vampire/data/neurogroup/mingyangjiang/EEGxPlore/LaBraM/checkpoints/seedv_labram_channel_bls01_a05_headwd01_s42_lr3e-4_b16_e40_test,native_channel,channel,42,False,5,False,completed,33,0.2267445688805373,0.41866955315744614,0.27475051621111746,,0.4237795889275495,5982142,0.42580240037029116,161201,1.2208851760492672e-05,SUPPORTING,SUPPORTING_CANDIDATE,UNREVIEWED,UNREVIEWED,completed legacy or non-strict artifact; manual audit required,within-subject protocol; patch axis is singleton/degenerate,0,,false,unknown,unknown,no,no,no,yes,,,,/panfs/accrepfs.vampire/data/neurogroup/mingyangjiang/EEGxPlore/LaBraM/checkpoints/seedv_labram_channel_bls01_a05_headwd01_s42_lr3e-4_b16_e40_test,,,,UNREVIEWED,run_config.json + final_test.json
LaBraM,SEED-V,seedv_labram_channel_bls01_a10_s42_lr3e-4_b16_e40_test,/panfs/accrepfs.vampire/data/neurogroup/mingyangjiang/EEGxPlore/LaBraM/checkpoints/seedv_labram_channel_bls01_a10_s42_lr3e-4_b16_e40_test,native_channel,channel,42,False,5,False,completed,24,0.22062455722151542,0.40515001181083765,0.2576823917124622,,0.4095317232279821,5982142,0.4547366880462072,161201,1.2275862278878103e-05,SUPPORTING,SUPPORTING_CANDIDATE,UNREVIEWED,UNREVIEWED,completed legacy or non-strict artifact; manual audit required,within-subject protocol; patch axis is singleton/degenerate,0,,false,unknown,unknown,no,no,no,yes,,,,/panfs/accrepfs.vampire/data/neurogroup/mingyangjiang/EEGxPlore/LaBraM/checkpoints/seedv_labram_channel_bls01_a10_s42_lr3e-4_b16_e40_test,,,,UNREVIEWED,run_config.json + final_test.json
LaBraM,SEED-V,seedv_labram_channel_bls02_a05_adapterwd01_ld05_s42_lr3e-4_b16_e40_test,/panfs/accrepfs.vampire/data/neurogroup/mingyangjiang/EEGxPlore/LaBraM/checkpoints/seedv_labram_channel_bls02_a05_adapterwd01_ld05_s42_lr3e-4_b16_e40_test,native_channel,channel,42,False,5,False,completed,20,0.22559832929756773,0.39071807816269777,0.23843426179613114,,0.39577046388653053,5982142,0.32091629942082783,161201,1.8865613885637494e-05,SUPPORTING,SUPPORTING_CANDIDATE,UNREVIEWED,UNREVIEWED,completed legacy or non-strict artifact; manual audit required,within-subject protocol; patch axis is singleton/degenerate,0,,false,unknown,unknown,no,no,no,yes,,,,/panfs/accrepfs.vampire/data/neurogroup/mingyangjiang/EEGxPlore/LaBraM/checkpoints/seedv_labram_channel_bls02_a05_adapterwd01_ld05_s42_lr3e-4_b16_e40_test,,,,UNREVIEWED,run_config.json + final_test.json
LaBraM,SEED-V,seedv_labram_channel_bls02_a05_adapterwd01_s42_lr3e-4_b16_e40_test,/panfs/accrepfs.vampire/data/neurogroup/mingyangjiang/EEGxPlore/LaBraM/checkpoints/seedv_labram_channel_bls02_a05_adapterwd01_s42_lr3e-4_b16_e40_test,native_channel,channel,42,False,5,False,completed,18,0.23294967793872134,0.4048492652147512,0.2552477171963313,,0.4085923524697287,5982142,0.6411568380919974,161201,2.4142819011787596e-05,SUPPORTING,SUPPORTING_CANDIDATE,UNREVIEWED,UNREVIEWED,completed legacy or non-strict artifact; manual audit required,within-subject protocol; patch axis is singleton/degenerate,0,,false,unknown,unknown,no,no,no,yes,,,,/panfs/accrepfs.vampire/data/neurogroup/mingyangjiang/EEGxPlore/LaBraM/checkpoints/seedv_labram_channel_bls02_a05_adapterwd01_s42_lr3e-4_b16_e40_test,,,,UNREVIEWED,run_config.json + final_test.json
LaBraM,SEED-V,seedv_labram_channel_bls02_a05_adapterwd01_sm02_s42_lr3e-4_b16_e40_test,/panfs/accrepfs.vampire/data/neurogroup/mingyangjiang/EEGxPlore/LaBraM/checkpoints/seedv_labram_channel_bls02_a05_adapterwd01_sm02_s42_lr3e-4_b16_e40_test,native_channel,channel,42,False,5,False,completed,27,0.22724100021441918,0.4125213454351041,0.2679894901153228,,0.4197287278947624,5982142,0.8015654218351974,161201,2.4055221667811056e-05,SUPPORTING,SUPPORTING_CANDIDATE,UNREVIEWED,UNREVIEWED,completed legacy or non-strict artifact; manual audit required,within-subject protocol; patch axis is singleton/degenerate,0,,false,unknown,unknown,no,no,no,yes,,,,/panfs/accrepfs.vampire/data/neurogroup/mingyangjiang/EEGxPlore/LaBraM/checkpoints/seedv_labram_channel_bls02_a05_adapterwd01_sm02_s42_lr3e-4_b16_e40_test,,,,UNREVIEWED,run_config.json + final_test.json
LaBraM,SEED-V,seedv_labram_channel_final_bls01_a05_adapterwd01_s1024_lr3e-4_b16_e30_test,/panfs/accrepfs.vampire/data/neurogroup/mingyangjiang/EEGxPlore/LaBraM/checkpoints/seedv_labram_channel_final_bls01_a05_adapterwd01_s1024_lr3e-4_b16_e30_test,native_channel,channel,1024,False,105,False,completed,20,0.21947424849587693,0.4045644828312519,0.25642735422686525,,0.41073174140281066,5982142,0.28913492359719534,161201,1.4253984774311166e-05,SUPPORTING,SUPPORTING_CANDIDATE,UNREVIEWED,UNREVIEWED,completed legacy or non-strict artifact; manual audit required,within-subject protocol; patch axis is singleton/degenerate,0,,false,unknown,unknown,no,no,no,yes,,,,/panfs/accrepfs.vampire/data/neurogroup/mingyangjiang/EEGxPlore/LaBraM/checkpoints/seedv_labram_channel_final_bls01_a05_adapterwd01_s1024_lr3e-4_b16_e30_test,,,,UNREVIEWED,run_config.json + final_test.json
LaBraM,SEED-V,seedv_labram_channel_final_bls01_a05_adapterwd01_s3407_lr3e-4_b16_e30_test,/panfs/accrepfs.vampire/data/neurogroup/mingyangjiang/EEGxPlore/LaBraM/checkpoints/seedv_labram_channel_final_bls01_a05_adapterwd01_s3407_lr3e-4_b16_e30_test,native_channel,channel,3407,False,105,False,completed,20,0.22086945373233113,0.407642451348325,0.261256564550283,,0.4147683462207359,5982142,0.2879791260873518,161201,1.4271391237330198e-05,SUPPORTING,SUPPORTING_CANDIDATE,UNREVIEWED,UNREVIEWED,completed legacy or non-strict artifact; manual audit required,within-subject protocol; patch axis is singleton/degenerate,0,,false,unknown,unknown,no,no,no,yes,,,,/panfs/accrepfs.vampire/data/neurogroup/mingyangjiang/EEGxPlore/LaBraM/checkpoints/seedv_labram_channel_final_bls01_a05_adapterwd01_s3407_lr3e-4_b16_e30_test,,,,UNREVIEWED,run_config.json + final_test.json
LaBraM,SEED-V,seedv_labram_channel_final_bls01_a05_adapterwd01_s42_lr3e-4_b16_e30_test,/panfs/accrepfs.vampire/data/neurogroup/mingyangjiang/EEGxPlore/LaBraM/checkpoints/seedv_labram_channel_final_bls01_a05_adapterwd01_s42_lr3e-4_b16_e30_test,native_channel,channel,42,False,105,False,completed,20,0.22258827995274721,0.41029385097507554,0.2641941654909168,,0.4170963827189188,5982142,0.2895258762787155,161201,1.4266240940332126e-05,SUPPORTING,SUPPORTING_CANDIDATE,UNREVIEWED,UNREVIEWED,completed legacy or non-strict artifact; manual audit required,within-subject protocol; patch axis is singleton/degenerate,0,,false,unknown,unknown,no,no,no,yes,,,,/panfs/accrepfs.vampire/data/neurogroup/mingyangjiang/EEGxPlore/LaBraM/checkpoints/seedv_labram_channel_final_bls01_a05_adapterwd01_s42_lr3e-4_b16_e30_test,,,,UNREVIEWED,run_config.json + final_test.json
LaBraM,SEED-V,seedv_labram_dense_matched_s1024_lr3e-4_b16_e40_test,/panfs/accrepfs.vampire/data/neurogroup/mingyangjiang/EEGxPlore/LaBraM/checkpoints/seedv_labram_dense_matched_s1024_lr3e-4_b16_e40_test,dense,none,1024,False,105,False,completed,35,0.24182554305573944,0.4145189373931017,0.26847559749934435,,0.42004061369634976,5820941,,0,0.00010916261460534961,SUPPORTING,SUPPORTING_CANDIDATE,UNREVIEWED,UNREVIEWED,completed legacy or non-strict artifact; manual audit required,within-subject protocol; patch axis is singleton/degenerate,3,"42,1024,3407",false,unknown,unknown,no,no,no,yes,,,,/panfs/accrepfs.vampire/data/neurogroup/mingyangjiang/EEGxPlore/LaBraM/checkpoints/seedv_labram_dense_matched_s1024_lr3e-4_b16_e40_test,,,,UNREVIEWED,run_config.json + final_test.json
LaBraM,SEED-V,seedv_labram_dense_matched_s3407_lr3e-4_b16_e40_test,/panfs/accrepfs.vampire/data/neurogroup/mingyangjiang/EEGxPlore/LaBraM/checkpoints/seedv_labram_dense_matched_s3407_lr3e-4_b16_e40_test,dense,none,3407,False,105,False,completed,9,0.23017724010920237,0.40484616091822934,0.2526762224275886,,0.4035928333960459,5820941,,0,0.00010381567256790738,SUPPORTING,SUPPORTING_CANDIDATE,UNREVIEWED,UNREVIEWED,completed legacy or non-strict artifact; manual audit required,within-subject protocol; patch axis is singleton/degenerate,3,"42,1024,3407",false,unknown,unknown,no,no,no,yes,,,,/panfs/accrepfs.vampire/data/neurogroup/mingyangjiang/EEGxPlore/LaBraM/checkpoints/seedv_labram_dense_matched_s3407_lr3e-4_b16_e40_test,,,,UNREVIEWED,run_config.json + final_test.json
LaBraM,SEED-V,seedv_labram_frozen_channel_s42_b32_lr1e-4_e40_test,/panfs/accrepfs.vampire/data/neurogroup/mingyangjiang/EEGxPlore/LaBraM/checkpoints/seedv_labram_frozen_channel_s42_b32_lr1e-4_e40_test,frozen_native_channel,channel,42,False,5,False,completed,28,0.11824883429756194,0.2988180795939128,0.12079413042353482,,0.29809038032073454,162206,0.2493949157071601,161201,0.0,SUPPORTING,SUPPORTING_CANDIDATE,UNREVIEWED,UNREVIEWED,completed legacy or non-strict artifact; manual audit required,within-subject protocol; patch axis is singleton/degenerate,0,,false,no_primary_control,no_primary_probe,no,no,no,yes,,,,/panfs/accrepfs.vampire/data/neurogroup/mingyangjiang/EEGxPlore/LaBraM/checkpoints/seedv_labram_frozen_channel_s42_b32_lr1e-4_e40_test,,,,UNREVIEWED,run_config.json + final_test.json
LaBraM,SEED-V,seedv_labram_frozen_d1_channel_s1024_b32_headlr1e-3_e40_test,/panfs/accrepfs.vampire/data/neurogroup/mingyangjiang/EEGxPlore/LaBraM/checkpoints/seedv_labram_frozen_d1_channel_s1024_b32_headlr1e-3_e40_test,frozen_native_channel,channel,1024,False,5,False,completed,20,0.11646520791890469,0.30435420233306915,0.12871015829963128,,0.3103765180163824,162206,0.1533420781802289,161201,0.0,SUPPORTING,SUPPORTING_CANDIDATE,UNREVIEWED,UNREVIEWED,completed legacy or non-strict artifact; manual audit required,within-subject protocol; patch axis is singleton/degenerate,0,,false,no_primary_control,no_primary_probe,no,no,no,yes,,,,/panfs/accrepfs.vampire/data/neurogroup/mingyangjiang/EEGxPlore/LaBraM/checkpoints/seedv_labram_frozen_d1_channel_s1024_b32_headlr1e-3_e40_test,,,,UNREVIEWED,run_config.json + final_test.json
LaBraM,SEED-V,seedv_labram_frozen_d1_channel_s3407_b32_headlr1e-3_e40_test,/panfs/accrepfs.vampire/data/neurogroup/mingyangjiang/EEGxPlore/LaBraM/checkpoints/seedv_labram_frozen_d1_channel_s3407_b32_headlr1e-3_e40_test,frozen_native_channel,channel,3407,False,5,False,completed,20,0.11728496826482504,0.3041389432139551,0.1282648316641568,,0.30996170898745,162206,0.153208716318953,161201,0.0,SUPPORTING,SUPPORTING_CANDIDATE,UNREVIEWED,UNREVIEWED,completed legacy or non-strict artifact; manual audit required,within-subject protocol; patch axis is singleton/degenerate,0,,false,no_primary_control,no_primary_probe,no,no,no,yes,,,,/panfs/accrepfs.vampire/data/neurogroup/mingyangjiang/EEGxPlore/LaBraM/checkpoints/seedv_labram_frozen_d1_channel_s3407_b32_headlr1e-3_e40_test,,,,UNREVIEWED,run_config.json + final_test.json
LaBraM,SEED-V,seedv_labram_frozen_d1_channel_s42_b32_headlr1e-3_e40_test,/panfs/accrepfs.vampire/data/neurogroup/mingyangjiang/EEGxPlore/LaBraM/checkpoints/seedv_labram_frozen_d1_channel_s42_b32_headlr1e-3_e40_test,frozen_native_channel,channel,42,False,5,False,completed,20,0.11663484991226647,0.30372491255135836,0.1276031585496723,,0.3094503957442398,162206,0.15342672936424448,161201,0.0,SUPPORTING,SUPPORTING_CANDIDATE,UNREVIEWED,UNREVIEWED,completed legacy or non-strict artifact; manual audit required,within-subject protocol; patch axis is singleton/degenerate,0,,false,no_primary_control,no_primary_probe,no,no,no,yes,,,,/panfs/accrepfs.vampire/data/neurogroup/mingyangjiang/EEGxPlore/LaBraM/checkpoints/seedv_labram_frozen_d1_channel_s42_b32_headlr1e-3_e40_test,,,,UNREVIEWED,run_config.json + final_test.json
LaBraM,SEED-V,seedv_labram_frozen_d1_none_s1024_b32_headlr1e-3_e40_test,/panfs/accrepfs.vampire/data/neurogroup/mingyangjiang/EEGxPlore/LaBraM/checkpoints/seedv_labram_frozen_d1_none_s1024_b32_headlr1e-3_e40_test,frozen_probe,none,1024,False,5,False,completed,13,0.04331447564739099,0.24189148728039322,0.05756389992851385,,0.22820247647601807,1005,,0,0.0,SUPPORTING,SUPPORTING_CANDIDATE,UNREVIEWED,UNREVIEWED,completed legacy or non-strict artifact; manual audit required,within-subject protocol; patch axis is singleton/degenerate,0,,false,unknown,unknown,no,no,no,yes,,,,/panfs/accrepfs.vampire/data/neurogroup/mingyangjiang/EEGxPlore/LaBraM/checkpoints/seedv_labram_frozen_d1_none_s1024_b32_headlr1e-3_e40_test,,,,UNREVIEWED,run_config.json + final_test.json
LaBraM,SEED-V,seedv_labram_frozen_d1_none_s3407_b32_headlr1e-3_e40_test,/panfs/accrepfs.vampire/data/neurogroup/mingyangjiang/EEGxPlore/LaBraM/checkpoints/seedv_labram_frozen_d1_none_s3407_b32_headlr1e-3_e40_test,frozen_probe,none,3407,False,5,False,completed,13,0.04333112998890931,0.24185993110503742,0.05752981594416662,,0.22813867578076902,1005,,0,0.0,SUPPORTING,SUPPORTING_CANDIDATE,UNREVIEWED,UNREVIEWED,completed legacy or non-strict artifact; manual audit required,within-subject protocol; patch axis is singleton/degenerate,0,,false,unknown,unknown,no,no,no,yes,,,,/panfs/accrepfs.vampire/data/neurogroup/mingyangjiang/EEGxPlore/LaBraM/checkpoints/seedv_labram_frozen_d1_none_s3407_b32_headlr1e-3_e40_test,,,,UNREVIEWED,run_config.json + final_test.json
LaBraM,SEED-V,seedv_labram_frozen_d1_none_s42_b32_headlr1e-3_e40_test,/panfs/accrepfs.vampire/data/neurogroup/mingyangjiang/EEGxPlore/LaBraM/checkpoints/seedv_labram_frozen_d1_none_s42_b32_headlr1e-3_e40_test,frozen_probe,none,42,False,5,False,completed,13,0.043310018291424335,0.2417401542551399,0.05737666453792645,,0.22797734760602567,1005,,0,0.0,SUPPORTING,SUPPORTING_CANDIDATE,UNREVIEWED,UNREVIEWED,completed legacy or non-strict artifact; manual audit required,within-subject protocol; patch axis is singleton/degenerate,0,,false,unknown,unknown,no,no,no,yes,,,,/panfs/accrepfs.vampire/data/neurogroup/mingyangjiang/EEGxPlore/LaBraM/checkpoints/seedv_labram_frozen_d1_none_s42_b32_headlr1e-3_e40_test,,,,UNREVIEWED,run_config.json + final_test.json
LaBraM,SEED-V,seedv_labram_frozen_d1_patch_s1024_b32_headlr1e-3_e40_test,/panfs/accrepfs.vampire/data/neurogroup/mingyangjiang/EEGxPlore/LaBraM/checkpoints/seedv_labram_frozen_d1_patch_s1024_b32_headlr1e-3_e40_test,frozen_native_patch,patch,1024,False,5,False,completed,30,0.054927745026797425,0.24402282138803377,0.05990423699904235,,0.23788289045510252,162206,0.17541409674408712,161201,0.0,SUPPORTING,SUPPORTING_CANDIDATE,UNREVIEWED,UNREVIEWED,completed legacy or non-strict artifact; manual audit required,within-subject protocol; patch axis is singleton/degenerate,0,,false,no_primary_control,no_primary_probe,no,no,no,yes,,,,/panfs/accrepfs.vampire/data/neurogroup/mingyangjiang/EEGxPlore/LaBraM/checkpoints/seedv_labram_frozen_d1_patch_s1024_b32_headlr1e-3_e40_test,,,,UNREVIEWED,run_config.json + final_test.json
LaBraM,SEED-V,seedv_labram_frozen_d1_patch_s3407_b32_headlr1e-3_e40_test,/panfs/accrepfs.vampire/data/neurogroup/mingyangjiang/EEGxPlore/LaBraM/checkpoints/seedv_labram_frozen_d1_patch_s3407_b32_headlr1e-3_e40_test,frozen_native_patch,patch,3407,False,5,False,completed,30,0.055060649256729266,0.24393954071967405,0.05979110163919077,,0.2377630210333066,162206,0.17538119824845552,161201,0.0,SUPPORTING,SUPPORTING_CANDIDATE,UNREVIEWED,UNREVIEWED,completed legacy or non-strict artifact; manual audit required,within-subject protocol; patch axis is singleton/degenerate,0,,false,no_primary_control,no_primary_probe,no,no,no,yes,,,,/panfs/accrepfs.vampire/data/neurogroup/mingyangjiang/EEGxPlore/LaBraM/checkpoints/seedv_labram_frozen_d1_patch_s3407_b32_headlr1e-3_e40_test,,,,UNREVIEWED,run_config.json + final_test.json
LaBraM,SEED-V,seedv_labram_frozen_d1_patch_s42_b32_headlr1e-3_e40_test,/panfs/accrepfs.vampire/data/neurogroup/mingyangjiang/EEGxPlore/LaBraM/checkpoints/seedv_labram_frozen_d1_patch_s42_b32_headlr1e-3_e40_test,frozen_native_patch,patch,42,False,5,False,completed,30,0.054891768247058215,0.24398288313433522,0.0598451643610608,,0.23782655977387793,162206,0.1754390076218263,161201,0.0,SUPPORTING,SUPPORTING_CANDIDATE,UNREVIEWED,UNREVIEWED,completed legacy or non-strict artifact; manual audit required,within-subject protocol; patch axis is singleton/degenerate,0,,false,no_primary_control,no_primary_probe,no,no,no,yes,,,,/panfs/accrepfs.vampire/data/neurogroup/mingyangjiang/EEGxPlore/LaBraM/checkpoints/seedv_labram_frozen_d1_patch_s42_b32_headlr1e-3_e40_test,,,,UNREVIEWED,run_config.json + final_test.json
LaBraM,SEED-V,seedv_labram_frozen_none_s42_b32_lr1e-4_e40_test,/panfs/accrepfs.vampire/data/neurogroup/mingyangjiang/EEGxPlore/LaBraM/checkpoints/seedv_labram_frozen_none_s42_b32_lr1e-4_e40_test,frozen_probe,none,42,False,5,False,completed,3,1.5472223720558453e-05,0.2000585023400936,9.377909071073276e-05,,0.08886278247463651,1005,,0,0.0,SUPPORTING,SUPPORTING_CANDIDATE,UNREVIEWED,UNREVIEWED,completed legacy or non-strict artifact; manual audit required,within-subject protocol; patch axis is singleton/degenerate,0,,false,unknown,unknown,no,no,no,yes,,,,/panfs/accrepfs.vampire/data/neurogroup/mingyangjiang/EEGxPlore/LaBraM/checkpoints/seedv_labram_frozen_none_s42_b32_lr1e-4_e40_test,,,,UNREVIEWED,run_config.json + final_test.json
LaBraM,SEED-V,seedv_labram_frozen_patch_s42_b32_lr1e-4_e40_test,/panfs/accrepfs.vampire/data/neurogroup/mingyangjiang/EEGxPlore/LaBraM/checkpoints/seedv_labram_frozen_patch_s42_b32_lr1e-4_e40_test,frozen_native_patch,patch,42,False,5,False,completed,30,0.006295820899540061,0.20639636298327696,0.0088217598845729,,0.13068230768011715,162206,0.0988739470719294,161201,0.0,SUPPORTING,SUPPORTING_CANDIDATE,UNREVIEWED,UNREVIEWED,completed legacy or non-strict artifact; manual audit required,within-subject protocol; patch axis is singleton/degenerate,0,,false,no_primary_control,no_primary_probe,no,no,no,yes,,,,/panfs/accrepfs.vampire/data/neurogroup/mingyangjiang/EEGxPlore/LaBraM/checkpoints/seedv_labram_frozen_patch_s42_b32_lr1e-4_e40_test,,,,UNREVIEWED,run_config.json + final_test.json
LaBraM,SEED-V,seedv_labram_full_channel_bestlr3e-4_s42_b16_e40_test,/panfs/accrepfs.vampire/data/neurogroup/mingyangjiang/EEGxPlore/LaBraM/checkpoints/seedv_labram_full_channel_bestlr3e-4_s42_b16_e40_test,native_channel,channel,42,False,5,False,completed,16,0.2351486970237836,0.40604414938079286,0.2546044355903485,,0.4079573371140363,5982142,0.16964212298517886,161201,0.00010705564367037351,SUPPORTING,SUPPORTING_CANDIDATE,UNREVIEWED,UNREVIEWED,completed legacy or non-strict artifact; manual audit required,within-subject protocol; patch axis is singleton/degenerate,0,,false,unknown,unknown,no,no,no,yes,,,,/panfs/accrepfs.vampire/data/neurogroup/mingyangjiang/EEGxPlore/LaBraM/checkpoints/seedv_labram_full_channel_bestlr3e-4_s42_b16_e40_test,,,,UNREVIEWED,run_config.json + final_test.json
LaBraM,SEED-V,seedv_labram_full_none_bestlr3e-4_s42_b16_e40_test,/panfs/accrepfs.vampire/data/neurogroup/mingyangjiang/EEGxPlore/LaBraM/checkpoints/seedv_labram_full_none_bestlr3e-4_s42_b16_e40_test,dense,none,42,False,5,False,completed,19,0.22562140312992163,0.40231714667678153,0.2505057270944647,,0.40486375606960295,5820941,,0,0.00011007748467577584,SUPPORTING,SUPPORTING_CANDIDATE,UNREVIEWED,UNREVIEWED,completed legacy or non-strict artifact; manual audit required,within-subject protocol; patch axis is singleton/degenerate,3,"42,1024,3407",false,unknown,unknown,no,no,no,yes,,,,/panfs/accrepfs.vampire/data/neurogroup/mingyangjiang/EEGxPlore/LaBraM/checkpoints/seedv_labram_full_none_bestlr3e-4_s42_b16_e40_test,,,,UNREVIEWED,run_config.json + final_test.json
LaBraM,TUEV,tuev_labram_axis_blind_b213_s1024_b64_lr5e-4_e15_scale100,/panfs/accrepfs.vampire/data/neurogroup/mingyangjiang/EEGxPlore/LaBraM/checkpoints/tuev_labram_axis_blind_b213_s1024_b64_lr5e-4_e15_scale100,axis_blind,generic_token_control,1024,True,100,True,completed,5,0.608884101289902,0.4297489266835283,0.5260672304345931,,0.751857384315639,87220,0.46132885243219407,86014,0.0,PRIMARY,PRIMARY_CANDIDATE,UNREVIEWED,UNREVIEWED,strict canonical three-seed group,,3,"42,1024,3407",true,primary_pair_unverified,unknown,no,PROVISIONAL,no,yes,,,,/panfs/accrepfs.vampire/data/neurogroup/mingyangjiang/EEGxPlore/LaBraM/checkpoints/tuev_labram_axis_blind_b213_s1024_b64_lr5e-4_e15_scale100,,,,UNREVIEWED,run_config.json + final_test.json
LaBraM,TUEV,tuev_labram_axis_blind_b213_s3407_b64_lr5e-4_e15_scale100,/panfs/accrepfs.vampire/data/neurogroup/mingyangjiang/EEGxPlore/LaBraM/checkpoints/tuev_labram_axis_blind_b213_s3407_b64_lr5e-4_e15_scale100,axis_blind,generic_token_control,3407,True,100,True,completed,5,0.6094307648246287,0.43082288210020714,0.5260089006630086,,0.7517128976491558,87220,0.46112049137001715,86014,0.0,PRIMARY,PRIMARY_CANDIDATE,UNREVIEWED,UNREVIEWED,strict canonical three-seed group,,3,"42,1024,3407",true,primary_pair_unverified,unknown,no,PROVISIONAL,no,yes,,,,/panfs/accrepfs.vampire/data/neurogroup/mingyangjiang/EEGxPlore/LaBraM/checkpoints/tuev_labram_axis_blind_b213_s3407_b64_lr5e-4_e15_scale100,,,,UNREVIEWED,run_config.json + final_test.json
LaBraM,TUEV,tuev_labram_axis_blind_b213_s42_b64_lr5e-4_e15_scale100,/panfs/accrepfs.vampire/data/neurogroup/mingyangjiang/EEGxPlore/LaBraM/checkpoints/tuev_labram_axis_blind_b213_s42_b64_lr5e-4_e15_scale100,axis_blind,generic_token_control,42,True,100,True,completed,5,0.6092757181173583,0.4316529581471065,0.5286269743140721,,0.7532389595752711,87220,0.4609022328260338,86014,0.0,PRIMARY,PRIMARY_CANDIDATE,UNREVIEWED,UNREVIEWED,strict canonical three-seed group,,3,"42,1024,3407",true,primary_pair_unverified,unknown,no,PROVISIONAL,no,yes,,,,/panfs/accrepfs.vampire/data/neurogroup/mingyangjiang/EEGxPlore/LaBraM/checkpoints/tuev_labram_axis_blind_b213_s42_b64_lr5e-4_e15_scale100,,,,UNREVIEWED,run_config.json + final_test.json
LaBraM,TUEV,tuev_labram_dense_15ep_dp20_s42_b64_scale100,/panfs/accrepfs.vampire/data/neurogroup/mingyangjiang/EEGxPlore/LaBraM/checkpoints/tuev_labram_dense_15ep_dp20_s42_b64_scale100,dense,none,42,False,100,True,completed,3,0.7121637321451566,0.6061168414490288,0.5704621257151221,,0.7788502935784166,5821142,,0,0.0004795647547799408,SUPPORTING,SUPPORTING_CANDIDATE,UNREVIEWED,UNREVIEWED,completed legacy or non-strict artifact; manual audit required,,3,"42,1024,3407",false,unknown,unknown,no,no,no,yes,,,,/panfs/accrepfs.vampire/data/neurogroup/mingyangjiang/EEGxPlore/LaBraM/checkpoints/tuev_labram_dense_15ep_dp20_s42_b64_scale100,,,,UNREVIEWED,run_config.json + final_test.json
LaBraM,TUEV,tuev_labram_dense_15ep_raw_s42_b64_scale100,/panfs/accrepfs.vampire/data/neurogroup/mingyangjiang/EEGxPlore/LaBraM/checkpoints/tuev_labram_dense_15ep_raw_s42_b64_scale100,dense,none,42,False,100,True,completed,3,0.6899103878434618,0.6014953168632365,0.5743250428713349,,0.7765912571213209,5821142,,0,0.0004844464321104462,SUPPORTING,SUPPORTING_CANDIDATE,UNREVIEWED,UNREVIEWED,completed legacy or non-strict artifact; manual audit required,,3,"42,1024,3407",false,unknown,unknown,no,no,no,yes,,,,/panfs/accrepfs.vampire/data/neurogroup/mingyangjiang/EEGxPlore/LaBraM/checkpoints/tuev_labram_dense_15ep_raw_s42_b64_scale100,,,,UNREVIEWED,run_config.json + final_test.json
LaBraM,TUEV,tuev_labram_dense_lr1e3_s42_b64_e25_scale100,/panfs/accrepfs.vampire/data/neurogroup/mingyangjiang/EEGxPlore/LaBraM/checkpoints/tuev_labram_dense_lr1e3_s42_b64_e25_scale100,dense,none,42,False,100,True,completed,6,0.6867934784840468,0.5925477855979596,0.5931820223255871,,0.7898020452279113,5821142,,0,0.00028644761939025377,SUPPORTING,SUPPORTING_CANDIDATE,UNREVIEWED,UNREVIEWED,completed legacy or non-strict artifact; manual audit required,,3,"42,1024,3407",false,unknown,unknown,no,no,no,yes,,,,/panfs/accrepfs.vampire/data/neurogroup/mingyangjiang/EEGxPlore/LaBraM/checkpoints/tuev_labram_dense_lr1e3_s42_b64_e25_scale100,,,,UNREVIEWED,run_config.json + final_test.json
LaBraM,TUEV,tuev_labram_dense_lr1e4_s42_b64_e25_scale100,/panfs/accrepfs.vampire/data/neurogroup/mingyangjiang/EEGxPlore/LaBraM/checkpoints/tuev_labram_dense_lr1e4_s42_b64_e25_scale100,dense,none,42,False,100,True,completed,4,0.6748796556820862,0.5734334976773591,0.5517768827295009,,0.7665913180896053,5821142,,0,0.00011980685813803045,SUPPORTING,SUPPORTING_CANDIDATE,UNREVIEWED,UNREVIEWED,completed legacy or non-strict artifact; manual audit required,,3,"42,1024,3407",false,unknown,unknown,no,no,no,yes,,,,/panfs/accrepfs.vampire/data/neurogroup/mingyangjiang/EEGxPlore/LaBraM/checkpoints/tuev_labram_dense_lr1e4_s42_b64_e25_scale100,,,,UNREVIEWED,run_config.json + final_test.json
LaBraM,TUEV,tuev_labram_dense_lr2p5e4_s42_b64_e25_scale100,/panfs/accrepfs.vampire/data/neurogroup/mingyangjiang/EEGxPlore/LaBraM/checkpoints/tuev_labram_dense_lr2p5e4_s42_b64_e25_scale100,dense,none,42,False,100,True,completed,3,0.6570126068866127,0.5987743618152771,0.5700258783283444,,0.7767030443789315,5821142,,0,0.00013934265521827735,SUPPORTING,SUPPORTING_CANDIDATE,UNREVIEWED,UNREVIEWED,completed legacy or non-strict artifact; manual audit required,,3,"42,1024,3407",false,unknown,unknown,no,no,no,yes,,,,/panfs/accrepfs.vampire/data/neurogroup/mingyangjiang/EEGxPlore/LaBraM/checkpoints/tuev_labram_dense_lr2p5e4_s42_b64_e25_scale100,,,,UNREVIEWED,run_config.json + final_test.json
LaBraM,TUEV,tuev_labram_dense_lr5e4_s42_b64_e25_scale100,/panfs/accrepfs.vampire/data/neurogroup/mingyangjiang/EEGxPlore/LaBraM/checkpoints/tuev_labram_dense_lr5e4_s42_b64_e25_scale100,dense,none,42,False,100,True,completed,3,0.6899103878434618,0.6014953168632365,0.5743250428713349,,0.7765912571213209,5821142,,0,0.00018319734521883866,SUPPORTING,SUPPORTING_CANDIDATE,UNREVIEWED,UNREVIEWED,completed legacy or non-strict artifact; manual audit required,,3,"42,1024,3407",false,unknown,unknown,no,no,no,yes,,,,/panfs/accrepfs.vampire/data/neurogroup/mingyangjiang/EEGxPlore/LaBraM/checkpoints/tuev_labram_dense_lr5e4_s42_b64_e25_scale100,,,,UNREVIEWED,run_config.json + final_test.json
LaBraM,TUEV,tuev_labram_dense_reg_dp20_s42_b64_e25_scale100,/panfs/accrepfs.vampire/data/neurogroup/mingyangjiang/EEGxPlore/LaBraM/checkpoints/tuev_labram_dense_reg_dp20_s42_b64_e25_scale100,dense,none,42,False,100,True,completed,3,0.7121637321451566,0.6061168414490288,0.5704621257151221,,0.7788502935784166,5821142,,0,0.00018866076585118127,SUPPORTING,SUPPORTING_CANDIDATE,UNREVIEWED,UNREVIEWED,completed legacy or non-strict artifact; manual audit required,,3,"42,1024,3407",false,unknown,unknown,no,no,no,yes,,,,/panfs/accrepfs.vampire/data/neurogroup/mingyangjiang/EEGxPlore/LaBraM/checkpoints/tuev_labram_dense_reg_dp20_s42_b64_e25_scale100,,,,UNREVIEWED,run_config.json + final_test.json
LaBraM,TUEV,tuev_labram_dense_reg_wd10_s42_b64_e25_scale100,/panfs/accrepfs.vampire/data/neurogroup/mingyangjiang/EEGxPlore/LaBraM/checkpoints/tuev_labram_dense_reg_wd10_s42_b64_e25_scale100,dense,none,42,False,100,True,completed,3,0.6553128344575405,0.6076382660485945,0.601241765304149,,0.7936744054133563,5821142,,0,0.00018623836541317138,SUPPORTING,SUPPORTING_CANDIDATE,UNREVIEWED,UNREVIEWED,completed legacy or non-strict artifact; manual audit required,,3,"42,1024,3407",false,unknown,unknown,no,no,no,yes,,,,/panfs/accrepfs.vampire/data/neurogroup/mingyangjiang/EEGxPlore/LaBraM/checkpoints/tuev_labram_dense_reg_wd10_s42_b64_e25_scale100,,,,UNREVIEWED,run_config.json + final_test.json
LaBraM,TUEV,tuev_labram_dense_reg_wd10dp20_s42_b64_e25_scale100,/panfs/accrepfs.vampire/data/neurogroup/mingyangjiang/EEGxPlore/LaBraM/checkpoints/tuev_labram_dense_reg_wd10dp20_s42_b64_e25_scale100,dense,none,42,False,100,True,completed,1,0.6826113606872948,0.5750137173217001,0.6198502743104091,,0.8021591530888922,5821142,,0,0.0001866147718752358,SUPPORTING,SUPPORTING_CANDIDATE,UNREVIEWED,UNREVIEWED,completed legacy or non-strict artifact; manual audit required,,3,"42,1024,3407",false,unknown,unknown,no,no,no,yes,,,,/panfs/accrepfs.vampire/data/neurogroup/mingyangjiang/EEGxPlore/LaBraM/checkpoints/tuev_labram_dense_reg_wd10dp20_s42_b64_e25_scale100,,,,UNREVIEWED,run_config.json + final_test.json
LaBraM,TUEV,tuev_labram_dense_reg_wd10dp20sm20_s42_b64_e25_scale100,/panfs/accrepfs.vampire/data/neurogroup/mingyangjiang/EEGxPlore/LaBraM/checkpoints/tuev_labram_dense_reg_wd10dp20sm20_s42_b64_e25_scale100,dense,none,42,True,100,True,completed,1,0.6852713510894413,0.5773318954054562,0.6230753962003932,,0.8023089107208937,5821142,,0,0.00018291468516446355,SUPPORTING,SUPPORTING_CANDIDATE,UNREVIEWED,UNREVIEWED,strict artifact but canonical group mixes resolved configurations,,3,"42,1024,3407",false,unknown,unknown,no,no,no,yes,,,,/panfs/accrepfs.vampire/data/neurogroup/mingyangjiang/EEGxPlore/LaBraM/checkpoints/tuev_labram_dense_reg_wd10dp20sm20_s42_b64_e25_scale100,,,,UNREVIEWED,run_config.json + final_test.json
LaBraM,TUEV,tuev_labram_dense_smoke_audit_s42_b64_e1_scale100,/panfs/accrepfs.vampire/data/neurogroup/mingyangjiang/EEGxPlore/LaBraM/checkpoints/tuev_labram_dense_smoke_audit_s42_b64_e1_scale100,dense,none,42,False,-1000,True,completed,0,0.6691831013890694,0.6105291842054572,0.5442123398795365,,0.7609866119531656,5821142,,0,0.03098081167472363,PILOT,PILOT_CANDIDATE,UNREVIEWED,UNREVIEWED,completed exploratory artifact outside locked packet,,3,"42,1024,3407",false,unknown,unknown,no,no,no,yes,,,,/panfs/accrepfs.vampire/data/neurogroup/mingyangjiang/EEGxPlore/LaBraM/checkpoints/tuev_labram_dense_smoke_audit_s42_b64_e1_scale100,,,,UNREVIEWED,run_config.json + final_test.json
LaBraM,TUEV,tuev_labram_frozen_channel_lr5e-4_s1024_b64_e15_scale100,/panfs/accrepfs.vampire/data/neurogroup/mingyangjiang/EEGxPlore/LaBraM/checkpoints/tuev_labram_frozen_channel_lr5e-4_s1024_b64_e15_scale100,frozen_native_channel,channel,1024,True,100,True,completed,4,0.5518088409394193,0.4154078220257804,0.4829673290067068,,0.7248009185381545,44111,0.42459579791182794,42905,0.0,PRIMARY,PRIMARY_CANDIDATE,UNREVIEWED,UNREVIEWED,strict canonical three-seed group,,3,"42,1024,3407",true,primary_pair_structurally_invalid,yes,PROVISIONAL,no,no,yes,,,,/panfs/accrepfs.vampire/data/neurogroup/mingyangjiang/EEGxPlore/LaBraM/checkpoints/tuev_labram_frozen_channel_lr5e-4_s1024_b64_e15_scale100,,,,UNREVIEWED,run_config.json + final_test.json
LaBraM,TUEV,tuev_labram_frozen_channel_lr5e-4_s3407_b64_e15_scale100,/panfs/accrepfs.vampire/data/neurogroup/mingyangjiang/EEGxPlore/LaBraM/checkpoints/tuev_labram_frozen_channel_lr5e-4_s3407_b64_e15_scale100,frozen_native_channel,channel,3407,True,100,True,completed,8,0.512739643144013,0.42933198222716656,0.42499385484122976,,0.6888490552494598,44111,0.43693023236799994,42905,0.0,PRIMARY,PRIMARY_CANDIDATE,UNREVIEWED,UNREVIEWED,strict canonical three-seed group,,3,"42,1024,3407",true,primary_pair_structurally_invalid,yes,PROVISIONAL,no,no,yes,,,,/panfs/accrepfs.vampire/data/neurogroup/mingyangjiang/EEGxPlore/LaBraM/checkpoints/tuev_labram_frozen_channel_lr5e-4_s3407_b64_e15_scale100,,,,UNREVIEWED,run_config.json + final_test.json
LaBraM,TUEV,tuev_labram_frozen_channel_lr5e-4_s42_b64_e15_scale100,/panfs/accrepfs.vampire/data/neurogroup/mingyangjiang/EEGxPlore/LaBraM/checkpoints/tuev_labram_frozen_channel_lr5e-4_s42_b64_e15_scale100,frozen_native_channel,channel,42,True,100,True,completed,8,0.5636404567781503,0.4521834354068331,0.4726116949612613,,0.7247374136712004,44111,0.41005350028590853,42905,0.0,PRIMARY,PRIMARY_CANDIDATE,UNREVIEWED,UNREVIEWED,strict canonical three-seed group,,3,"42,1024,3407",true,primary_pair_structurally_invalid,yes,PROVISIONAL,no,no,yes,,,,/panfs/accrepfs.vampire/data/neurogroup/mingyangjiang/EEGxPlore/LaBraM/checkpoints/tuev_labram_frozen_channel_lr5e-4_s42_b64_e15_scale100,,,,UNREVIEWED,run_config.json + final_test.json
LaBraM,TUEV,tuev_labram_frozen_channel_patch_lr5e-4_s1024_b64_e15_scale100,/panfs/accrepfs.vampire/data/neurogroup/mingyangjiang/EEGxPlore/LaBraM/checkpoints/tuev_labram_frozen_channel_patch_lr5e-4_s1024_b64_e15_scale100,frozen_native_channel_patch,channel_patch,1024,True,100,True,completed,3,0.5301615831190333,0.3806402643698943,0.45672501143136013,,0.7089334400412954,87016,0.8403974886487159,85810,0.0,PRIMARY,PRIMARY_CANDIDATE,UNREVIEWED,UNREVIEWED,strict canonical three-seed group,,3,"42,1024,3407",true,primary_pair_unverified,yes,PROVISIONAL,PROVISIONAL,no,yes,,,,/panfs/accrepfs.vampire/data/neurogroup/mingyangjiang/EEGxPlore/LaBraM/checkpoints/tuev_labram_frozen_channel_patch_lr5e-4_s1024_b64_e15_scale100,,,,UNREVIEWED,run_config.json + final_test.json
LaBraM,TUEV,tuev_labram_frozen_channel_patch_lr5e-4_s3407_b64_e15_scale100,/panfs/accrepfs.vampire/data/neurogroup/mingyangjiang/EEGxPlore/LaBraM/checkpoints/tuev_labram_frozen_channel_patch_lr5e-4_s3407_b64_e15_scale100,frozen_native_channel_patch,channel_patch,3407,True,100,True,completed,11,0.5554735869535523,0.3815180323887642,0.41657264005542294,,0.6896527708113209,87016,0.7755784557338974,85810,0.0,PRIMARY,PRIMARY_CANDIDATE,UNREVIEWED,UNREVIEWED,strict canonical three-seed group,,3,"42,1024,3407",true,primary_pair_unverified,yes,PROVISIONAL,PROVISIONAL,no,yes,,,,/panfs/accrepfs.vampire/data/neurogroup/mingyangjiang/EEGxPlore/LaBraM/checkpoints/tuev_labram_frozen_channel_patch_lr5e-4_s3407_b64_e15_scale100,,,,UNREVIEWED,run_config.json + final_test.json
LaBraM,TUEV,tuev_labram_frozen_channel_patch_lr5e-4_s42_b64_e15_scale100,/panfs/accrepfs.vampire/data/neurogroup/mingyangjiang/EEGxPlore/LaBraM/checkpoints/tuev_labram_frozen_channel_patch_lr5e-4_s42_b64_e15_scale100,frozen_native_channel_patch,channel_patch,42,True,100,True,completed,5,0.5573586709270384,0.41266905925860636,0.5104404149071955,,0.7408350916780715,87016,0.5274912104191118,85810,0.0,PRIMARY,PRIMARY_CANDIDATE,UNREVIEWED,UNREVIEWED,strict canonical three-seed group,,3,"42,1024,3407",true,primary_pair_unverified,yes,PROVISIONAL,PROVISIONAL,no,yes,,,,/panfs/accrepfs.vampire/data/neurogroup/mingyangjiang/EEGxPlore/LaBraM/checkpoints/tuev_labram_frozen_channel_patch_lr5e-4_s42_b64_e15_scale100,,,,UNREVIEWED,run_config.json + final_test.json
LaBraM,TUEV,tuev_labram_frozen_dense_lr5e-4_s1024_b64_e15_scale100,/panfs/accrepfs.vampire/data/neurogroup/mingyangjiang/EEGxPlore/LaBraM/checkpoints/tuev_labram_frozen_dense_lr5e-4_s1024_b64_e15_scale100,frozen_probe,none,1024,True,100,True,completed,8,0.5566624970888209,0.3657863675540372,0.44681521755643017,,0.7084236754238097,1206,,0,0.0,PRIMARY,PRIMARY_CANDIDATE,UNREVIEWED,UNREVIEWED,strict canonical three-seed group,,3,"42,1024,3407",true,unknown,unknown,PROVISIONAL,no,no,yes,,,,/panfs/accrepfs.vampire/data/neurogroup/mingyangjiang/EEGxPlore/LaBraM/checkpoints/tuev_labram_frozen_dense_lr5e-4_s1024_b64_e15_scale100,,,,UNREVIEWED,run_config.json + final_test.json
LaBraM,TUEV,tuev_labram_frozen_dense_lr5e-4_s3407_b64_e15_scale100,/panfs/accrepfs.vampire/data/neurogroup/mingyangjiang/EEGxPlore/LaBraM/checkpoints/tuev_labram_frozen_dense_lr5e-4_s3407_b64_e15_scale100,frozen_probe,none,3407,True,100,True,completed,8,0.5566624970888209,0.3657863675540372,0.44681521755643017,,0.7084236754238097,1206,,0,0.0,PRIMARY,PRIMARY_CANDIDATE,UNREVIEWED,UNREVIEWED,strict canonical three-seed group,,3,"42,1024,3407",true,unknown,unknown,PROVISIONAL,no,no,yes,,,,/panfs/accrepfs.vampire/data/neurogroup/mingyangjiang/EEGxPlore/LaBraM/checkpoints/tuev_labram_frozen_dense_lr5e-4_s3407_b64_e15_scale100,,,,UNREVIEWED,run_config.json + final_test.json
LaBraM,TUEV,tuev_labram_frozen_dense_lr5e-4_s42_b64_e15_scale100,/panfs/accrepfs.vampire/data/neurogroup/mingyangjiang/EEGxPlore/LaBraM/checkpoints/tuev_labram_frozen_dense_lr5e-4_s42_b64_e15_scale100,frozen_probe,none,42,True,100,True,completed,8,0.5566624970888209,0.3657863675540372,0.44681521755643017,,0.7084236754238097,1206,,0,0.0,PRIMARY,PRIMARY_CANDIDATE,UNREVIEWED,UNREVIEWED,strict canonical three-seed group,,3,"42,1024,3407",true,unknown,unknown,PROVISIONAL,no,no,yes,,,,/panfs/accrepfs.vampire/data/neurogroup/mingyangjiang/EEGxPlore/LaBraM/checkpoints/tuev_labram_frozen_dense_lr5e-4_s42_b64_e15_scale100,,,,UNREVIEWED,run_config.json + final_test.json
LaBraM,TUEV,tuev_labram_frozen_patch_lr5e-4_s1024_b64_e15_scale100,/panfs/accrepfs.vampire/data/neurogroup/mingyangjiang/EEGxPlore/LaBraM/checkpoints/tuev_labram_frozen_patch_lr5e-4_s1024_b64_e15_scale100,frozen_native_patch,patch,1024,True,100,True,completed,5,0.5681501726484486,0.3947483728958548,0.5010763417059159,,0.7382778969362866,44111,0.8295629507231024,42905,0.0,PRIMARY,PRIMARY_CANDIDATE,UNREVIEWED,UNREVIEWED,strict canonical three-seed group,,3,"42,1024,3407",true,primary_pair_structurally_invalid,yes,PROVISIONAL,no,no,yes,,,,/panfs/accrepfs.vampire/data/neurogroup/mingyangjiang/EEGxPlore/LaBraM/checkpoints/tuev_labram_frozen_patch_lr5e-4_s1024_b64_e15_scale100,,,,UNREVIEWED,run_config.json + final_test.json
LaBraM,TUEV,tuev_labram_frozen_patch_lr5e-4_s3407_b64_e15_scale100,/panfs/accrepfs.vampire/data/neurogroup/mingyangjiang/EEGxPlore/LaBraM/checkpoints/tuev_labram_frozen_patch_lr5e-4_s3407_b64_e15_scale100,frozen_native_patch,patch,3407,True,100,True,completed,8,0.5786962530885569,0.41867457464451907,0.4860200031127988,,0.7299285255408341,44111,0.7621017021768468,42905,0.0,PRIMARY,PRIMARY_CANDIDATE,UNREVIEWED,UNREVIEWED,strict canonical three-seed group,,3,"42,1024,3407",true,primary_pair_structurally_invalid,yes,PROVISIONAL,no,no,yes,,,,/panfs/accrepfs.vampire/data/neurogroup/mingyangjiang/EEGxPlore/LaBraM/checkpoints/tuev_labram_frozen_patch_lr5e-4_s3407_b64_e15_scale100,,,,UNREVIEWED,run_config.json + final_test.json
LaBraM,TUEV,tuev_labram_frozen_patch_lr5e-4_s42_b64_e15_scale100,/panfs/accrepfs.vampire/data/neurogroup/mingyangjiang/EEGxPlore/LaBraM/checkpoints/tuev_labram_frozen_patch_lr5e-4_s42_b64_e15_scale100,frozen_native_patch,patch,42,True,100,True,completed,3,0.5542390716630621,0.3828483756804982,0.48493135105386387,,0.7284932789053812,44111,0.8133586679011555,42905,0.0,PRIMARY,PRIMARY_CANDIDATE,UNREVIEWED,UNREVIEWED,strict canonical three-seed group,,3,"42,1024,3407",true,primary_pair_structurally_invalid,yes,PROVISIONAL,no,no,yes,,,,/panfs/accrepfs.vampire/data/neurogroup/mingyangjiang/EEGxPlore/LaBraM/checkpoints/tuev_labram_frozen_patch_lr5e-4_s42_b64_e15_scale100,,,,UNREVIEWED,run_config.json + final_test.json
LaBraM,TUEV,tuev_labram_full_dense_lr5e-4_s1024_b64_e15_scale100,/panfs/accrepfs.vampire/data/neurogroup/mingyangjiang/EEGxPlore/LaBraM/checkpoints/tuev_labram_full_dense_lr5e-4_s1024_b64_e15_scale100,dense,none,1024,True,100,True,completed,1,0.6544670212623243,0.600101816775092,0.6187903029459325,,0.8003392170990256,5821142,,0,0.0004642055517591971,SUPPORTING,SUPPORTING_CANDIDATE,UNREVIEWED,UNREVIEWED,strict artifact but canonical group mixes resolved configurations,,3,"42,1024,3407",false,unknown,unknown,no,no,no,yes,,,,/panfs/accrepfs.vampire/data/neurogroup/mingyangjiang/EEGxPlore/LaBraM/checkpoints/tuev_labram_full_dense_lr5e-4_s1024_b64_e15_scale100,,,,UNREVIEWED,run_config.json + final_test.json
LaBraM,TUEV,tuev_labram_full_dense_lr5e-4_s3407_b64_e15_scale100,/panfs/accrepfs.vampire/data/neurogroup/mingyangjiang/EEGxPlore/LaBraM/checkpoints/tuev_labram_full_dense_lr5e-4_s3407_b64_e15_scale100,dense,none,3407,True,100,True,completed,3,0.7085763190679688,0.5821160970300286,0.5957905434573185,,0.7874031369630364,5821142,,0,0.0004768939909207507,SUPPORTING,SUPPORTING_CANDIDATE,UNREVIEWED,UNREVIEWED,strict artifact but canonical group mixes resolved configurations,,3,"42,1024,3407",false,unknown,unknown,no,no,no,yes,,,,/panfs/accrepfs.vampire/data/neurogroup/mingyangjiang/EEGxPlore/LaBraM/checkpoints/tuev_labram_full_dense_lr5e-4_s3407_b64_e15_scale100,,,,UNREVIEWED,run_config.json + final_test.json
LaBraM,TUEV,tuev_labram_generic_lr5e-4_s1024_b64_e15_scale100,/panfs/accrepfs.vampire/data/neurogroup/mingyangjiang/EEGxPlore/LaBraM/checkpoints/tuev_labram_generic_lr5e-4_s1024_b64_e15_scale100,frozen_native_generic,generic,1024,True,100,True,completed,5,0.6060465684542224,0.4222147152804263,0.5301822109375504,,0.7531304659998824,27471,0.41099152766091734,26265,0.0,PRIMARY,PRIMARY_CANDIDATE,UNREVIEWED,UNREVIEWED,strict canonical three-seed group,,3,"42,1024,3407",true,primary_pair,yes,no,no,no,yes,,,,/panfs/accrepfs.vampire/data/neurogroup/mingyangjiang/EEGxPlore/LaBraM/checkpoints/tuev_labram_generic_lr5e-4_s1024_b64_e15_scale100,,,,UNREVIEWED,run_config.json + final_test.json
LaBraM,TUEV,tuev_labram_generic_lr5e-4_s3407_b64_e15_scale100,/panfs/accrepfs.vampire/data/neurogroup/mingyangjiang/EEGxPlore/LaBraM/checkpoints/tuev_labram_generic_lr5e-4_s3407_b64_e15_scale100,frozen_native_generic,generic,3407,True,100,True,completed,8,0.6091461930073974,0.4424056685285543,0.5039280129410464,,0.7398735643764255,27471,0.41117072608130956,26265,0.0,PRIMARY,PRIMARY_CANDIDATE,UNREVIEWED,UNREVIEWED,strict canonical three-seed group,,3,"42,1024,3407",true,primary_pair,yes,no,no,no,yes,,,,/panfs/accrepfs.vampire/data/neurogroup/mingyangjiang/EEGxPlore/LaBraM/checkpoints/tuev_labram_generic_lr5e-4_s3407_b64_e15_scale100,,,,UNREVIEWED,run_config.json + final_test.json
LaBraM,TUEV,tuev_labram_generic_lr5e-4_s42_b64_e15_scale100,/panfs/accrepfs.vampire/data/neurogroup/mingyangjiang/EEGxPlore/LaBraM/checkpoints/tuev_labram_generic_lr5e-4_s42_b64_e15_scale100,frozen_native_generic,generic,42,True,100,True,completed,8,0.6088971632849223,0.44534336746787995,0.5114098197426435,,0.7442085989247073,27471,0.41138988736069104,26265,0.0,PRIMARY,PRIMARY_CANDIDATE,UNREVIEWED,UNREVIEWED,strict canonical three-seed group,,3,"42,1024,3407",true,primary_pair,yes,no,no,no,yes,,,,/panfs/accrepfs.vampire/data/neurogroup/mingyangjiang/EEGxPlore/LaBraM/checkpoints/tuev_labram_generic_lr5e-4_s42_b64_e15_scale100,,,,UNREVIEWED,run_config.json + final_test.json
LaBraM,TUEV,tuev_labram_lora_lr5e-4_s1024_b64_e15_scale100,/panfs/accrepfs.vampire/data/neurogroup/mingyangjiang/EEGxPlore/LaBraM/checkpoints/tuev_labram_lora_lr5e-4_s1024_b64_e15_scale100,lora,qkv,1024,True,100,True,completed,6,0.6888674976742295,0.5544674620001503,0.5778734723674348,,0.7815878179803782,78006,,0,0.0,PRIMARY,PRIMARY_CANDIDATE,UNREVIEWED,UNREVIEWED,strict canonical three-seed group,,3,"42,1024,3407",true,unknown,unknown,no,no,no,yes,,,,/panfs/accrepfs.vampire/data/neurogroup/mingyangjiang/EEGxPlore/LaBraM/checkpoints/tuev_labram_lora_lr5e-4_s1024_b64_e15_scale100,,,,UNREVIEWED,run_config.json + final_test.json
LaBraM,TUEV,tuev_labram_lora_lr5e-4_s3407_b64_e15_scale100,/panfs/accrepfs.vampire/data/neurogroup/mingyangjiang/EEGxPlore/LaBraM/checkpoints/tuev_labram_lora_lr5e-4_s3407_b64_e15_scale100,lora,qkv,3407,True,100,True,completed,8,0.6821529023185495,0.5977283322538559,0.5649072383034774,,0.7761774282002611,78006,,0,0.0,PRIMARY,PRIMARY_CANDIDATE,UNREVIEWED,UNREVIEWED,strict canonical three-seed group,,3,"42,1024,3407",true,unknown,unknown,no,no,no,yes,,,,/panfs/accrepfs.vampire/data/neurogroup/mingyangjiang/EEGxPlore/LaBraM/checkpoints/tuev_labram_lora_lr5e-4_s3407_b64_e15_scale100,,,,UNREVIEWED,run_config.json + final_test.json
LaBraM,TUEV,tuev_labram_lora_lr5e-4_s42_b64_e15_scale100,/panfs/accrepfs.vampire/data/neurogroup/mingyangjiang/EEGxPlore/LaBraM/checkpoints/tuev_labram_lora_lr5e-4_s42_b64_e15_scale100,lora,qkv,42,True,100,True,completed,5,0.6741571210608976,0.5628134503483032,0.6010881595771316,,0.7906025463508185,78006,,0,0.0,PRIMARY,PRIMARY_CANDIDATE,UNREVIEWED,UNREVIEWED,strict canonical three-seed group,,3,"42,1024,3407",true,unknown,unknown,no,no,no,yes,,,,/panfs/accrepfs.vampire/data/neurogroup/mingyangjiang/EEGxPlore/LaBraM/checkpoints/tuev_labram_lora_lr5e-4_s42_b64_e15_scale100,,,,UNREVIEWED,run_config.json + final_test.json
LaBraM,TUEV,tuev_labram_native_channel_lr5e-4_s1024_b64_e15_scale100,/panfs/accrepfs.vampire/data/neurogroup/mingyangjiang/EEGxPlore/LaBraM/checkpoints/tuev_labram_native_channel_lr5e-4_s1024_b64_e15_scale100,native_channel,channel,1024,True,100,True,completed,7,0.7032548981630495,0.6055153049067213,0.5821919995908839,,0.7870359343027892,5864047,0.22585300102704947,42905,0.0004536947820680903,SUPPORTING,SUPPORTING_CANDIDATE,UNREVIEWED,UNREVIEWED,strict artifact but canonical group mixes resolved configurations,,3,"42,1024,3407",false,unknown,unknown,no,no,no,yes,,,,/panfs/accrepfs.vampire/data/neurogroup/mingyangjiang/EEGxPlore/LaBraM/checkpoints/tuev_labram_native_channel_lr5e-4_s1024_b64_e15_scale100,,,,UNREVIEWED,run_config.json + final_test.json
LaBraM,TUEV,tuev_labram_native_channel_lr5e-4_s3407_b64_e15_scale100,/panfs/accrepfs.vampire/data/neurogroup/mingyangjiang/EEGxPlore/LaBraM/checkpoints/tuev_labram_native_channel_lr5e-4_s3407_b64_e15_scale100,native_channel,channel,3407,True,100,True,completed,1,0.695355601837357,0.5896620888615157,0.5807637609233693,,0.7772626528303568,5864047,0.19397515418200656,42905,0.0004585441685184126,SUPPORTING,SUPPORTING_CANDIDATE,UNREVIEWED,UNREVIEWED,strict artifact but canonical group mixes resolved configurations,,3,"42,1024,3407",false,unknown,unknown,no,no,no,yes,,,,/panfs/accrepfs.vampire/data/neurogroup/mingyangjiang/EEGxPlore/LaBraM/checkpoints/tuev_labram_native_channel_lr5e-4_s3407_b64_e15_scale100,,,,UNREVIEWED,run_config.json + final_test.json
LaBraM,TUEV,tuev_labram_native_channel_lr5e-4_s42_b64_e15_scale100,/panfs/accrepfs.vampire/data/neurogroup/mingyangjiang/EEGxPlore/LaBraM/checkpoints/tuev_labram_native_channel_lr5e-4_s42_b64_e15_scale100,native_channel,channel,42,False,100,True,completed,1,0.6913096710254426,0.584921974494361,0.5655573987934158,,0.7697968015082839,5864047,0.2626488429719004,42905,0.00047799606359708296,SUPPORTING,SUPPORTING_CANDIDATE,UNREVIEWED,UNREVIEWED,completed legacy or non-strict artifact; manual audit required,,3,"42,1024,3407",false,unknown,unknown,no,no,no,yes,,,,/panfs/accrepfs.vampire/data/neurogroup/mingyangjiang/EEGxPlore/LaBraM/checkpoints/tuev_labram_native_channel_lr5e-4_s42_b64_e15_scale100,,,,UNREVIEWED,run_config.json + final_test.json
LaBraM,TUEV,tuev_labram_native_channel_patch_lr5e-4_s1024_b64_e15_scale100,/panfs/accrepfs.vampire/data/neurogroup/mingyangjiang/EEGxPlore/LaBraM/checkpoints/tuev_labram_native_channel_patch_lr5e-4_s1024_b64_e15_scale100,native_channel_patch,channel_patch,1024,True,100,True,completed,1,0.6749684139913105,0.5819094452595186,0.5634967974957412,,0.7678019965994775,5906952,0.17008430471180314,85810,0.0004679364729233339,SUPPORTING,SUPPORTING_CANDIDATE,UNREVIEWED,UNREVIEWED,strict artifact but canonical group mixes resolved configurations,,3,"42,1024,3407",false,unknown,unknown,no,no,no,yes,,,,/panfs/accrepfs.vampire/data/neurogroup/mingyangjiang/EEGxPlore/LaBraM/checkpoints/tuev_labram_native_channel_patch_lr5e-4_s1024_b64_e15_scale100,,,,UNREVIEWED,run_config.json + final_test.json
LaBraM,TUEV,tuev_labram_native_channel_patch_lr5e-4_s3407_b64_e15_scale100,/panfs/accrepfs.vampire/data/neurogroup/mingyangjiang/EEGxPlore/LaBraM/checkpoints/tuev_labram_native_channel_patch_lr5e-4_s3407_b64_e15_scale100,native_channel_patch,channel_patch,3407,True,100,True,completed,5,0.6764111348316809,0.6067759683516318,0.5083252302990214,,0.7377922002405405,5906952,0.203143870994407,85810,0.000455399453009585,SUPPORTING,SUPPORTING_CANDIDATE,UNREVIEWED,UNREVIEWED,strict artifact but canonical group mixes resolved configurations,,3,"42,1024,3407",false,unknown,unknown,no,no,no,yes,,,,/panfs/accrepfs.vampire/data/neurogroup/mingyangjiang/EEGxPlore/LaBraM/checkpoints/tuev_labram_native_channel_patch_lr5e-4_s3407_b64_e15_scale100,,,,UNREVIEWED,run_config.json + final_test.json
LaBraM,TUEV,tuev_labram_native_channel_patch_lr5e-4_s42_b64_e15_scale100,/panfs/accrepfs.vampire/data/neurogroup/mingyangjiang/EEGxPlore/LaBraM/checkpoints/tuev_labram_native_channel_patch_lr5e-4_s42_b64_e15_scale100,native_channel_patch,channel_patch,42,False,100,True,completed,1,0.6859517694886451,0.5814869413621627,0.5518564031692129,,0.7613118835619999,5906952,0.17674296259713418,85810,0.0004518431032216623,SUPPORTING,SUPPORTING_CANDIDATE,UNREVIEWED,UNREVIEWED,completed legacy or non-strict artifact; manual audit required,,3,"42,1024,3407",false,unknown,unknown,no,no,no,yes,,,,/panfs/accrepfs.vampire/data/neurogroup/mingyangjiang/EEGxPlore/LaBraM/checkpoints/tuev_labram_native_channel_patch_lr5e-4_s42_b64_e15_scale100,,,,UNREVIEWED,run_config.json + final_test.json
LaBraM,TUEV,tuev_labram_native_channel_patch_zeroout_lr5e-4_s42_b64_e15_scale100,/panfs/accrepfs.vampire/data/neurogroup/mingyangjiang/EEGxPlore/LaBraM/checkpoints/tuev_labram_native_channel_patch_zeroout_lr5e-4_s42_b64_e15_scale100,native_channel_patch,channel_patch,42,True,100,True,completed,1,0.6865217005284154,0.5622813647473861,0.5211067085494356,,0.7429030685853735,5906952,0.2409832871971237,85810,0.00047347135905732776,SUPPORTING,SUPPORTING_CANDIDATE,UNREVIEWED,UNREVIEWED,strict artifact but canonical group mixes resolved configurations,,3,"42,1024,3407",false,unknown,unknown,no,no,no,yes,,,,/panfs/accrepfs.vampire/data/neurogroup/mingyangjiang/EEGxPlore/LaBraM/checkpoints/tuev_labram_native_channel_patch_zeroout_lr5e-4_s42_b64_e15_scale100,,,,UNREVIEWED,run_config.json + final_test.json
LaBraM,TUEV,tuev_labram_native_channel_zeroout_lr5e-4_s42_b64_e15_scale100,/panfs/accrepfs.vampire/data/neurogroup/mingyangjiang/EEGxPlore/LaBraM/checkpoints/tuev_labram_native_channel_zeroout_lr5e-4_s42_b64_e15_scale100,native_channel,channel,42,True,100,True,completed,3,0.6776835454860619,0.5930522386034414,0.5676871986909722,,0.7770607898865947,5864047,0.2500694001515336,42905,0.0004336567304925914,SUPPORTING,SUPPORTING_CANDIDATE,UNREVIEWED,UNREVIEWED,strict artifact but canonical group mixes resolved configurations,,3,"42,1024,3407",false,unknown,unknown,no,no,no,yes,,,,/panfs/accrepfs.vampire/data/neurogroup/mingyangjiang/EEGxPlore/LaBraM/checkpoints/tuev_labram_native_channel_zeroout_lr5e-4_s42_b64_e15_scale100,,,,UNREVIEWED,run_config.json + final_test.json
LaBraM,TUEV,tuev_labram_native_patch_lr5e-4_s1024_b64_e15_scale100,/panfs/accrepfs.vampire/data/neurogroup/mingyangjiang/EEGxPlore/LaBraM/checkpoints/tuev_labram_native_patch_lr5e-4_s1024_b64_e15_scale100,native_patch,patch,1024,True,100,True,completed,5,0.6493378095131288,0.5350291674571239,0.5271813921726334,,0.7567552703996683,5864047,0.03904906759960342,42905,0.0004658653014605174,SUPPORTING,SUPPORTING_CANDIDATE,UNREVIEWED,UNREVIEWED,strict artifact but canonical group mixes resolved configurations,,3,"42,1024,3407",false,unknown,unknown,no,no,no,yes,,,,/panfs/accrepfs.vampire/data/neurogroup/mingyangjiang/EEGxPlore/LaBraM/checkpoints/tuev_labram_native_patch_lr5e-4_s1024_b64_e15_scale100,,,,UNREVIEWED,run_config.json + final_test.json
LaBraM,TUEV,tuev_labram_native_patch_lr5e-4_s3407_b64_e15_scale100,/panfs/accrepfs.vampire/data/neurogroup/mingyangjiang/EEGxPlore/LaBraM/checkpoints/tuev_labram_native_patch_lr5e-4_s3407_b64_e15_scale100,native_patch,patch,3407,True,100,True,completed,10,0.6967719501011309,0.6524444383780593,0.6106894908164991,,0.800392412237172,5864047,0.08151972334127168,42905,0.0004745153958969594,SUPPORTING,SUPPORTING_CANDIDATE,UNREVIEWED,UNREVIEWED,strict artifact but canonical group mixes resolved configurations,,3,"42,1024,3407",false,unknown,unknown,no,no,no,yes,,,,/panfs/accrepfs.vampire/data/neurogroup/mingyangjiang/EEGxPlore/LaBraM/checkpoints/tuev_labram_native_patch_lr5e-4_s3407_b64_e15_scale100,,,,UNREVIEWED,run_config.json + final_test.json
LaBraM,TUEV,tuev_labram_native_patch_lr5e-4_s42_b64_e15_scale100,/panfs/accrepfs.vampire/data/neurogroup/mingyangjiang/EEGxPlore/LaBraM/checkpoints/tuev_labram_native_patch_lr5e-4_s42_b64_e15_scale100,native_patch,patch,42,False,100,True,completed,1,0.6642177951331436,0.5793780042171851,0.5409392889267195,,0.7529112640690235,5864047,0.032405987802028434,42905,0.0004736109865073057,SUPPORTING,SUPPORTING_CANDIDATE,UNREVIEWED,UNREVIEWED,completed legacy or non-strict artifact; manual audit required,,3,"42,1024,3407",false,unknown,unknown,no,no,no,yes,,,,/panfs/accrepfs.vampire/data/neurogroup/mingyangjiang/EEGxPlore/LaBraM/checkpoints/tuev_labram_native_patch_lr5e-4_s42_b64_e15_scale100,,,,UNREVIEWED,run_config.json + final_test.json
LaBraM,TUEV,tuev_labram_native_patch_zeroout_lr5e-4_s42_b64_e15_scale100,/panfs/accrepfs.vampire/data/neurogroup/mingyangjiang/EEGxPlore/LaBraM/checkpoints/tuev_labram_native_patch_zeroout_lr5e-4_s42_b64_e15_scale100,native_patch,patch,42,True,100,True,completed,2,0.6827460774484124,0.5509844021869928,0.6002883232537916,,0.7910367172256644,5864047,0.040794776953958174,42905,0.0004809772113833227,SUPPORTING,SUPPORTING_CANDIDATE,UNREVIEWED,UNREVIEWED,strict artifact but canonical group mixes resolved configurations,,3,"42,1024,3407",false,unknown,unknown,no,no,no,yes,,,,/panfs/accrepfs.vampire/data/neurogroup/mingyangjiang/EEGxPlore/LaBraM/checkpoints/tuev_labram_native_patch_zeroout_lr5e-4_s42_b64_e15_scale100,,,,UNREVIEWED,run_config.json + final_test.json
LaBraM,TUEV,tuev_labram_upper2_lr5e-4_s1024_b64_e15_scale100,/panfs/accrepfs.vampire/data/neurogroup/mingyangjiang/EEGxPlore/LaBraM/checkpoints/tuev_labram_upper2_lr5e-4_s1024_b64_e15_scale100,upper2,upper,1024,True,100,True,completed,4,0.6485934220582865,0.5593111373142944,0.5188681160984254,,0.7525803704245614,966566,,0,0.0005268197748325024,PRIMARY,PRIMARY_CANDIDATE,UNREVIEWED,UNREVIEWED,strict canonical three-seed group,,3,"42,1024,3407",true,unknown,unknown,no,no,no,yes,,,,/panfs/accrepfs.vampire/data/neurogroup/mingyangjiang/EEGxPlore/LaBraM/checkpoints/tuev_labram_upper2_lr5e-4_s1024_b64_e15_scale100,,,,UNREVIEWED,run_config.json + final_test.json
LaBraM,TUEV,tuev_labram_upper2_lr5e-4_s3407_b64_e15_scale100,/panfs/accrepfs.vampire/data/neurogroup/mingyangjiang/EEGxPlore/LaBraM/checkpoints/tuev_labram_upper2_lr5e-4_s3407_b64_e15_scale100,upper2,upper,3407,True,100,True,completed,1,0.647379349177674,0.5191840344640534,0.5696205532498113,,0.7740174522623927,966566,,0,0.0005314477198993121,PRIMARY,PRIMARY_CANDIDATE,UNREVIEWED,UNREVIEWED,strict canonical three-seed group,,3,"42,1024,3407",true,unknown,unknown,no,no,no,yes,,,,/panfs/accrepfs.vampire/data/neurogroup/mingyangjiang/EEGxPlore/LaBraM/checkpoints/tuev_labram_upper2_lr5e-4_s3407_b64_e15_scale100,,,,UNREVIEWED,run_config.json + final_test.json
LaBraM,TUEV,tuev_labram_upper2_lr5e-4_s42_b64_e15_scale100,/panfs/accrepfs.vampire/data/neurogroup/mingyangjiang/EEGxPlore/LaBraM/checkpoints/tuev_labram_upper2_lr5e-4_s42_b64_e15_scale100,upper2,upper,42,True,100,True,completed,1,0.6271144923854304,0.5452374561737329,0.6028601446418473,,0.7920364656582201,966566,,0,0.0005172962706743054,PRIMARY,PRIMARY_CANDIDATE,UNREVIEWED,UNREVIEWED,strict canonical three-seed group,,3,"42,1024,3407",true,unknown,unknown,no,no,no,yes,,,,/panfs/accrepfs.vampire/data/neurogroup/mingyangjiang/EEGxPlore/LaBraM/checkpoints/tuev_labram_upper2_lr5e-4_s42_b64_e15_scale100,,,,UNREVIEWED,run_config.json + final_test.json
