comparison,backbone,dataset,axis,seed,left_method,right_method,metric,left_value,right_value,effect_left_minus_right,left_better,parameter_match_pct,pair_validity,pair_contract_valid,pair_artifacts_verified,pair_invalid_reason,left_artifact,right_artifact,scope_note
aligned_vs_axis_blind,CBraMod,faced,channel,42,interaction_aligned,axis_blind,balanced_accuracy,0.3836553945249597,0.38727858293075684,-0.0036231884057971175,0,0.02346494726559803,PAIR_ARTIFACT_UNVERIFIED,True,False,full configuration-level nuisance matching not yet manually confirmed,faced_evalmode_frozen_channel_s42_lr5e-4_20260804,faced_evalmode_frozen_axis_blind_s42_20260804,
aligned_vs_axis_blind,CBraMod,faced,channel,42,interaction_aligned,axis_blind,cohen_kappa,0.30547159979155813,0.30842600691407396,-0.002954407122515823,0,0.02346494726559803,PAIR_ARTIFACT_UNVERIFIED,True,False,full configuration-level nuisance matching not yet manually confirmed,faced_evalmode_frozen_channel_s42_lr5e-4_20260804,faced_evalmode_frozen_axis_blind_s42_20260804,
aligned_vs_axis_blind,CBraMod,faced,channel,42,interaction_aligned,axis_blind,macro_f1,0.3847724205827893,0.38725319859351187,-0.0024807780107225508,0,0.02346494726559803,PAIR_ARTIFACT_UNVERIFIED,True,False,full configuration-level nuisance matching not yet manually confirmed,faced_evalmode_frozen_channel_s42_lr5e-4_20260804,faced_evalmode_frozen_axis_blind_s42_20260804,
aligned_vs_axis_blind,CBraMod,faced,channel,42,interaction_aligned,axis_blind,weighted_f1,0.3839851478961803,0.38596753008255563,-0.001982382186375309,0,0.02346494726559803,PAIR_ARTIFACT_UNVERIFIED,True,False,full configuration-level nuisance matching not yet manually confirmed,faced_evalmode_frozen_channel_s42_lr5e-4_20260804,faced_evalmode_frozen_axis_blind_s42_20260804,
aligned_vs_axis_blind,CBraMod,faced,patch,42,interaction_aligned,axis_blind,balanced_accuracy,0.38298443370907137,0.38727858293075684,-0.004294149221685473,0,0.02346494726559803,PAIR_ARTIFACT_UNVERIFIED,True,False,full configuration-level nuisance matching not yet manually confirmed,faced_evalmode_frozen_patch_s42_lr5e-4_20260804,faced_evalmode_frozen_axis_blind_s42_20260804,
aligned_vs_axis_blind,CBraMod,faced,patch,42,interaction_aligned,axis_blind,cohen_kappa,0.30551962952146516,0.30842600691407396,-0.0029063773926087944,0,0.02346494726559803,PAIR_ARTIFACT_UNVERIFIED,True,False,full configuration-level nuisance matching not yet manually confirmed,faced_evalmode_frozen_patch_s42_lr5e-4_20260804,faced_evalmode_frozen_axis_blind_s42_20260804,
aligned_vs_axis_blind,CBraMod,faced,patch,42,interaction_aligned,axis_blind,macro_f1,0.38481922926521017,0.38725319859351187,-0.0024339693283016994,0,0.02346494726559803,PAIR_ARTIFACT_UNVERIFIED,True,False,full configuration-level nuisance matching not yet manually confirmed,faced_evalmode_frozen_patch_s42_lr5e-4_20260804,faced_evalmode_frozen_axis_blind_s42_20260804,
aligned_vs_axis_blind,CBraMod,faced,patch,42,interaction_aligned,axis_blind,weighted_f1,0.3842866123669117,0.38596753008255563,-0.001680917715643937,0,0.02346494726559803,PAIR_ARTIFACT_UNVERIFIED,True,False,full configuration-level nuisance matching not yet manually confirmed,faced_evalmode_frozen_patch_s42_lr5e-4_20260804,faced_evalmode_frozen_axis_blind_s42_20260804,
aligned_vs_axis_blind,CBraMod,faced,channel_patch,42,interaction_aligned,axis_blind,balanced_accuracy,0.3951959205582394,0.38727858293075684,0.007917337627482535,1,0.0002638872453237039,PAIR_ARTIFACT_UNVERIFIED,True,False,full configuration-level nuisance matching not yet manually confirmed,faced_evalmode_frozen_channel_patch_s42_lr5e-4_20260804,faced_evalmode_frozen_axis_blind_s42_20260804,
aligned_vs_axis_blind,CBraMod,faced,channel_patch,42,interaction_aligned,axis_blind,cohen_kappa,0.31846788646688606,0.30842600691407396,0.010041879552812105,1,0.0002638872453237039,PAIR_ARTIFACT_UNVERIFIED,True,False,full configuration-level nuisance matching not yet manually confirmed,faced_evalmode_frozen_channel_patch_s42_lr5e-4_20260804,faced_evalmode_frozen_axis_blind_s42_20260804,
aligned_vs_axis_blind,CBraMod,faced,channel_patch,42,interaction_aligned,axis_blind,macro_f1,0.39505783033163044,0.38725319859351187,0.007804631738118573,1,0.0002638872453237039,PAIR_ARTIFACT_UNVERIFIED,True,False,full configuration-level nuisance matching not yet manually confirmed,faced_evalmode_frozen_channel_patch_s42_lr5e-4_20260804,faced_evalmode_frozen_axis_blind_s42_20260804,
aligned_vs_axis_blind,CBraMod,faced,channel_patch,42,interaction_aligned,axis_blind,weighted_f1,0.3943868787640964,0.38596753008255563,0.008419348681540761,1,0.0002638872453237039,PAIR_ARTIFACT_UNVERIFIED,True,False,full configuration-level nuisance matching not yet manually confirmed,faced_evalmode_frozen_channel_patch_s42_lr5e-4_20260804,faced_evalmode_frozen_axis_blind_s42_20260804,
aligned_vs_axis_blind,CBraMod,faced,channel,1024,interaction_aligned,axis_blind,balanced_accuracy,0.37815351583467527,0.3852657004830918,-0.0071121846484165085,0,0.02346494726559803,PAIR_ARTIFACT_UNVERIFIED,True,False,full configuration-level nuisance matching not yet manually confirmed,faced_evalmode_frozen_channel_s1024_lr5e-4_20260804,faced_evalmode_frozen_axis_blind_s1024_20260804,
aligned_vs_axis_blind,CBraMod,faced,channel,1024,interaction_aligned,axis_blind,cohen_kappa,0.3004379562043795,0.3065033537474482,-0.0060653975430686735,0,0.02346494726559803,PAIR_ARTIFACT_UNVERIFIED,True,False,full configuration-level nuisance matching not yet manually confirmed,faced_evalmode_frozen_channel_s1024_lr5e-4_20260804,faced_evalmode_frozen_axis_blind_s1024_20260804,
aligned_vs_axis_blind,CBraMod,faced,channel,1024,interaction_aligned,axis_blind,macro_f1,0.3787534865242982,0.38599831322065864,-0.007244826696360451,0,0.02346494726559803,PAIR_ARTIFACT_UNVERIFIED,True,False,full configuration-level nuisance matching not yet manually confirmed,faced_evalmode_frozen_channel_s1024_lr5e-4_20260804,faced_evalmode_frozen_axis_blind_s1024_20260804,
aligned_vs_axis_blind,CBraMod,faced,channel,1024,interaction_aligned,axis_blind,weighted_f1,0.378690747902424,0.3848693007810737,-0.006178552878649657,0,0.02346494726559803,PAIR_ARTIFACT_UNVERIFIED,True,False,full configuration-level nuisance matching not yet manually confirmed,faced_evalmode_frozen_channel_s1024_lr5e-4_20260804,faced_evalmode_frozen_axis_blind_s1024_20260804,
aligned_vs_axis_blind,CBraMod,faced,patch,1024,interaction_aligned,axis_blind,balanced_accuracy,0.3824476650563607,0.3852657004830918,-0.0028180354267310914,0,0.02346494726559803,PAIR_ARTIFACT_UNVERIFIED,True,False,full configuration-level nuisance matching not yet manually confirmed,faced_evalmode_frozen_patch_s1024_lr5e-4_20260804,faced_evalmode_frozen_axis_blind_s1024_20260804,
aligned_vs_axis_blind,CBraMod,faced,patch,1024,interaction_aligned,axis_blind,cohen_kappa,0.3047285464098074,0.3065033537474482,-0.0017748073376407936,0,0.02346494726559803,PAIR_ARTIFACT_UNVERIFIED,True,False,full configuration-level nuisance matching not yet manually confirmed,faced_evalmode_frozen_patch_s1024_lr5e-4_20260804,faced_evalmode_frozen_axis_blind_s1024_20260804,
aligned_vs_axis_blind,CBraMod,faced,patch,1024,interaction_aligned,axis_blind,macro_f1,0.3825379109622883,0.38599831322065864,-0.003460402258370354,0,0.02346494726559803,PAIR_ARTIFACT_UNVERIFIED,True,False,full configuration-level nuisance matching not yet manually confirmed,faced_evalmode_frozen_patch_s1024_lr5e-4_20260804,faced_evalmode_frozen_axis_blind_s1024_20260804,
aligned_vs_axis_blind,CBraMod,faced,patch,1024,interaction_aligned,axis_blind,weighted_f1,0.3821811648424867,0.3848693007810737,-0.0026881359385869663,0,0.02346494726559803,PAIR_ARTIFACT_UNVERIFIED,True,False,full configuration-level nuisance matching not yet manually confirmed,faced_evalmode_frozen_patch_s1024_lr5e-4_20260804,faced_evalmode_frozen_axis_blind_s1024_20260804,
aligned_vs_axis_blind,CBraMod,faced,channel_patch,1024,interaction_aligned,axis_blind,balanced_accuracy,0.3875469672571122,0.3852657004830918,0.0022812667740204073,1,0.0002638872453237039,PAIR_ARTIFACT_UNVERIFIED,True,False,full configuration-level nuisance matching not yet manually confirmed,faced_evalmode_frozen_channel_patch_s1024_lr5e-4_20260804,faced_evalmode_frozen_axis_blind_s1024_20260804,
aligned_vs_axis_blind,CBraMod,faced,channel_patch,1024,interaction_aligned,axis_blind,cohen_kappa,0.3088363954505686,0.3065033537474482,0.002333041703120431,1,0.0002638872453237039,PAIR_ARTIFACT_UNVERIFIED,True,False,full configuration-level nuisance matching not yet manually confirmed,faced_evalmode_frozen_channel_patch_s1024_lr5e-4_20260804,faced_evalmode_frozen_axis_blind_s1024_20260804,
aligned_vs_axis_blind,CBraMod,faced,channel_patch,1024,interaction_aligned,axis_blind,macro_f1,0.387896632331497,0.38599831322065864,0.0018983191108383757,1,0.0002638872453237039,PAIR_ARTIFACT_UNVERIFIED,True,False,full configuration-level nuisance matching not yet manually confirmed,faced_evalmode_frozen_channel_patch_s1024_lr5e-4_20260804,faced_evalmode_frozen_axis_blind_s1024_20260804,
aligned_vs_axis_blind,CBraMod,faced,channel_patch,1024,interaction_aligned,axis_blind,weighted_f1,0.3865745094976027,0.3848693007810737,0.0017052087165290164,1,0.0002638872453237039,PAIR_ARTIFACT_UNVERIFIED,True,False,full configuration-level nuisance matching not yet manually confirmed,faced_evalmode_frozen_channel_patch_s1024_lr5e-4_20260804,faced_evalmode_frozen_axis_blind_s1024_20260804,
aligned_vs_axis_blind,CBraMod,faced,channel,3407,interaction_aligned,axis_blind,balanced_accuracy,0.37654320987654316,0.3913043478260869,-0.014761137949543757,0,0.02346494726559803,PAIR_ARTIFACT_UNVERIFIED,True,False,full configuration-level nuisance matching not yet manually confirmed,faced_evalmode_frozen_channel_s3407_lr5e-4_20260804,faced_evalmode_frozen_axis_blind_s3407_20260804,
aligned_vs_axis_blind,CBraMod,faced,channel,3407,interaction_aligned,axis_blind,cohen_kappa,0.2984813084112149,0.31424045356011343,-0.015759145148898535,0,0.02346494726559803,PAIR_ARTIFACT_UNVERIFIED,True,False,full configuration-level nuisance matching not yet manually confirmed,faced_evalmode_frozen_channel_s3407_lr5e-4_20260804,faced_evalmode_frozen_axis_blind_s3407_20260804,
aligned_vs_axis_blind,CBraMod,faced,channel,3407,interaction_aligned,axis_blind,macro_f1,0.37761446006560856,0.38906197842338075,-0.01144751835777219,0,0.02346494726559803,PAIR_ARTIFACT_UNVERIFIED,True,False,full configuration-level nuisance matching not yet manually confirmed,faced_evalmode_frozen_channel_s3407_lr5e-4_20260804,faced_evalmode_frozen_axis_blind_s3407_20260804,
aligned_vs_axis_blind,CBraMod,faced,channel,3407,interaction_aligned,axis_blind,weighted_f1,0.3772978722061226,0.38850024109873615,-0.011202368892613557,0,0.02346494726559803,PAIR_ARTIFACT_UNVERIFIED,True,False,full configuration-level nuisance matching not yet manually confirmed,faced_evalmode_frozen_channel_s3407_lr5e-4_20260804,faced_evalmode_frozen_axis_blind_s3407_20260804,
aligned_vs_axis_blind,CBraMod,faced,patch,3407,interaction_aligned,axis_blind,balanced_accuracy,0.39492753623188404,0.3913043478260869,0.0036231884057971175,1,0.02346494726559803,PAIR_ARTIFACT_UNVERIFIED,True,False,full configuration-level nuisance matching not yet manually confirmed,faced_evalmode_frozen_patch_s3407_lr5e-4_20260804,faced_evalmode_frozen_axis_blind_s3407_20260804,
aligned_vs_axis_blind,CBraMod,faced,patch,3407,interaction_aligned,axis_blind,cohen_kappa,0.3175710863451724,0.31424045356011343,0.0033306327850589623,1,0.02346494726559803,PAIR_ARTIFACT_UNVERIFIED,True,False,full configuration-level nuisance matching not yet manually confirmed,faced_evalmode_frozen_patch_s3407_lr5e-4_20260804,faced_evalmode_frozen_axis_blind_s3407_20260804,
aligned_vs_axis_blind,CBraMod,faced,patch,3407,interaction_aligned,axis_blind,macro_f1,0.394399891034501,0.38906197842338075,0.005337912611120266,1,0.02346494726559803,PAIR_ARTIFACT_UNVERIFIED,True,False,full configuration-level nuisance matching not yet manually confirmed,faced_evalmode_frozen_patch_s3407_lr5e-4_20260804,faced_evalmode_frozen_axis_blind_s3407_20260804,
aligned_vs_axis_blind,CBraMod,faced,patch,3407,interaction_aligned,axis_blind,weighted_f1,0.39344903177876545,0.38850024109873615,0.004948790680029291,1,0.02346494726559803,PAIR_ARTIFACT_UNVERIFIED,True,False,full configuration-level nuisance matching not yet manually confirmed,faced_evalmode_frozen_patch_s3407_lr5e-4_20260804,faced_evalmode_frozen_axis_blind_s3407_20260804,
aligned_vs_axis_blind,CBraMod,faced,channel_patch,3407,interaction_aligned,axis_blind,balanced_accuracy,0.39023081052066555,0.3913043478260869,-0.0010735373054213682,0,0.0002638872453237039,PAIR_ARTIFACT_UNVERIFIED,True,False,full configuration-level nuisance matching not yet manually confirmed,faced_evalmode_frozen_channel_patch_s3407_lr5e-4_20260804,faced_evalmode_frozen_axis_blind_s3407_20260804,
aligned_vs_axis_blind,CBraMod,faced,channel_patch,3407,interaction_aligned,axis_blind,cohen_kappa,0.31227865505603936,0.31424045356011343,-0.001961798504074075,0,0.0002638872453237039,PAIR_ARTIFACT_UNVERIFIED,True,False,full configuration-level nuisance matching not yet manually confirmed,faced_evalmode_frozen_channel_patch_s3407_lr5e-4_20260804,faced_evalmode_frozen_axis_blind_s3407_20260804,
aligned_vs_axis_blind,CBraMod,faced,channel_patch,3407,interaction_aligned,axis_blind,macro_f1,0.389112028967704,0.38906197842338075,5.0050544323276824e-05,1,0.0002638872453237039,PAIR_ARTIFACT_UNVERIFIED,True,False,full configuration-level nuisance matching not yet manually confirmed,faced_evalmode_frozen_channel_patch_s3407_lr5e-4_20260804,faced_evalmode_frozen_axis_blind_s3407_20260804,
aligned_vs_axis_blind,CBraMod,faced,channel_patch,3407,interaction_aligned,axis_blind,weighted_f1,0.3881569328609679,0.38850024109873615,-0.00034330823776823616,0,0.0002638872453237039,PAIR_ARTIFACT_UNVERIFIED,True,False,full configuration-level nuisance matching not yet manually confirmed,faced_evalmode_frozen_channel_patch_s3407_lr5e-4_20260804,faced_evalmode_frozen_axis_blind_s3407_20260804,
aligned_vs_axis_blind,CBraMod,isruc,channel,42,interaction_aligned,axis_blind,balanced_accuracy,0.7433502181558147,0.7546861099347553,-0.011335891778940566,0,0.13924991488589167,PAIR_ARTIFACT_UNVERIFIED,True,False,full configuration-level nuisance matching not yet manually confirmed,isruc_cbramod_frozen_channel_s42_lr2e-4_b8_e20,isruc_cbramod_axisblind_s42_lr2e-4_b8_e20,
aligned_vs_axis_blind,CBraMod,isruc,channel,42,interaction_aligned,axis_blind,cohen_kappa,0.6930913158934278,0.7135281478522446,-0.020436831958816848,0,0.13924991488589167,PAIR_ARTIFACT_UNVERIFIED,True,False,full configuration-level nuisance matching not yet manually confirmed,isruc_cbramod_frozen_channel_s42_lr2e-4_b8_e20,isruc_cbramod_axisblind_s42_lr2e-4_b8_e20,
aligned_vs_axis_blind,CBraMod,isruc,channel,42,interaction_aligned,axis_blind,macro_f1,0.7248673706374896,0.750640002005781,-0.025772631368291332,0,0.13924991488589167,PAIR_ARTIFACT_UNVERIFIED,True,False,full configuration-level nuisance matching not yet manually confirmed,isruc_cbramod_frozen_channel_s42_lr2e-4_b8_e20,isruc_cbramod_axisblind_s42_lr2e-4_b8_e20,
aligned_vs_axis_blind,CBraMod,isruc,channel,42,interaction_aligned,axis_blind,weighted_f1,0.7527917529488668,0.7764788577739145,-0.023687104825047656,0,0.13924991488589167,PAIR_ARTIFACT_UNVERIFIED,True,False,full configuration-level nuisance matching not yet manually confirmed,isruc_cbramod_frozen_channel_s42_lr2e-4_b8_e20,isruc_cbramod_axisblind_s42_lr2e-4_b8_e20,
aligned_vs_axis_blind,CBraMod,isruc,patch,42,interaction_aligned,axis_blind,balanced_accuracy,0.7428491008591609,0.7546861099347553,-0.011837009075594374,0,0.13924991488589167,PAIR_ARTIFACT_UNVERIFIED,True,False,full configuration-level nuisance matching not yet manually confirmed,isruc_cbramod_frozen_patch_s42_lr2e-4_b8_e20,isruc_cbramod_axisblind_s42_lr2e-4_b8_e20,
aligned_vs_axis_blind,CBraMod,isruc,patch,42,interaction_aligned,axis_blind,cohen_kappa,0.693361020362675,0.7135281478522446,-0.020167127489569614,0,0.13924991488589167,PAIR_ARTIFACT_UNVERIFIED,True,False,full configuration-level nuisance matching not yet manually confirmed,isruc_cbramod_frozen_patch_s42_lr2e-4_b8_e20,isruc_cbramod_axisblind_s42_lr2e-4_b8_e20,
aligned_vs_axis_blind,CBraMod,isruc,patch,42,interaction_aligned,axis_blind,macro_f1,0.7241756357304281,0.750640002005781,-0.02646436627535287,0,0.13924991488589167,PAIR_ARTIFACT_UNVERIFIED,True,False,full configuration-level nuisance matching not yet manually confirmed,isruc_cbramod_frozen_patch_s42_lr2e-4_b8_e20,isruc_cbramod_axisblind_s42_lr2e-4_b8_e20,
aligned_vs_axis_blind,CBraMod,isruc,patch,42,interaction_aligned,axis_blind,weighted_f1,0.7542565916279415,0.7764788577739145,-0.022222266145973002,0,0.13924991488589167,PAIR_ARTIFACT_UNVERIFIED,True,False,full configuration-level nuisance matching not yet manually confirmed,isruc_cbramod_frozen_patch_s42_lr2e-4_b8_e20,isruc_cbramod_axisblind_s42_lr2e-4_b8_e20,
aligned_vs_axis_blind,CBraMod,isruc,channel_patch,42,interaction_aligned,axis_blind,balanced_accuracy,0.7541019622189131,0.7546861099347553,-0.0005841477158421426,0,0.0015660072036331367,PAIR_ARTIFACT_UNVERIFIED,True,False,full configuration-level nuisance matching not yet manually confirmed,isruc_cbramod_frozen_channel_patch_s42_lr2e-4_b8_e20,isruc_cbramod_axisblind_s42_lr2e-4_b8_e20,
aligned_vs_axis_blind,CBraMod,isruc,channel_patch,42,interaction_aligned,axis_blind,cohen_kappa,0.7119569714407924,0.7135281478522446,-0.001571176411452213,0,0.0015660072036331367,PAIR_ARTIFACT_UNVERIFIED,True,False,full configuration-level nuisance matching not yet manually confirmed,isruc_cbramod_frozen_channel_patch_s42_lr2e-4_b8_e20,isruc_cbramod_axisblind_s42_lr2e-4_b8_e20,
aligned_vs_axis_blind,CBraMod,isruc,channel_patch,42,interaction_aligned,axis_blind,macro_f1,0.7471509189075352,0.750640002005781,-0.0034890830982458043,0,0.0015660072036331367,PAIR_ARTIFACT_UNVERIFIED,True,False,full configuration-level nuisance matching not yet manually confirmed,isruc_cbramod_frozen_channel_patch_s42_lr2e-4_b8_e20,isruc_cbramod_axisblind_s42_lr2e-4_b8_e20,
aligned_vs_axis_blind,CBraMod,isruc,channel_patch,42,interaction_aligned,axis_blind,weighted_f1,0.7732663754247068,0.7764788577739145,-0.0032124823492076793,0,0.0015660072036331367,PAIR_ARTIFACT_UNVERIFIED,True,False,full configuration-level nuisance matching not yet manually confirmed,isruc_cbramod_frozen_channel_patch_s42_lr2e-4_b8_e20,isruc_cbramod_axisblind_s42_lr2e-4_b8_e20,
aligned_vs_axis_blind,CBraMod,isruc,channel,3407,interaction_aligned,axis_blind,balanced_accuracy,0.7507157513471675,0.744904249206741,0.005811502140426472,1,0.22631806761178358,PAIR_ARTIFACT_UNVERIFIED,True,False,full configuration-level nuisance matching not yet manually confirmed,isruc_cbramod_alpha0_frozen_channel_r32_s3407,isruc_cbramod_alpha0_axisblind_s3407,
aligned_vs_axis_blind,CBraMod,isruc,channel,3407,interaction_aligned,axis_blind,cohen_kappa,0.7104063642919359,0.6983302246477419,0.012076139644194073,1,0.22631806761178358,PAIR_ARTIFACT_UNVERIFIED,True,False,full configuration-level nuisance matching not yet manually confirmed,isruc_cbramod_alpha0_frozen_channel_r32_s3407,isruc_cbramod_alpha0_axisblind_s3407,
aligned_vs_axis_blind,CBraMod,isruc,channel,3407,interaction_aligned,axis_blind,macro_f1,0.746691753647598,0.7430382233768631,0.003653530270734895,1,0.22631806761178358,PAIR_ARTIFACT_UNVERIFIED,True,False,full configuration-level nuisance matching not yet manually confirmed,isruc_cbramod_alpha0_frozen_channel_r32_s3407,isruc_cbramod_alpha0_axisblind_s3407,
aligned_vs_axis_blind,CBraMod,isruc,channel,3407,interaction_aligned,axis_blind,weighted_f1,0.7727219306643444,0.7667343927634974,0.00598753790084694,1,0.22631806761178358,PAIR_ARTIFACT_UNVERIFIED,True,False,full configuration-level nuisance matching not yet manually confirmed,isruc_cbramod_alpha0_frozen_channel_r32_s3407,isruc_cbramod_alpha0_axisblind_s3407,
aligned_vs_axis_blind,CBraMod,isruc,channel,1024,interaction_aligned,axis_blind,balanced_accuracy,0.7501866977937308,0.7602972545775273,-0.010110556783796465,0,0.22631806761178358,PAIR_ARTIFACT_UNVERIFIED,True,False,full configuration-level nuisance matching not yet manually confirmed,isruc_cbramod_alpha0_frozen_channel_r32_s1024,isruc_cbramod_alpha0_axisblind_s1024,
aligned_vs_axis_blind,CBraMod,isruc,channel,1024,interaction_aligned,axis_blind,cohen_kappa,0.698797224924274,0.7193175444221973,-0.020520319497923323,0,0.22631806761178358,PAIR_ARTIFACT_UNVERIFIED,True,False,full configuration-level nuisance matching not yet manually confirmed,isruc_cbramod_alpha0_frozen_channel_r32_s1024,isruc_cbramod_alpha0_axisblind_s1024,
aligned_vs_axis_blind,CBraMod,isruc,channel,1024,interaction_aligned,axis_blind,macro_f1,0.7413308935511482,0.7600400933507746,-0.018709199799626375,0,0.22631806761178358,PAIR_ARTIFACT_UNVERIFIED,True,False,full configuration-level nuisance matching not yet manually confirmed,isruc_cbramod_alpha0_frozen_channel_r32_s1024,isruc_cbramod_alpha0_axisblind_s1024,
aligned_vs_axis_blind,CBraMod,isruc,channel,1024,interaction_aligned,axis_blind,weighted_f1,0.7635002213767207,0.7830423822479932,-0.019542160871272474,0,0.22631806761178358,PAIR_ARTIFACT_UNVERIFIED,True,False,full configuration-level nuisance matching not yet manually confirmed,isruc_cbramod_alpha0_frozen_channel_r32_s1024,isruc_cbramod_alpha0_axisblind_s1024,
aligned_vs_axis_blind,CBraMod,isruc,patch,3407,interaction_aligned,axis_blind,balanced_accuracy,0.751728362361652,0.744904249206741,0.006824113154910938,1,0.22631806761178358,PAIR_ARTIFACT_UNVERIFIED,True,False,full configuration-level nuisance matching not yet manually confirmed,isruc_cbramod_alpha0_frozen_patch_r32_s3407,isruc_cbramod_alpha0_axisblind_s3407,
aligned_vs_axis_blind,CBraMod,isruc,patch,3407,interaction_aligned,axis_blind,cohen_kappa,0.7081978366685706,0.6983302246477419,0.009867612020828753,1,0.22631806761178358,PAIR_ARTIFACT_UNVERIFIED,True,False,full configuration-level nuisance matching not yet manually confirmed,isruc_cbramod_alpha0_frozen_patch_r32_s3407,isruc_cbramod_alpha0_axisblind_s3407,
aligned_vs_axis_blind,CBraMod,isruc,patch,3407,interaction_aligned,axis_blind,macro_f1,0.7501864111008701,0.7430382233768631,0.007148187724007049,1,0.22631806761178358,PAIR_ARTIFACT_UNVERIFIED,True,False,full configuration-level nuisance matching not yet manually confirmed,isruc_cbramod_alpha0_frozen_patch_r32_s3407,isruc_cbramod_alpha0_axisblind_s3407,
aligned_vs_axis_blind,CBraMod,isruc,patch,3407,interaction_aligned,axis_blind,weighted_f1,0.7719204480684727,0.7667343927634974,0.00518605530497529,1,0.22631806761178358,PAIR_ARTIFACT_UNVERIFIED,True,False,full configuration-level nuisance matching not yet manually confirmed,isruc_cbramod_alpha0_frozen_patch_r32_s3407,isruc_cbramod_alpha0_axisblind_s3407,
aligned_vs_axis_blind,CBraMod,isruc,patch,1024,interaction_aligned,axis_blind,balanced_accuracy,0.7506977400259212,0.7602972545775273,-0.009599514551606125,0,0.22631806761178358,PAIR_ARTIFACT_UNVERIFIED,True,False,full configuration-level nuisance matching not yet manually confirmed,isruc_cbramod_alpha0_frozen_patch_r32_s1024,isruc_cbramod_alpha0_axisblind_s1024,
aligned_vs_axis_blind,CBraMod,isruc,patch,1024,interaction_aligned,axis_blind,cohen_kappa,0.7084492340465698,0.7193175444221973,-0.010868310375627521,0,0.22631806761178358,PAIR_ARTIFACT_UNVERIFIED,True,False,full configuration-level nuisance matching not yet manually confirmed,isruc_cbramod_alpha0_frozen_patch_r32_s1024,isruc_cbramod_alpha0_axisblind_s1024,
aligned_vs_axis_blind,CBraMod,isruc,patch,1024,interaction_aligned,axis_blind,macro_f1,0.7501811391137457,0.7600400933507746,-0.009858954237028872,0,0.22631806761178358,PAIR_ARTIFACT_UNVERIFIED,True,False,full configuration-level nuisance matching not yet manually confirmed,isruc_cbramod_alpha0_frozen_patch_r32_s1024,isruc_cbramod_alpha0_axisblind_s1024,
aligned_vs_axis_blind,CBraMod,isruc,patch,1024,interaction_aligned,axis_blind,weighted_f1,0.7740439924086199,0.7830423822479932,-0.008998389839373289,0,0.22631806761178358,PAIR_ARTIFACT_UNVERIFIED,True,False,full configuration-level nuisance matching not yet manually confirmed,isruc_cbramod_alpha0_frozen_patch_r32_s1024,isruc_cbramod_alpha0_axisblind_s1024,
aligned_vs_axis_blind,CBraMod,isruc,channel_patch,3407,interaction_aligned,axis_blind,balanced_accuracy,0.7582700564676808,0.744904249206741,0.013365807260939722,1,0.17570231265541697,PAIR_ARTIFACT_UNVERIFIED,True,False,full configuration-level nuisance matching not yet manually confirmed,isruc_cbramod_alpha0_frozen_channel_patch_r32_s3407,isruc_cbramod_alpha0_axisblind_s3407,
aligned_vs_axis_blind,CBraMod,isruc,channel_patch,3407,interaction_aligned,axis_blind,cohen_kappa,0.7177018636118719,0.6983302246477419,0.019371638964130078,1,0.17570231265541697,PAIR_ARTIFACT_UNVERIFIED,True,False,full configuration-level nuisance matching not yet manually confirmed,isruc_cbramod_alpha0_frozen_channel_patch_r32_s3407,isruc_cbramod_alpha0_axisblind_s3407,
aligned_vs_axis_blind,CBraMod,isruc,channel_patch,3407,interaction_aligned,axis_blind,macro_f1,0.7560127141520887,0.7430382233768631,0.012974490775225611,1,0.17570231265541697,PAIR_ARTIFACT_UNVERIFIED,True,False,full configuration-level nuisance matching not yet manually confirmed,isruc_cbramod_alpha0_frozen_channel_patch_r32_s3407,isruc_cbramod_alpha0_axisblind_s3407,
aligned_vs_axis_blind,CBraMod,isruc,channel_patch,3407,interaction_aligned,axis_blind,weighted_f1,0.779714160419938,0.7667343927634974,0.0129797676564406,1,0.17570231265541697,PAIR_ARTIFACT_UNVERIFIED,True,False,full configuration-level nuisance matching not yet manually confirmed,isruc_cbramod_alpha0_frozen_channel_patch_r32_s3407,isruc_cbramod_alpha0_axisblind_s3407,
aligned_vs_axis_blind,CBraMod,isruc,channel_patch,1024,interaction_aligned,axis_blind,balanced_accuracy,0.7467958307219527,0.7602972545775273,-0.013501423855574624,0,0.17570231265541697,PAIR_ARTIFACT_UNVERIFIED,True,False,full configuration-level nuisance matching not yet manually confirmed,isruc_cbramod_alpha0_frozen_channel_patch_r32_s1024,isruc_cbramod_alpha0_axisblind_s1024,
aligned_vs_axis_blind,CBraMod,isruc,channel_patch,1024,interaction_aligned,axis_blind,cohen_kappa,0.7140817188339508,0.7193175444221973,-0.005235825588246534,0,0.17570231265541697,PAIR_ARTIFACT_UNVERIFIED,True,False,full configuration-level nuisance matching not yet manually confirmed,isruc_cbramod_alpha0_frozen_channel_patch_r32_s1024,isruc_cbramod_alpha0_axisblind_s1024,
aligned_vs_axis_blind,CBraMod,isruc,channel_patch,1024,interaction_aligned,axis_blind,macro_f1,0.7421781037924606,0.7600400933507746,-0.017861989558313973,0,0.17570231265541697,PAIR_ARTIFACT_UNVERIFIED,True,False,full configuration-level nuisance matching not yet manually confirmed,isruc_cbramod_alpha0_frozen_channel_patch_r32_s1024,isruc_cbramod_alpha0_axisblind_s1024,
aligned_vs_axis_blind,CBraMod,isruc,channel_patch,1024,interaction_aligned,axis_blind,weighted_f1,0.7727081374220769,0.7830423822479932,-0.010334244825916272,0,0.17570231265541697,PAIR_ARTIFACT_UNVERIFIED,True,False,full configuration-level nuisance matching not yet manually confirmed,isruc_cbramod_alpha0_frozen_channel_patch_r32_s1024,isruc_cbramod_alpha0_axisblind_s1024,
aligned_vs_axis_blind,CBraMod,physionet_mi,channel,42,interaction_aligned,axis_blind,balanced_accuracy,0.5392313995057074,0.537081780499967,0.0021496190057403997,1,0.07319746684897072,PAIR_ARTIFACT_UNVERIFIED,True,False,full configuration-level nuisance matching not yet manually confirmed,physionet_mi_cbramod_frozen_channel_r64_s42_lr2e-4_b64_e40,physionet_mi_cbramod_frozen_axisblind_s42_lr2e-4_b64_e40,
aligned_vs_axis_blind,CBraMod,physionet_mi,channel,42,interaction_aligned,axis_blind,cohen_kappa,0.38554458482747767,0.3826342627619592,0.0029103220655184447,1,0.07319746684897072,PAIR_ARTIFACT_UNVERIFIED,True,False,full configuration-level nuisance matching not yet manually confirmed,physionet_mi_cbramod_frozen_channel_r64_s42_lr2e-4_b64_e40,physionet_mi_cbramod_frozen_axisblind_s42_lr2e-4_b64_e40,
aligned_vs_axis_blind,CBraMod,physionet_mi,channel,42,interaction_aligned,axis_blind,macro_f1,0.541705919662576,0.5369314232370992,0.004774496425476782,1,0.07319746684897072,PAIR_ARTIFACT_UNVERIFIED,True,False,full configuration-level nuisance matching not yet manually confirmed,physionet_mi_cbramod_frozen_channel_r64_s42_lr2e-4_b64_e40,physionet_mi_cbramod_frozen_axisblind_s42_lr2e-4_b64_e40,
aligned_vs_axis_blind,CBraMod,physionet_mi,channel,42,interaction_aligned,axis_blind,weighted_f1,0.5416744180025194,0.5368961444635937,0.004778273538925681,1,0.07319746684897072,PAIR_ARTIFACT_UNVERIFIED,True,False,full configuration-level nuisance matching not yet manually confirmed,physionet_mi_cbramod_frozen_channel_r64_s42_lr2e-4_b64_e40,physionet_mi_cbramod_frozen_axisblind_s42_lr2e-4_b64_e40,
aligned_vs_axis_blind,CBraMod,physionet_mi,patch,42,interaction_aligned,axis_blind,balanced_accuracy,0.5231767658035582,0.537081780499967,-0.013905014696408813,0,0.07319746684897072,PAIR_ARTIFACT_UNVERIFIED,True,False,full configuration-level nuisance matching not yet manually confirmed,physionet_mi_cbramod_frozen_patch_r64_s42_lr2e-4_b64_e40,physionet_mi_cbramod_frozen_axisblind_s42_lr2e-4_b64_e40,
aligned_vs_axis_blind,CBraMod,physionet_mi,patch,42,interaction_aligned,axis_blind,cohen_kappa,0.36413487436724334,0.3826342627619592,-0.018499388394715877,0,0.07319746684897072,PAIR_ARTIFACT_UNVERIFIED,True,False,full configuration-level nuisance matching not yet manually confirmed,physionet_mi_cbramod_frozen_patch_r64_s42_lr2e-4_b64_e40,physionet_mi_cbramod_frozen_axisblind_s42_lr2e-4_b64_e40,
aligned_vs_axis_blind,CBraMod,physionet_mi,patch,42,interaction_aligned,axis_blind,macro_f1,0.5234802564982007,0.5369314232370992,-0.013451166738898457,0,0.07319746684897072,PAIR_ARTIFACT_UNVERIFIED,True,False,full configuration-level nuisance matching not yet manually confirmed,physionet_mi_cbramod_frozen_patch_r64_s42_lr2e-4_b64_e40,physionet_mi_cbramod_frozen_axisblind_s42_lr2e-4_b64_e40,
aligned_vs_axis_blind,CBraMod,physionet_mi,patch,42,interaction_aligned,axis_blind,weighted_f1,0.5234426855190963,0.5368961444635937,-0.013453458944497343,0,0.07319746684897072,PAIR_ARTIFACT_UNVERIFIED,True,False,full configuration-level nuisance matching not yet manually confirmed,physionet_mi_cbramod_frozen_patch_r64_s42_lr2e-4_b64_e40,physionet_mi_cbramod_frozen_axisblind_s42_lr2e-4_b64_e40,
aligned_vs_axis_blind,CBraMod,physionet_mi,channel_patch,42,interaction_aligned,axis_blind,balanced_accuracy,0.5563284808016258,0.537081780499967,0.01924670030165876,1,0.0008231801108612351,PAIR_ARTIFACT_UNVERIFIED,True,False,full configuration-level nuisance matching not yet manually confirmed,physionet_mi_cbramod_frozen_channel_patch_r64_s42_lr2e-4_b64_e40,physionet_mi_cbramod_frozen_axisblind_s42_lr2e-4_b64_e40,
aligned_vs_axis_blind,CBraMod,physionet_mi,channel_patch,42,interaction_aligned,axis_blind,cohen_kappa,0.4084043980851071,0.3826342627619592,0.02577013532314787,1,0.0008231801108612351,PAIR_ARTIFACT_UNVERIFIED,True,False,full configuration-level nuisance matching not yet manually confirmed,physionet_mi_cbramod_frozen_channel_patch_r64_s42_lr2e-4_b64_e40,physionet_mi_cbramod_frozen_axisblind_s42_lr2e-4_b64_e40,
aligned_vs_axis_blind,CBraMod,physionet_mi,channel_patch,42,interaction_aligned,axis_blind,macro_f1,0.5589373627887834,0.5369314232370992,0.022005939551684173,1,0.0008231801108612351,PAIR_ARTIFACT_UNVERIFIED,True,False,full configuration-level nuisance matching not yet manually confirmed,physionet_mi_cbramod_frozen_channel_patch_r64_s42_lr2e-4_b64_e40,physionet_mi_cbramod_frozen_axisblind_s42_lr2e-4_b64_e40,
aligned_vs_axis_blind,CBraMod,physionet_mi,channel_patch,42,interaction_aligned,axis_blind,weighted_f1,0.5589193862134213,0.5368961444635937,0.022023241749827616,1,0.0008231801108612351,PAIR_ARTIFACT_UNVERIFIED,True,False,full configuration-level nuisance matching not yet manually confirmed,physionet_mi_cbramod_frozen_channel_patch_r64_s42_lr2e-4_b64_e40,physionet_mi_cbramod_frozen_axisblind_s42_lr2e-4_b64_e40,
aligned_vs_axis_blind,CBraMod,physionet_mi,channel,1024,interaction_aligned,axis_blind,balanced_accuracy,0.5552695052871399,0.536947764649069,0.018321740638070905,1,0.07319746684897072,PAIR_ARTIFACT_UNVERIFIED,True,False,full configuration-level nuisance matching not yet manually confirmed,physionet_mi_cbramod_frozen_channel_s1024_r64_lr2e-4_b64_e40,physionet_mi_cbramod_frozen_axisblind_s1024_r148_lr2e-4_b64_e40,
aligned_vs_axis_blind,CBraMod,physionet_mi,channel,1024,interaction_aligned,axis_blind,cohen_kappa,0.40693927386864703,0.3825408309155919,0.024398442953055155,1,0.07319746684897072,PAIR_ARTIFACT_UNVERIFIED,True,False,full configuration-level nuisance matching not yet manually confirmed,physionet_mi_cbramod_frozen_channel_s1024_r64_lr2e-4_b64_e40,physionet_mi_cbramod_frozen_axisblind_s1024_r148_lr2e-4_b64_e40,
aligned_vs_axis_blind,CBraMod,physionet_mi,channel,1024,interaction_aligned,axis_blind,macro_f1,0.5545717673204273,0.5405298416645647,0.014041925655862597,1,0.07319746684897072,PAIR_ARTIFACT_UNVERIFIED,True,False,full configuration-level nuisance matching not yet manually confirmed,physionet_mi_cbramod_frozen_channel_s1024_r64_lr2e-4_b64_e40,physionet_mi_cbramod_frozen_axisblind_s1024_r148_lr2e-4_b64_e40,
aligned_vs_axis_blind,CBraMod,physionet_mi,channel,1024,interaction_aligned,axis_blind,weighted_f1,0.5545100653436812,0.5405025521387802,0.014007513204901012,1,0.07319746684897072,PAIR_ARTIFACT_UNVERIFIED,True,False,full configuration-level nuisance matching not yet manually confirmed,physionet_mi_cbramod_frozen_channel_s1024_r64_lr2e-4_b64_e40,physionet_mi_cbramod_frozen_axisblind_s1024_r148_lr2e-4_b64_e40,
aligned_vs_axis_blind,CBraMod,physionet_mi,channel,3407,interaction_aligned,axis_blind,balanced_accuracy,0.5402712924306594,0.5440961577473573,-0.0038248653166979008,0,0.07319746684897072,PAIR_ARTIFACT_UNVERIFIED,True,False,full configuration-level nuisance matching not yet manually confirmed,physionet_mi_cbramod_frozen_channel_s3407_r64_lr2e-4_b64_e40,physionet_mi_cbramod_frozen_axisblind_s3407_r148_lr2e-4_b64_e40,
aligned_vs_axis_blind,CBraMod,physionet_mi,channel,3407,interaction_aligned,axis_blind,cohen_kappa,0.386977160424965,0.392116570607315,-0.005139410182349979,0,0.07319746684897072,PAIR_ARTIFACT_UNVERIFIED,True,False,full configuration-level nuisance matching not yet manually confirmed,physionet_mi_cbramod_frozen_channel_s3407_r64_lr2e-4_b64_e40,physionet_mi_cbramod_frozen_axisblind_s3407_r148_lr2e-4_b64_e40,
aligned_vs_axis_blind,CBraMod,physionet_mi,channel,3407,interaction_aligned,axis_blind,macro_f1,0.5432412332908125,0.5496647353599788,-0.006423502069166309,0,0.07319746684897072,PAIR_ARTIFACT_UNVERIFIED,True,False,full configuration-level nuisance matching not yet manually confirmed,physionet_mi_cbramod_frozen_channel_s3407_r64_lr2e-4_b64_e40,physionet_mi_cbramod_frozen_axisblind_s3407_r148_lr2e-4_b64_e40,
aligned_vs_axis_blind,CBraMod,physionet_mi,channel,3407,interaction_aligned,axis_blind,weighted_f1,0.5432178800623216,0.5496464634870936,-0.006428583424771928,0,0.07319746684897072,PAIR_ARTIFACT_UNVERIFIED,True,False,full configuration-level nuisance matching not yet manually confirmed,physionet_mi_cbramod_frozen_channel_s3407_r64_lr2e-4_b64_e40,physionet_mi_cbramod_frozen_axisblind_s3407_r148_lr2e-4_b64_e40,
aligned_vs_axis_blind,CBraMod,physionet_mi,patch,1024,interaction_aligned,axis_blind,balanced_accuracy,0.5608115976270177,0.536947764649069,0.023863832977948696,1,0.07319746684897072,PAIR_ARTIFACT_UNVERIFIED,True,False,full configuration-level nuisance matching not yet manually confirmed,physionet_mi_cbramod_frozen_patch_s1024_r64_lr2e-4_b64_e40,physionet_mi_cbramod_frozen_axisblind_s1024_r148_lr2e-4_b64_e40,
aligned_vs_axis_blind,CBraMod,physionet_mi,patch,1024,interaction_aligned,axis_blind,cohen_kappa,0.4143340460149233,0.3825408309155919,0.03179321509933142,1,0.07319746684897072,PAIR_ARTIFACT_UNVERIFIED,True,False,full configuration-level nuisance matching not yet manually confirmed,physionet_mi_cbramod_frozen_patch_s1024_r64_lr2e-4_b64_e40,physionet_mi_cbramod_frozen_axisblind_s1024_r148_lr2e-4_b64_e40,
aligned_vs_axis_blind,CBraMod,physionet_mi,patch,1024,interaction_aligned,axis_blind,macro_f1,0.5611777050507358,0.5405298416645647,0.020647863386171084,1,0.07319746684897072,PAIR_ARTIFACT_UNVERIFIED,True,False,full configuration-level nuisance matching not yet manually confirmed,physionet_mi_cbramod_frozen_patch_s1024_r64_lr2e-4_b64_e40,physionet_mi_cbramod_frozen_axisblind_s1024_r148_lr2e-4_b64_e40,
aligned_vs_axis_blind,CBraMod,physionet_mi,patch,1024,interaction_aligned,axis_blind,weighted_f1,0.5611219910180419,0.5405025521387802,0.020619438879261764,1,0.07319746684897072,PAIR_ARTIFACT_UNVERIFIED,True,False,full configuration-level nuisance matching not yet manually confirmed,physionet_mi_cbramod_frozen_patch_s1024_r64_lr2e-4_b64_e40,physionet_mi_cbramod_frozen_axisblind_s1024_r148_lr2e-4_b64_e40,
aligned_vs_axis_blind,CBraMod,physionet_mi,patch,3407,interaction_aligned,axis_blind,balanced_accuracy,0.5418406821700308,0.5440961577473573,-0.0022554755773265267,0,0.07319746684897072,PAIR_ARTIFACT_UNVERIFIED,True,False,full configuration-level nuisance matching not yet manually confirmed,physionet_mi_cbramod_frozen_patch_s3407_r64_lr2e-4_b64_e40,physionet_mi_cbramod_frozen_axisblind_s3407_r148_lr2e-4_b64_e40,
aligned_vs_axis_blind,CBraMod,physionet_mi,patch,3407,interaction_aligned,axis_blind,cohen_kappa,0.38913695298175965,0.392116570607315,-0.0029796176255553197,0,0.07319746684897072,PAIR_ARTIFACT_UNVERIFIED,True,False,full configuration-level nuisance matching not yet manually confirmed,physionet_mi_cbramod_frozen_patch_s3407_r64_lr2e-4_b64_e40,physionet_mi_cbramod_frozen_axisblind_s3407_r148_lr2e-4_b64_e40,
aligned_vs_axis_blind,CBraMod,physionet_mi,patch,3407,interaction_aligned,axis_blind,macro_f1,0.5402862138389434,0.5496647353599788,-0.009378521521035466,0,0.07319746684897072,PAIR_ARTIFACT_UNVERIFIED,True,False,full configuration-level nuisance matching not yet manually confirmed,physionet_mi_cbramod_frozen_patch_s3407_r64_lr2e-4_b64_e40,physionet_mi_cbramod_frozen_axisblind_s3407_r148_lr2e-4_b64_e40,
aligned_vs_axis_blind,CBraMod,physionet_mi,patch,3407,interaction_aligned,axis_blind,weighted_f1,0.5402832158154107,0.5496464634870936,-0.00936324767168284,0,0.07319746684897072,PAIR_ARTIFACT_UNVERIFIED,True,False,full configuration-level nuisance matching not yet manually confirmed,physionet_mi_cbramod_frozen_patch_s3407_r64_lr2e-4_b64_e40,physionet_mi_cbramod_frozen_axisblind_s3407_r148_lr2e-4_b64_e40,
aligned_vs_axis_blind,CBraMod,physionet_mi,channel_patch,1024,interaction_aligned,axis_blind,balanced_accuracy,0.5447280280358292,0.536947764649069,0.007780263386760189,1,0.09235886583069934,PAIR_ARTIFACT_UNVERIFIED,True,False,full configuration-level nuisance matching not yet manually confirmed,physionet_mi_cbramod_frozen_channel_patch_s1024_r32_lr2e-4_b64_e40,physionet_mi_cbramod_frozen_axisblind_s1024_r148_lr2e-4_b64_e40,
aligned_vs_axis_blind,CBraMod,physionet_mi,channel_patch,1024,interaction_aligned,axis_blind,cohen_kappa,0.39289244375614696,0.3825408309155919,0.01035161284055508,1,0.09235886583069934,PAIR_ARTIFACT_UNVERIFIED,True,False,full configuration-level nuisance matching not yet manually confirmed,physionet_mi_cbramod_frozen_channel_patch_s1024_r32_lr2e-4_b64_e40,physionet_mi_cbramod_frozen_axisblind_s1024_r148_lr2e-4_b64_e40,
aligned_vs_axis_blind,CBraMod,physionet_mi,channel_patch,1024,interaction_aligned,axis_blind,macro_f1,0.5474045257062004,0.5405298416645647,0.006874684041635604,1,0.09235886583069934,PAIR_ARTIFACT_UNVERIFIED,True,False,full configuration-level nuisance matching not yet manually confirmed,physionet_mi_cbramod_frozen_channel_patch_s1024_r32_lr2e-4_b64_e40,physionet_mi_cbramod_frozen_axisblind_s1024_r148_lr2e-4_b64_e40,
aligned_vs_axis_blind,CBraMod,physionet_mi,channel_patch,1024,interaction_aligned,axis_blind,weighted_f1,0.5473611345361193,0.5405025521387802,0.0068585823973391635,1,0.09235886583069934,PAIR_ARTIFACT_UNVERIFIED,True,False,full configuration-level nuisance matching not yet manually confirmed,physionet_mi_cbramod_frozen_channel_patch_s1024_r32_lr2e-4_b64_e40,physionet_mi_cbramod_frozen_axisblind_s1024_r148_lr2e-4_b64_e40,
aligned_vs_axis_blind,CBraMod,physionet_mi,channel_patch,3407,interaction_aligned,axis_blind,balanced_accuracy,0.5385787626651348,0.5440961577473573,-0.005517395082222487,0,0.09235886583069934,PAIR_ARTIFACT_UNVERIFIED,True,False,full configuration-level nuisance matching not yet manually confirmed,physionet_mi_cbramod_frozen_channel_patch_s3407_r32_lr2e-4_b64_e40,physionet_mi_cbramod_frozen_axisblind_s3407_r148_lr2e-4_b64_e40,
aligned_vs_axis_blind,CBraMod,physionet_mi,channel_patch,3407,interaction_aligned,axis_blind,cohen_kappa,0.3847423404298079,0.392116570607315,-0.007374230177507046,0,0.09235886583069934,PAIR_ARTIFACT_UNVERIFIED,True,False,full configuration-level nuisance matching not yet manually confirmed,physionet_mi_cbramod_frozen_channel_patch_s3407_r32_lr2e-4_b64_e40,physionet_mi_cbramod_frozen_axisblind_s3407_r148_lr2e-4_b64_e40,
aligned_vs_axis_blind,CBraMod,physionet_mi,channel_patch,3407,interaction_aligned,axis_blind,macro_f1,0.5408047389865864,0.5496647353599788,-0.00885999637339241,0,0.09235886583069934,PAIR_ARTIFACT_UNVERIFIED,True,False,full configuration-level nuisance matching not yet manually confirmed,physionet_mi_cbramod_frozen_channel_patch_s3407_r32_lr2e-4_b64_e40,physionet_mi_cbramod_frozen_axisblind_s3407_r148_lr2e-4_b64_e40,
aligned_vs_axis_blind,CBraMod,physionet_mi,channel_patch,3407,interaction_aligned,axis_blind,weighted_f1,0.5407886462338123,0.5496464634870936,-0.008857817253281275,0,0.09235886583069934,PAIR_ARTIFACT_UNVERIFIED,True,False,full configuration-level nuisance matching not yet manually confirmed,physionet_mi_cbramod_frozen_channel_patch_s3407_r32_lr2e-4_b64_e40,physionet_mi_cbramod_frozen_axisblind_s3407_r148_lr2e-4_b64_e40,
aligned_vs_axis_blind,CBraMod,seedv,channel,42,interaction_aligned,axis_blind,balanced_accuracy,0.288196999934955,0.2947997448294509,-0.0066027448944959155,0,0.2972208314098052,PAIR_ARTIFACT_UNVERIFIED,True,False,full configuration-level nuisance matching not yet manually confirmed,seedv_evalmode_frozen_channel_s42_lr1e-5_20260804,seedv_evalmode_frozen_axis_blind_s42_20260804,within-subject protocol; patch axis is singleton/degenerate
aligned_vs_axis_blind,CBraMod,seedv,channel,42,interaction_aligned,axis_blind,cohen_kappa,0.108617838060861,0.11518687748745593,-0.006569039426594925,0,0.2972208314098052,PAIR_ARTIFACT_UNVERIFIED,True,False,full configuration-level nuisance matching not yet manually confirmed,seedv_evalmode_frozen_channel_s42_lr1e-5_20260804,seedv_evalmode_frozen_axis_blind_s42_20260804,within-subject protocol; patch axis is singleton/degenerate
aligned_vs_axis_blind,CBraMod,seedv,channel,42,interaction_aligned,axis_blind,macro_f1,0.28532104252684387,0.29005141124950845,-0.00473036872266458,0,0.2972208314098052,PAIR_ARTIFACT_UNVERIFIED,True,False,full configuration-level nuisance matching not yet manually confirmed,seedv_evalmode_frozen_channel_s42_lr1e-5_20260804,seedv_evalmode_frozen_axis_blind_s42_20260804,within-subject protocol; patch axis is singleton/degenerate
aligned_vs_axis_blind,CBraMod,seedv,channel,42,interaction_aligned,axis_blind,weighted_f1,0.29184776948437363,0.2946620884146674,-0.002814318930293769,0,0.2972208314098052,PAIR_ARTIFACT_UNVERIFIED,True,False,full configuration-level nuisance matching not yet manually confirmed,seedv_evalmode_frozen_channel_s42_lr1e-5_20260804,seedv_evalmode_frozen_axis_blind_s42_20260804,within-subject protocol; patch axis is singleton/degenerate
aligned_vs_axis_blind,CBraMod,seedv,patch,42,interaction_aligned,axis_blind,balanced_accuracy,0.2908788206898414,0.2947997448294509,-0.0039209241396095385,0,0.2972208314098052,PAIR_ARTIFACT_UNVERIFIED,True,False,full configuration-level nuisance matching not yet manually confirmed,seedv_evalmode_frozen_patch_singleton_s42_20260804,seedv_evalmode_frozen_axis_blind_s42_20260804,within-subject protocol; patch axis is singleton/degenerate
aligned_vs_axis_blind,CBraMod,seedv,patch,42,interaction_aligned,axis_blind,cohen_kappa,0.11009642225492222,0.11518687748745593,-0.005090455232533708,0,0.2972208314098052,PAIR_ARTIFACT_UNVERIFIED,True,False,full configuration-level nuisance matching not yet manually confirmed,seedv_evalmode_frozen_patch_singleton_s42_20260804,seedv_evalmode_frozen_axis_blind_s42_20260804,within-subject protocol; patch axis is singleton/degenerate
aligned_vs_axis_blind,CBraMod,seedv,patch,42,interaction_aligned,axis_blind,macro_f1,0.2838028999034868,0.29005141124950845,-0.006248511346021668,0,0.2972208314098052,PAIR_ARTIFACT_UNVERIFIED,True,False,full configuration-level nuisance matching not yet manually confirmed,seedv_evalmode_frozen_patch_singleton_s42_20260804,seedv_evalmode_frozen_axis_blind_s42_20260804,within-subject protocol; patch axis is singleton/degenerate
aligned_vs_axis_blind,CBraMod,seedv,patch,42,interaction_aligned,axis_blind,weighted_f1,0.28876392273775664,0.2946620884146674,-0.0058981656769107604,0,0.2972208314098052,PAIR_ARTIFACT_UNVERIFIED,True,False,full configuration-level nuisance matching not yet manually confirmed,seedv_evalmode_frozen_patch_singleton_s42_20260804,seedv_evalmode_frozen_axis_blind_s42_20260804,within-subject protocol; patch axis is singleton/degenerate
aligned_vs_axis_blind,CBraMod,seedv,channel,1024,interaction_aligned,axis_blind,balanced_accuracy,0.2911470986043746,0.2971407044569917,-0.005993605852617101,0,0.2972208314098052,PAIR_ARTIFACT_UNVERIFIED,True,False,full configuration-level nuisance matching not yet manually confirmed,seedv_evalmode_frozen_channel_s1024_lr1e-5_20260804,seedv_evalmode_frozen_axis_blind_s1024_20260804,within-subject protocol; patch axis is singleton/degenerate
aligned_vs_axis_blind,CBraMod,seedv,channel,1024,interaction_aligned,axis_blind,cohen_kappa,0.11102726904709448,0.11887990745562338,-0.0078526384085289,0,0.2972208314098052,PAIR_ARTIFACT_UNVERIFIED,True,False,full configuration-level nuisance matching not yet manually confirmed,seedv_evalmode_frozen_channel_s1024_lr1e-5_20260804,seedv_evalmode_frozen_axis_blind_s1024_20260804,within-subject protocol; patch axis is singleton/degenerate
aligned_vs_axis_blind,CBraMod,seedv,channel,1024,interaction_aligned,axis_blind,macro_f1,0.29075242309834515,0.2971234244792269,-0.006371001380881758,0,0.2972208314098052,PAIR_ARTIFACT_UNVERIFIED,True,False,full configuration-level nuisance matching not yet manually confirmed,seedv_evalmode_frozen_channel_s1024_lr1e-5_20260804,seedv_evalmode_frozen_axis_blind_s1024_20260804,within-subject protocol; patch axis is singleton/degenerate
aligned_vs_axis_blind,CBraMod,seedv,channel,1024,interaction_aligned,axis_blind,weighted_f1,0.2947268347376295,0.3017802980985625,-0.007053463360932988,0,0.2972208314098052,PAIR_ARTIFACT_UNVERIFIED,True,False,full configuration-level nuisance matching not yet manually confirmed,seedv_evalmode_frozen_channel_s1024_lr1e-5_20260804,seedv_evalmode_frozen_axis_blind_s1024_20260804,within-subject protocol; patch axis is singleton/degenerate
aligned_vs_axis_blind,CBraMod,seedv,patch,1024,interaction_aligned,axis_blind,balanced_accuracy,0.2965905683838764,0.2971407044569917,-0.000550136073115326,0,0.2972208314098052,PAIR_ARTIFACT_UNVERIFIED,True,False,full configuration-level nuisance matching not yet manually confirmed,seedv_evalmode_frozen_patch_singleton_s1024_20260804,seedv_evalmode_frozen_axis_blind_s1024_20260804,within-subject protocol; patch axis is singleton/degenerate
aligned_vs_axis_blind,CBraMod,seedv,patch,1024,interaction_aligned,axis_blind,cohen_kappa,0.12000009477710205,0.11887990745562338,0.0011201873214786717,1,0.2972208314098052,PAIR_ARTIFACT_UNVERIFIED,True,False,full configuration-level nuisance matching not yet manually confirmed,seedv_evalmode_frozen_patch_singleton_s1024_20260804,seedv_evalmode_frozen_axis_blind_s1024_20260804,within-subject protocol; patch axis is singleton/degenerate
aligned_vs_axis_blind,CBraMod,seedv,patch,1024,interaction_aligned,axis_blind,macro_f1,0.29628109040295014,0.2971234244792269,-0.0008423340762767628,0,0.2972208314098052,PAIR_ARTIFACT_UNVERIFIED,True,False,full configuration-level nuisance matching not yet manually confirmed,seedv_evalmode_frozen_patch_singleton_s1024_20260804,seedv_evalmode_frozen_axis_blind_s1024_20260804,within-subject protocol; patch axis is singleton/degenerate
aligned_vs_axis_blind,CBraMod,seedv,patch,1024,interaction_aligned,axis_blind,weighted_f1,0.3029047608653736,0.3017802980985625,0.0011244627668111074,1,0.2972208314098052,PAIR_ARTIFACT_UNVERIFIED,True,False,full configuration-level nuisance matching not yet manually confirmed,seedv_evalmode_frozen_patch_singleton_s1024_20260804,seedv_evalmode_frozen_axis_blind_s1024_20260804,within-subject protocol; patch axis is singleton/degenerate
aligned_vs_axis_blind,CBraMod,seedv,channel,3407,interaction_aligned,axis_blind,balanced_accuracy,0.296139844846257,0.30977179298799296,-0.013631948141735961,0,0.2972208314098052,PAIR_ARTIFACT_UNVERIFIED,True,False,full configuration-level nuisance matching not yet manually confirmed,seedv_evalmode_frozen_channel_s3407_lr1e-5_20260804,seedv_evalmode_frozen_axis_blind_s3407_requeue_20260805,within-subject protocol; patch axis is singleton/degenerate
aligned_vs_axis_blind,CBraMod,seedv,channel,3407,interaction_aligned,axis_blind,cohen_kappa,0.11836499239636145,0.13543871517007755,-0.017073722773716105,0,0.2972208314098052,PAIR_ARTIFACT_UNVERIFIED,True,False,full configuration-level nuisance matching not yet manually confirmed,seedv_evalmode_frozen_channel_s3407_lr1e-5_20260804,seedv_evalmode_frozen_axis_blind_s3407_requeue_20260805,within-subject protocol; patch axis is singleton/degenerate
aligned_vs_axis_blind,CBraMod,seedv,channel,3407,interaction_aligned,axis_blind,macro_f1,0.28097478179789287,0.31077615432821776,-0.029801372530324888,0,0.2972208314098052,PAIR_ARTIFACT_UNVERIFIED,True,False,full configuration-level nuisance matching not yet manually confirmed,seedv_evalmode_frozen_channel_s3407_lr1e-5_20260804,seedv_evalmode_frozen_axis_blind_s3407_requeue_20260805,within-subject protocol; patch axis is singleton/degenerate
aligned_vs_axis_blind,CBraMod,seedv,channel,3407,interaction_aligned,axis_blind,weighted_f1,0.28848139295612957,0.31547402258168256,-0.02699262962555299,0,0.2972208314098052,PAIR_ARTIFACT_UNVERIFIED,True,False,full configuration-level nuisance matching not yet manually confirmed,seedv_evalmode_frozen_channel_s3407_lr1e-5_20260804,seedv_evalmode_frozen_axis_blind_s3407_requeue_20260805,within-subject protocol; patch axis is singleton/degenerate
aligned_vs_axis_blind,CBraMod,seedv,patch,3407,interaction_aligned,axis_blind,balanced_accuracy,0.2977857747164364,0.30977179298799296,-0.011986018271556542,0,0.2972208314098052,PAIR_ARTIFACT_UNVERIFIED,True,False,full configuration-level nuisance matching not yet manually confirmed,seedv_evalmode_frozen_patch_singleton_s3407_20260804,seedv_evalmode_frozen_axis_blind_s3407_requeue_20260805,within-subject protocol; patch axis is singleton/degenerate
aligned_vs_axis_blind,CBraMod,seedv,patch,3407,interaction_aligned,axis_blind,cohen_kappa,0.12057424235301395,0.13543871517007755,-0.014864472817063601,0,0.2972208314098052,PAIR_ARTIFACT_UNVERIFIED,True,False,full configuration-level nuisance matching not yet manually confirmed,seedv_evalmode_frozen_patch_singleton_s3407_20260804,seedv_evalmode_frozen_axis_blind_s3407_requeue_20260805,within-subject protocol; patch axis is singleton/degenerate
aligned_vs_axis_blind,CBraMod,seedv,patch,3407,interaction_aligned,axis_blind,macro_f1,0.2988113814871551,0.31077615432821776,-0.011964772841062676,0,0.2972208314098052,PAIR_ARTIFACT_UNVERIFIED,True,False,full configuration-level nuisance matching not yet manually confirmed,seedv_evalmode_frozen_patch_singleton_s3407_20260804,seedv_evalmode_frozen_axis_blind_s3407_requeue_20260805,within-subject protocol; patch axis is singleton/degenerate
aligned_vs_axis_blind,CBraMod,seedv,patch,3407,interaction_aligned,axis_blind,weighted_f1,0.3039129687511621,0.31547402258168256,-0.011561053830520474,0,0.2972208314098052,PAIR_ARTIFACT_UNVERIFIED,True,False,full configuration-level nuisance matching not yet manually confirmed,seedv_evalmode_frozen_patch_singleton_s3407_20260804,seedv_evalmode_frozen_axis_blind_s3407_requeue_20260805,within-subject protocol; patch axis is singleton/degenerate
aligned_vs_axis_blind,CBraMod,tuev,channel_patch,42,interaction_aligned,axis_blind,balanced_accuracy,0.44257555777800617,0.4484764421640722,-0.005900884386066008,0,0.0020845689323594277,PAIR_ARTIFACT_UNVERIFIED,True,False,full configuration-level nuisance matching not yet manually confirmed,tuev_cbramod_frozen_channel_patch_s42_r64_lr1e-4_b8_e20,tuev_cbramod_frozen_axisblind_s42_r148_lr1e-4_b8_e20,
aligned_vs_axis_blind,CBraMod,tuev,channel_patch,42,interaction_aligned,axis_blind,cohen_kappa,0.4296084848679441,0.44637853176665965,-0.01677004689871553,0,0.0020845689323594277,PAIR_ARTIFACT_UNVERIFIED,True,False,full configuration-level nuisance matching not yet manually confirmed,tuev_cbramod_frozen_channel_patch_s42_r64_lr1e-4_b8_e20,tuev_cbramod_frozen_axisblind_s42_r148_lr1e-4_b8_e20,
aligned_vs_axis_blind,CBraMod,tuev,channel_patch,42,interaction_aligned,axis_blind,macro_f1,0.4638179195160819,0.4719184890066499,-0.008100569490567977,0,0.0020845689323594277,PAIR_ARTIFACT_UNVERIFIED,True,False,full configuration-level nuisance matching not yet manually confirmed,tuev_cbramod_frozen_channel_patch_s42_r64_lr1e-4_b8_e20,tuev_cbramod_frozen_axisblind_s42_r148_lr1e-4_b8_e20,
aligned_vs_axis_blind,CBraMod,tuev,channel_patch,42,interaction_aligned,axis_blind,weighted_f1,0.7066781414404987,0.7155010797330563,-0.008822938292557647,0,0.0020845689323594277,PAIR_ARTIFACT_UNVERIFIED,True,False,full configuration-level nuisance matching not yet manually confirmed,tuev_cbramod_frozen_channel_patch_s42_r64_lr1e-4_b8_e20,tuev_cbramod_frozen_axisblind_s42_r148_lr1e-4_b8_e20,
aligned_vs_axis_blind,CBraMod,tuev,channel,42,interaction_aligned,axis_blind,balanced_accuracy,0.4535935207170716,0.4484764421640722,0.005117078552999421,1,0.18536060736590734,PAIR_ARTIFACT_UNVERIFIED,True,False,full configuration-level nuisance matching not yet manually confirmed,tuev_cbramod_frozen_channel_s42_r64_lr1e-4_b8_e20,tuev_cbramod_frozen_axisblind_s42_r148_lr1e-4_b8_e20,
aligned_vs_axis_blind,CBraMod,tuev,channel,42,interaction_aligned,axis_blind,cohen_kappa,0.4481052957013847,0.44637853176665965,0.0017267639347250396,1,0.18536060736590734,PAIR_ARTIFACT_UNVERIFIED,True,False,full configuration-level nuisance matching not yet manually confirmed,tuev_cbramod_frozen_channel_s42_r64_lr1e-4_b8_e20,tuev_cbramod_frozen_axisblind_s42_r148_lr1e-4_b8_e20,
aligned_vs_axis_blind,CBraMod,tuev,channel,42,interaction_aligned,axis_blind,macro_f1,0.4725227680440451,0.4719184890066499,0.0006042790373951834,1,0.18536060736590734,PAIR_ARTIFACT_UNVERIFIED,True,False,full configuration-level nuisance matching not yet manually confirmed,tuev_cbramod_frozen_channel_s42_r64_lr1e-4_b8_e20,tuev_cbramod_frozen_axisblind_s42_r148_lr1e-4_b8_e20,
aligned_vs_axis_blind,CBraMod,tuev,channel,42,interaction_aligned,axis_blind,weighted_f1,0.7175116161469016,0.7155010797330563,0.0020105364138452986,1,0.18536060736590734,PAIR_ARTIFACT_UNVERIFIED,True,False,full configuration-level nuisance matching not yet manually confirmed,tuev_cbramod_frozen_channel_s42_r64_lr1e-4_b8_e20,tuev_cbramod_frozen_axisblind_s42_r148_lr1e-4_b8_e20,
aligned_vs_axis_blind,CBraMod,tuev,patch,42,interaction_aligned,axis_blind,balanced_accuracy,0.4529235104920515,0.4484764421640722,0.004447068327979309,1,0.18536060736590734,PAIR_ARTIFACT_UNVERIFIED,True,False,full configuration-level nuisance matching not yet manually confirmed,tuev_cbramod_frozen_patch_s42_r64_lr1e-4_b8_e20,tuev_cbramod_frozen_axisblind_s42_r148_lr1e-4_b8_e20,
aligned_vs_axis_blind,CBraMod,tuev,patch,42,interaction_aligned,axis_blind,cohen_kappa,0.4475164006818122,0.44637853176665965,0.0011378689151525512,1,0.18536060736590734,PAIR_ARTIFACT_UNVERIFIED,True,False,full configuration-level nuisance matching not yet manually confirmed,tuev_cbramod_frozen_patch_s42_r64_lr1e-4_b8_e20,tuev_cbramod_frozen_axisblind_s42_r148_lr1e-4_b8_e20,
aligned_vs_axis_blind,CBraMod,tuev,patch,42,interaction_aligned,axis_blind,macro_f1,0.47255050121362707,0.4719184890066499,0.0006320122069771728,1,0.18536060736590734,PAIR_ARTIFACT_UNVERIFIED,True,False,full configuration-level nuisance matching not yet manually confirmed,tuev_cbramod_frozen_patch_s42_r64_lr1e-4_b8_e20,tuev_cbramod_frozen_axisblind_s42_r148_lr1e-4_b8_e20,
aligned_vs_axis_blind,CBraMod,tuev,patch,42,interaction_aligned,axis_blind,weighted_f1,0.7170919992681187,0.7155010797330563,0.0015909195350624072,1,0.18536060736590734,PAIR_ARTIFACT_UNVERIFIED,True,False,full configuration-level nuisance matching not yet manually confirmed,tuev_cbramod_frozen_patch_s42_r64_lr1e-4_b8_e20,tuev_cbramod_frozen_axisblind_s42_r148_lr1e-4_b8_e20,
aligned_vs_axis_blind,CBraMod,tuev,channel,3407,interaction_aligned,axis_blind,balanced_accuracy,0.4560299455710833,0.4624084200865434,-0.006378474515460142,0,0.18536060736590734,PAIR_ARTIFACT_UNVERIFIED,True,False,full configuration-level nuisance matching not yet manually confirmed,tuev_cbramod_frozen_channel_s3407_r64_lr1e-4_b8_e20,tuev_cbramod_frozen_axisblind_s3407_r148_lr1e-4_b8_e20,
aligned_vs_axis_blind,CBraMod,tuev,channel,3407,interaction_aligned,axis_blind,cohen_kappa,0.46917202998089114,0.4646100399866223,0.0045619899942688225,1,0.18536060736590734,PAIR_ARTIFACT_UNVERIFIED,True,False,full configuration-level nuisance matching not yet manually confirmed,tuev_cbramod_frozen_channel_s3407_r64_lr1e-4_b8_e20,tuev_cbramod_frozen_axisblind_s3407_r148_lr1e-4_b8_e20,
aligned_vs_axis_blind,CBraMod,tuev,channel,3407,interaction_aligned,axis_blind,macro_f1,0.4833385663825012,0.4749475971827315,0.008390969199769727,1,0.18536060736590734,PAIR_ARTIFACT_UNVERIFIED,True,False,full configuration-level nuisance matching not yet manually confirmed,tuev_cbramod_frozen_channel_s3407_r64_lr1e-4_b8_e20,tuev_cbramod_frozen_axisblind_s3407_r148_lr1e-4_b8_e20,
aligned_vs_axis_blind,CBraMod,tuev,channel,3407,interaction_aligned,axis_blind,weighted_f1,0.7279658510139784,0.725217672944055,0.002748178069923335,1,0.18536060736590734,PAIR_ARTIFACT_UNVERIFIED,True,False,full configuration-level nuisance matching not yet manually confirmed,tuev_cbramod_frozen_channel_s3407_r64_lr1e-4_b8_e20,tuev_cbramod_frozen_axisblind_s3407_r148_lr1e-4_b8_e20,
aligned_vs_axis_blind,CBraMod,tuev,channel,1024,interaction_aligned,axis_blind,balanced_accuracy,0.458060733332084,0.4631238468124301,-0.005063113480346049,0,0.18536060736590734,PAIR_ARTIFACT_UNVERIFIED,True,False,full configuration-level nuisance matching not yet manually confirmed,tuev_cbramod_frozen_channel_s1024_r64_lr1e-4_b8_e20,tuev_cbramod_frozen_axisblind_s1024_r148_lr1e-4_b8_e20,
aligned_vs_axis_blind,CBraMod,tuev,channel,1024,interaction_aligned,axis_blind,cohen_kappa,0.47567725394451243,0.4634932475667418,0.012184006377770618,1,0.18536060736590734,PAIR_ARTIFACT_UNVERIFIED,True,False,full configuration-level nuisance matching not yet manually confirmed,tuev_cbramod_frozen_channel_s1024_r64_lr1e-4_b8_e20,tuev_cbramod_frozen_axisblind_s1024_r148_lr1e-4_b8_e20,
aligned_vs_axis_blind,CBraMod,tuev,channel,1024,interaction_aligned,axis_blind,macro_f1,0.4836023738580106,0.48207995828534617,0.001522415572664415,1,0.18536060736590734,PAIR_ARTIFACT_UNVERIFIED,True,False,full configuration-level nuisance matching not yet manually confirmed,tuev_cbramod_frozen_channel_s1024_r64_lr1e-4_b8_e20,tuev_cbramod_frozen_axisblind_s1024_r148_lr1e-4_b8_e20,
aligned_vs_axis_blind,CBraMod,tuev,channel,1024,interaction_aligned,axis_blind,weighted_f1,0.7320292854336291,0.7250984677993937,0.00693081763423542,1,0.18536060736590734,PAIR_ARTIFACT_UNVERIFIED,True,False,full configuration-level nuisance matching not yet manually confirmed,tuev_cbramod_frozen_channel_s1024_r64_lr1e-4_b8_e20,tuev_cbramod_frozen_axisblind_s1024_r148_lr1e-4_b8_e20,
aligned_vs_axis_blind,CBraMod,tuev,patch,3407,interaction_aligned,axis_blind,balanced_accuracy,0.4629974887082091,0.4624084200865434,0.0005890686216656893,1,0.18536060736590734,PAIR_ARTIFACT_UNVERIFIED,True,False,full configuration-level nuisance matching not yet manually confirmed,tuev_cbramod_frozen_patch_s3407_r64_lr1e-4_b8_e20,tuev_cbramod_frozen_axisblind_s3407_r148_lr1e-4_b8_e20,
aligned_vs_axis_blind,CBraMod,tuev,patch,3407,interaction_aligned,axis_blind,cohen_kappa,0.44175433012825727,0.4646100399866223,-0.022855709858365048,0,0.18536060736590734,PAIR_ARTIFACT_UNVERIFIED,True,False,full configuration-level nuisance matching not yet manually confirmed,tuev_cbramod_frozen_patch_s3407_r64_lr1e-4_b8_e20,tuev_cbramod_frozen_axisblind_s3407_r148_lr1e-4_b8_e20,
aligned_vs_axis_blind,CBraMod,tuev,patch,3407,interaction_aligned,axis_blind,macro_f1,0.48037246213483975,0.4749475971827315,0.005424864952108255,1,0.18536060736590734,PAIR_ARTIFACT_UNVERIFIED,True,False,full configuration-level nuisance matching not yet manually confirmed,tuev_cbramod_frozen_patch_s3407_r64_lr1e-4_b8_e20,tuev_cbramod_frozen_axisblind_s3407_r148_lr1e-4_b8_e20,
aligned_vs_axis_blind,CBraMod,tuev,patch,3407,interaction_aligned,axis_blind,weighted_f1,0.7131342516032814,0.725217672944055,-0.01208342134077367,0,0.18536060736590734,PAIR_ARTIFACT_UNVERIFIED,True,False,full configuration-level nuisance matching not yet manually confirmed,tuev_cbramod_frozen_patch_s3407_r64_lr1e-4_b8_e20,tuev_cbramod_frozen_axisblind_s3407_r148_lr1e-4_b8_e20,
aligned_vs_axis_blind,CBraMod,tuev,patch,1024,interaction_aligned,axis_blind,balanced_accuracy,0.4499536968400317,0.4631238468124301,-0.013170149972398348,0,0.18536060736590734,PAIR_ARTIFACT_UNVERIFIED,True,False,full configuration-level nuisance matching not yet manually confirmed,tuev_cbramod_frozen_patch_s1024_r64_lr1e-4_b8_e20,tuev_cbramod_frozen_axisblind_s1024_r148_lr1e-4_b8_e20,
aligned_vs_axis_blind,CBraMod,tuev,patch,1024,interaction_aligned,axis_blind,cohen_kappa,0.44373585410424665,0.4634932475667418,-0.019757393462495165,0,0.18536060736590734,PAIR_ARTIFACT_UNVERIFIED,True,False,full configuration-level nuisance matching not yet manually confirmed,tuev_cbramod_frozen_patch_s1024_r64_lr1e-4_b8_e20,tuev_cbramod_frozen_axisblind_s1024_r148_lr1e-4_b8_e20,
aligned_vs_axis_blind,CBraMod,tuev,patch,1024,interaction_aligned,axis_blind,macro_f1,0.46354773605305977,0.48207995828534617,-0.0185322222322864,0,0.18536060736590734,PAIR_ARTIFACT_UNVERIFIED,True,False,full configuration-level nuisance matching not yet manually confirmed,tuev_cbramod_frozen_patch_s1024_r64_lr1e-4_b8_e20,tuev_cbramod_frozen_axisblind_s1024_r148_lr1e-4_b8_e20,
aligned_vs_axis_blind,CBraMod,tuev,patch,1024,interaction_aligned,axis_blind,weighted_f1,0.7132791513256591,0.7250984677993937,-0.011819316473734576,0,0.18536060736590734,PAIR_ARTIFACT_UNVERIFIED,True,False,full configuration-level nuisance matching not yet manually confirmed,tuev_cbramod_frozen_patch_s1024_r64_lr1e-4_b8_e20,tuev_cbramod_frozen_axisblind_s1024_r148_lr1e-4_b8_e20,
aligned_vs_axis_blind,CBraMod,tuev,channel_patch,3407,interaction_aligned,axis_blind,balanced_accuracy,0.44131067030453225,0.4624084200865434,-0.021097749782011177,0,0.0020845689323594277,PAIR_ARTIFACT_UNVERIFIED,True,False,full configuration-level nuisance matching not yet manually confirmed,tuev_cbramod_frozen_channel_patch_s3407_r64_lr1e-4_b8_e20,tuev_cbramod_frozen_axisblind_s3407_r148_lr1e-4_b8_e20,
aligned_vs_axis_blind,CBraMod,tuev,channel_patch,3407,interaction_aligned,axis_blind,cohen_kappa,0.4475318069907215,0.4646100399866223,-0.017078232995900833,0,0.0020845689323594277,PAIR_ARTIFACT_UNVERIFIED,True,False,full configuration-level nuisance matching not yet manually confirmed,tuev_cbramod_frozen_channel_patch_s3407_r64_lr1e-4_b8_e20,tuev_cbramod_frozen_axisblind_s3407_r148_lr1e-4_b8_e20,
aligned_vs_axis_blind,CBraMod,tuev,channel_patch,3407,interaction_aligned,axis_blind,macro_f1,0.45565671339450664,0.4749475971827315,-0.019290883788224855,0,0.0020845689323594277,PAIR_ARTIFACT_UNVERIFIED,True,False,full configuration-level nuisance matching not yet manually confirmed,tuev_cbramod_frozen_channel_patch_s3407_r64_lr1e-4_b8_e20,tuev_cbramod_frozen_axisblind_s3407_r148_lr1e-4_b8_e20,
aligned_vs_axis_blind,CBraMod,tuev,channel_patch,3407,interaction_aligned,axis_blind,weighted_f1,0.7164435475602838,0.725217672944055,-0.008774125383771203,0,0.0020845689323594277,PAIR_ARTIFACT_UNVERIFIED,True,False,full configuration-level nuisance matching not yet manually confirmed,tuev_cbramod_frozen_channel_patch_s3407_r64_lr1e-4_b8_e20,tuev_cbramod_frozen_axisblind_s3407_r148_lr1e-4_b8_e20,
aligned_vs_axis_blind,CBraMod,tuev,channel_patch,1024,interaction_aligned,axis_blind,balanced_accuracy,0.4804948741238085,0.4631238468124301,0.017371027311378406,1,0.0020845689323594277,PAIR_ARTIFACT_UNVERIFIED,True,False,full configuration-level nuisance matching not yet manually confirmed,tuev_cbramod_frozen_channel_patch_s1024_r64_lr1e-4_b8_e20,tuev_cbramod_frozen_axisblind_s1024_r148_lr1e-4_b8_e20,
aligned_vs_axis_blind,CBraMod,tuev,channel_patch,1024,interaction_aligned,axis_blind,cohen_kappa,0.47188591051178597,0.4634932475667418,0.00839266294504415,1,0.0020845689323594277,PAIR_ARTIFACT_UNVERIFIED,True,False,full configuration-level nuisance matching not yet manually confirmed,tuev_cbramod_frozen_channel_patch_s1024_r64_lr1e-4_b8_e20,tuev_cbramod_frozen_axisblind_s1024_r148_lr1e-4_b8_e20,
aligned_vs_axis_blind,CBraMod,tuev,channel_patch,1024,interaction_aligned,axis_blind,macro_f1,0.4964129906723327,0.48207995828534617,0.014333032386986522,1,0.0020845689323594277,PAIR_ARTIFACT_UNVERIFIED,True,False,full configuration-level nuisance matching not yet manually confirmed,tuev_cbramod_frozen_channel_patch_s1024_r64_lr1e-4_b8_e20,tuev_cbramod_frozen_axisblind_s1024_r148_lr1e-4_b8_e20,
aligned_vs_axis_blind,CBraMod,tuev,channel_patch,1024,interaction_aligned,axis_blind,weighted_f1,0.7290714805482992,0.7250984677993937,0.003973012748905491,1,0.0020845689323594277,PAIR_ARTIFACT_UNVERIFIED,True,False,full configuration-level nuisance matching not yet manually confirmed,tuev_cbramod_frozen_channel_patch_s1024_r64_lr1e-4_b8_e20,tuev_cbramod_frozen_axisblind_s1024_r148_lr1e-4_b8_e20,
aligned_vs_axis_blind,LaBraM,TUEV,channel,1024,frozen_native_channel,axis_blind,balanced_accuracy,0.4154078220257804,0.4297489266835283,-0.014341104657747905,0,49.425590460903464,PAIR_STRUCTURALLY_INVALID,False,False,parameter mismatch exceeds 5 percent,tuev_labram_frozen_channel_lr5e-4_s1024_b64_e15_scale100,tuev_labram_axis_blind_b213_s1024_b64_lr5e-4_e15_scale100,
aligned_vs_axis_blind,LaBraM,TUEV,channel,1024,frozen_native_channel,axis_blind,cohen_kappa,0.4829673290067068,0.5260672304345931,-0.043099901427886333,0,49.425590460903464,PAIR_STRUCTURALLY_INVALID,False,False,parameter mismatch exceeds 5 percent,tuev_labram_frozen_channel_lr5e-4_s1024_b64_e15_scale100,tuev_labram_axis_blind_b213_s1024_b64_lr5e-4_e15_scale100,
aligned_vs_axis_blind,LaBraM,TUEV,channel,1024,frozen_native_channel,axis_blind,weighted_f1,0.7248009185381545,0.751857384315639,-0.02705646577748444,0,49.425590460903464,PAIR_STRUCTURALLY_INVALID,False,False,parameter mismatch exceeds 5 percent,tuev_labram_frozen_channel_lr5e-4_s1024_b64_e15_scale100,tuev_labram_axis_blind_b213_s1024_b64_lr5e-4_e15_scale100,
aligned_vs_axis_blind,LaBraM,TUEV,channel,3407,frozen_native_channel,axis_blind,balanced_accuracy,0.42933198222716656,0.43082288210020714,-0.0014908998730405743,0,49.425590460903464,PAIR_STRUCTURALLY_INVALID,False,False,parameter mismatch exceeds 5 percent,tuev_labram_frozen_channel_lr5e-4_s3407_b64_e15_scale100,tuev_labram_axis_blind_b213_s3407_b64_lr5e-4_e15_scale100,
aligned_vs_axis_blind,LaBraM,TUEV,channel,3407,frozen_native_channel,axis_blind,cohen_kappa,0.42499385484122976,0.5260089006630086,-0.10101504582177889,0,49.425590460903464,PAIR_STRUCTURALLY_INVALID,False,False,parameter mismatch exceeds 5 percent,tuev_labram_frozen_channel_lr5e-4_s3407_b64_e15_scale100,tuev_labram_axis_blind_b213_s3407_b64_lr5e-4_e15_scale100,
aligned_vs_axis_blind,LaBraM,TUEV,channel,3407,frozen_native_channel,axis_blind,weighted_f1,0.6888490552494598,0.7517128976491558,-0.062863842399696,0,49.425590460903464,PAIR_STRUCTURALLY_INVALID,False,False,parameter mismatch exceeds 5 percent,tuev_labram_frozen_channel_lr5e-4_s3407_b64_e15_scale100,tuev_labram_axis_blind_b213_s3407_b64_lr5e-4_e15_scale100,
aligned_vs_axis_blind,LaBraM,TUEV,channel,42,frozen_native_channel,axis_blind,balanced_accuracy,0.4521834354068331,0.4316529581471065,0.020530477259726565,1,49.425590460903464,PAIR_STRUCTURALLY_INVALID,False,False,parameter mismatch exceeds 5 percent,tuev_labram_frozen_channel_lr5e-4_s42_b64_e15_scale100,tuev_labram_axis_blind_b213_s42_b64_lr5e-4_e15_scale100,
aligned_vs_axis_blind,LaBraM,TUEV,channel,42,frozen_native_channel,axis_blind,cohen_kappa,0.4726116949612613,0.5286269743140721,-0.05601527935281081,0,49.425590460903464,PAIR_STRUCTURALLY_INVALID,False,False,parameter mismatch exceeds 5 percent,tuev_labram_frozen_channel_lr5e-4_s42_b64_e15_scale100,tuev_labram_axis_blind_b213_s42_b64_lr5e-4_e15_scale100,
aligned_vs_axis_blind,LaBraM,TUEV,channel,42,frozen_native_channel,axis_blind,weighted_f1,0.7247374136712004,0.7532389595752711,-0.028501545904070724,0,49.425590460903464,PAIR_STRUCTURALLY_INVALID,False,False,parameter mismatch exceeds 5 percent,tuev_labram_frozen_channel_lr5e-4_s42_b64_e15_scale100,tuev_labram_axis_blind_b213_s42_b64_lr5e-4_e15_scale100,
aligned_vs_axis_blind,LaBraM,TUEV,channel_patch,1024,frozen_native_channel_patch,axis_blind,balanced_accuracy,0.3806402643698943,0.4297489266835283,-0.04910866231363403,0,0.23389130933272184,PAIR_ARTIFACT_UNVERIFIED,True,False,full configuration-level nuisance matching not yet manually confirmed,tuev_labram_frozen_channel_patch_lr5e-4_s1024_b64_e15_scale100,tuev_labram_axis_blind_b213_s1024_b64_lr5e-4_e15_scale100,
aligned_vs_axis_blind,LaBraM,TUEV,channel_patch,1024,frozen_native_channel_patch,axis_blind,cohen_kappa,0.45672501143136013,0.5260672304345931,-0.06934221900323301,0,0.23389130933272184,PAIR_ARTIFACT_UNVERIFIED,True,False,full configuration-level nuisance matching not yet manually confirmed,tuev_labram_frozen_channel_patch_lr5e-4_s1024_b64_e15_scale100,tuev_labram_axis_blind_b213_s1024_b64_lr5e-4_e15_scale100,
aligned_vs_axis_blind,LaBraM,TUEV,channel_patch,1024,frozen_native_channel_patch,axis_blind,weighted_f1,0.7089334400412954,0.751857384315639,-0.04292394427434354,0,0.23389130933272184,PAIR_ARTIFACT_UNVERIFIED,True,False,full configuration-level nuisance matching not yet manually confirmed,tuev_labram_frozen_channel_patch_lr5e-4_s1024_b64_e15_scale100,tuev_labram_axis_blind_b213_s1024_b64_lr5e-4_e15_scale100,
aligned_vs_axis_blind,LaBraM,TUEV,channel_patch,3407,frozen_native_channel_patch,axis_blind,balanced_accuracy,0.3815180323887642,0.43082288210020714,-0.049304849711442944,0,0.23389130933272184,PAIR_ARTIFACT_UNVERIFIED,True,False,full configuration-level nuisance matching not yet manually confirmed,tuev_labram_frozen_channel_patch_lr5e-4_s3407_b64_e15_scale100,tuev_labram_axis_blind_b213_s3407_b64_lr5e-4_e15_scale100,
aligned_vs_axis_blind,LaBraM,TUEV,channel_patch,3407,frozen_native_channel_patch,axis_blind,cohen_kappa,0.41657264005542294,0.5260089006630086,-0.10943626060758571,0,0.23389130933272184,PAIR_ARTIFACT_UNVERIFIED,True,False,full configuration-level nuisance matching not yet manually confirmed,tuev_labram_frozen_channel_patch_lr5e-4_s3407_b64_e15_scale100,tuev_labram_axis_blind_b213_s3407_b64_lr5e-4_e15_scale100,
aligned_vs_axis_blind,LaBraM,TUEV,channel_patch,3407,frozen_native_channel_patch,axis_blind,weighted_f1,0.6896527708113209,0.7517128976491558,-0.062060126837834906,0,0.23389130933272184,PAIR_ARTIFACT_UNVERIFIED,True,False,full configuration-level nuisance matching not yet manually confirmed,tuev_labram_frozen_channel_patch_lr5e-4_s3407_b64_e15_scale100,tuev_labram_axis_blind_b213_s3407_b64_lr5e-4_e15_scale100,
aligned_vs_axis_blind,LaBraM,TUEV,channel_patch,42,frozen_native_channel_patch,axis_blind,balanced_accuracy,0.41266905925860636,0.4316529581471065,-0.01898389888850016,0,0.23389130933272184,PAIR_ARTIFACT_UNVERIFIED,True,False,full configuration-level nuisance matching not yet manually confirmed,tuev_labram_frozen_channel_patch_lr5e-4_s42_b64_e15_scale100,tuev_labram_axis_blind_b213_s42_b64_lr5e-4_e15_scale100,
aligned_vs_axis_blind,LaBraM,TUEV,channel_patch,42,frozen_native_channel_patch,axis_blind,cohen_kappa,0.5104404149071955,0.5286269743140721,-0.018186559406876635,0,0.23389130933272184,PAIR_ARTIFACT_UNVERIFIED,True,False,full configuration-level nuisance matching not yet manually confirmed,tuev_labram_frozen_channel_patch_lr5e-4_s42_b64_e15_scale100,tuev_labram_axis_blind_b213_s42_b64_lr5e-4_e15_scale100,
aligned_vs_axis_blind,LaBraM,TUEV,channel_patch,42,frozen_native_channel_patch,axis_blind,weighted_f1,0.7408350916780715,0.7532389595752711,-0.012403867897199605,0,0.23389130933272184,PAIR_ARTIFACT_UNVERIFIED,True,False,full configuration-level nuisance matching not yet manually confirmed,tuev_labram_frozen_channel_patch_lr5e-4_s42_b64_e15_scale100,tuev_labram_axis_blind_b213_s42_b64_lr5e-4_e15_scale100,
aligned_vs_axis_blind,LaBraM,TUEV,patch,1024,frozen_native_patch,axis_blind,balanced_accuracy,0.3947483728958548,0.4297489266835283,-0.03500055378767353,0,49.425590460903464,PAIR_STRUCTURALLY_INVALID,False,False,parameter mismatch exceeds 5 percent,tuev_labram_frozen_patch_lr5e-4_s1024_b64_e15_scale100,tuev_labram_axis_blind_b213_s1024_b64_lr5e-4_e15_scale100,
aligned_vs_axis_blind,LaBraM,TUEV,patch,1024,frozen_native_patch,axis_blind,cohen_kappa,0.5010763417059159,0.5260672304345931,-0.024990888728677274,0,49.425590460903464,PAIR_STRUCTURALLY_INVALID,False,False,parameter mismatch exceeds 5 percent,tuev_labram_frozen_patch_lr5e-4_s1024_b64_e15_scale100,tuev_labram_axis_blind_b213_s1024_b64_lr5e-4_e15_scale100,
aligned_vs_axis_blind,LaBraM,TUEV,patch,1024,frozen_native_patch,axis_blind,weighted_f1,0.7382778969362866,0.751857384315639,-0.013579487379352329,0,49.425590460903464,PAIR_STRUCTURALLY_INVALID,False,False,parameter mismatch exceeds 5 percent,tuev_labram_frozen_patch_lr5e-4_s1024_b64_e15_scale100,tuev_labram_axis_blind_b213_s1024_b64_lr5e-4_e15_scale100,
aligned_vs_axis_blind,LaBraM,TUEV,patch,3407,frozen_native_patch,axis_blind,balanced_accuracy,0.41867457464451907,0.43082288210020714,-0.012148307455688068,0,49.425590460903464,PAIR_STRUCTURALLY_INVALID,False,False,parameter mismatch exceeds 5 percent,tuev_labram_frozen_patch_lr5e-4_s3407_b64_e15_scale100,tuev_labram_axis_blind_b213_s3407_b64_lr5e-4_e15_scale100,
aligned_vs_axis_blind,LaBraM,TUEV,patch,3407,frozen_native_patch,axis_blind,cohen_kappa,0.4860200031127988,0.5260089006630086,-0.039988897550209845,0,49.425590460903464,PAIR_STRUCTURALLY_INVALID,False,False,parameter mismatch exceeds 5 percent,tuev_labram_frozen_patch_lr5e-4_s3407_b64_e15_scale100,tuev_labram_axis_blind_b213_s3407_b64_lr5e-4_e15_scale100,
aligned_vs_axis_blind,LaBraM,TUEV,patch,3407,frozen_native_patch,axis_blind,weighted_f1,0.7299285255408341,0.7517128976491558,-0.021784372108321737,0,49.425590460903464,PAIR_STRUCTURALLY_INVALID,False,False,parameter mismatch exceeds 5 percent,tuev_labram_frozen_patch_lr5e-4_s3407_b64_e15_scale100,tuev_labram_axis_blind_b213_s3407_b64_lr5e-4_e15_scale100,
aligned_vs_axis_blind,LaBraM,TUEV,patch,42,frozen_native_patch,axis_blind,balanced_accuracy,0.3828483756804982,0.4316529581471065,-0.04880458246660835,0,49.425590460903464,PAIR_STRUCTURALLY_INVALID,False,False,parameter mismatch exceeds 5 percent,tuev_labram_frozen_patch_lr5e-4_s42_b64_e15_scale100,tuev_labram_axis_blind_b213_s42_b64_lr5e-4_e15_scale100,
aligned_vs_axis_blind,LaBraM,TUEV,patch,42,frozen_native_patch,axis_blind,cohen_kappa,0.48493135105386387,0.5286269743140721,-0.04369562326020826,0,49.425590460903464,PAIR_STRUCTURALLY_INVALID,False,False,parameter mismatch exceeds 5 percent,tuev_labram_frozen_patch_lr5e-4_s42_b64_e15_scale100,tuev_labram_axis_blind_b213_s42_b64_lr5e-4_e15_scale100,
aligned_vs_axis_blind,LaBraM,TUEV,patch,42,frozen_native_patch,axis_blind,weighted_f1,0.7284932789053812,0.7532389595752711,-0.024745680669889913,0,49.425590460903464,PAIR_STRUCTURALLY_INVALID,False,False,parameter mismatch exceeds 5 percent,tuev_labram_frozen_patch_lr5e-4_s42_b64_e15_scale100,tuev_labram_axis_blind_b213_s42_b64_lr5e-4_e15_scale100,
aligned_vs_frozen_probe,CBraMod,faced,channel,42,interaction_aligned,frozen_probe,balanced_accuracy,0.3836553945249597,0.3750670960815888,0.008588298443370945,1,0.023211892083525212,PAIR_ARTIFACT_UNVERIFIED,True,False,full configuration-level nuisance matching not yet manually confirmed,faced_evalmode_frozen_channel_s42_lr5e-4_20260804,faced_evalmode_frozen_probe_s42_20260804,
aligned_vs_frozen_probe,CBraMod,faced,channel,42,interaction_aligned,frozen_probe,cohen_kappa,0.30547159979155813,0.2979704219770135,0.007501177814544624,1,0.023211892083525212,PAIR_ARTIFACT_UNVERIFIED,True,False,full configuration-level nuisance matching not yet manually confirmed,faced_evalmode_frozen_channel_s42_lr5e-4_20260804,faced_evalmode_frozen_probe_s42_20260804,
aligned_vs_frozen_probe,CBraMod,faced,channel,42,interaction_aligned,frozen_probe,macro_f1,0.3847724205827893,0.37618588879858567,0.008586531784203655,1,0.023211892083525212,PAIR_ARTIFACT_UNVERIFIED,True,False,full configuration-level nuisance matching not yet manually confirmed,faced_evalmode_frozen_channel_s42_lr5e-4_20260804,faced_evalmode_frozen_probe_s42_20260804,
aligned_vs_frozen_probe,CBraMod,faced,channel,42,interaction_aligned,frozen_probe,weighted_f1,0.3839851478961803,0.3768114208915497,0.007173727004630648,1,0.023211892083525212,PAIR_ARTIFACT_UNVERIFIED,True,False,full configuration-level nuisance matching not yet manually confirmed,faced_evalmode_frozen_channel_s42_lr5e-4_20260804,faced_evalmode_frozen_probe_s42_20260804,
aligned_vs_frozen_probe,CBraMod,faced,patch,42,interaction_aligned,frozen_probe,balanced_accuracy,0.38298443370907137,0.3750670960815888,0.00791733762748259,1,0.023211892083525212,PAIR_ARTIFACT_UNVERIFIED,True,False,full configuration-level nuisance matching not yet manually confirmed,faced_evalmode_frozen_patch_s42_lr5e-4_20260804,faced_evalmode_frozen_probe_s42_20260804,
aligned_vs_frozen_probe,CBraMod,faced,patch,42,interaction_aligned,frozen_probe,cohen_kappa,0.30551962952146516,0.2979704219770135,0.007549207544451653,1,0.023211892083525212,PAIR_ARTIFACT_UNVERIFIED,True,False,full configuration-level nuisance matching not yet manually confirmed,faced_evalmode_frozen_patch_s42_lr5e-4_20260804,faced_evalmode_frozen_probe_s42_20260804,
aligned_vs_frozen_probe,CBraMod,faced,patch,42,interaction_aligned,frozen_probe,macro_f1,0.38481922926521017,0.37618588879858567,0.008633340466624506,1,0.023211892083525212,PAIR_ARTIFACT_UNVERIFIED,True,False,full configuration-level nuisance matching not yet manually confirmed,faced_evalmode_frozen_patch_s42_lr5e-4_20260804,faced_evalmode_frozen_probe_s42_20260804,
aligned_vs_frozen_probe,CBraMod,faced,patch,42,interaction_aligned,frozen_probe,weighted_f1,0.3842866123669117,0.3768114208915497,0.00747519147536202,1,0.023211892083525212,PAIR_ARTIFACT_UNVERIFIED,True,False,full configuration-level nuisance matching not yet manually confirmed,faced_evalmode_frozen_patch_s42_lr5e-4_20260804,faced_evalmode_frozen_probe_s42_20260804,
aligned_vs_frozen_probe,CBraMod,faced,channel_patch,42,interaction_aligned,frozen_probe,balanced_accuracy,0.3951959205582394,0.3750670960815888,0.020128824476650597,1,0.046423784167050425,PAIR_ARTIFACT_UNVERIFIED,True,False,full configuration-level nuisance matching not yet manually confirmed,faced_evalmode_frozen_channel_patch_s42_lr5e-4_20260804,faced_evalmode_frozen_probe_s42_20260804,
aligned_vs_frozen_probe,CBraMod,faced,channel_patch,42,interaction_aligned,frozen_probe,cohen_kappa,0.31846788646688606,0.2979704219770135,0.020497464489872552,1,0.046423784167050425,PAIR_ARTIFACT_UNVERIFIED,True,False,full configuration-level nuisance matching not yet manually confirmed,faced_evalmode_frozen_channel_patch_s42_lr5e-4_20260804,faced_evalmode_frozen_probe_s42_20260804,
aligned_vs_frozen_probe,CBraMod,faced,channel_patch,42,interaction_aligned,frozen_probe,macro_f1,0.39505783033163044,0.37618588879858567,0.018871941533044778,1,0.046423784167050425,PAIR_ARTIFACT_UNVERIFIED,True,False,full configuration-level nuisance matching not yet manually confirmed,faced_evalmode_frozen_channel_patch_s42_lr5e-4_20260804,faced_evalmode_frozen_probe_s42_20260804,
aligned_vs_frozen_probe,CBraMod,faced,channel_patch,42,interaction_aligned,frozen_probe,weighted_f1,0.3943868787640964,0.3768114208915497,0.017575457872546718,1,0.046423784167050425,PAIR_ARTIFACT_UNVERIFIED,True,False,full configuration-level nuisance matching not yet manually confirmed,faced_evalmode_frozen_channel_patch_s42_lr5e-4_20260804,faced_evalmode_frozen_probe_s42_20260804,
aligned_vs_frozen_probe,CBraMod,faced,channel,1024,interaction_aligned,frozen_probe,balanced_accuracy,0.37815351583467527,0.37909286097691897,-0.0009393451422436971,0,0.023211892083525212,PAIR_ARTIFACT_UNVERIFIED,True,False,full configuration-level nuisance matching not yet manually confirmed,faced_evalmode_frozen_channel_s1024_lr5e-4_20260804,faced_evalmode_frozen_probe_s1024_20260804,
aligned_vs_frozen_probe,CBraMod,faced,channel,1024,interaction_aligned,frozen_probe,cohen_kappa,0.3004379562043795,0.2997519954984057,0.0006859607059738204,1,0.023211892083525212,PAIR_ARTIFACT_UNVERIFIED,True,False,full configuration-level nuisance matching not yet manually confirmed,faced_evalmode_frozen_channel_s1024_lr5e-4_20260804,faced_evalmode_frozen_probe_s1024_20260804,
aligned_vs_frozen_probe,CBraMod,faced,channel,1024,interaction_aligned,frozen_probe,macro_f1,0.3787534865242982,0.3795963124311903,-0.0008428259068921085,0,0.023211892083525212,PAIR_ARTIFACT_UNVERIFIED,True,False,full configuration-level nuisance matching not yet manually confirmed,faced_evalmode_frozen_channel_s1024_lr5e-4_20260804,faced_evalmode_frozen_probe_s1024_20260804,
aligned_vs_frozen_probe,CBraMod,faced,channel,1024,interaction_aligned,frozen_probe,weighted_f1,0.378690747902424,0.3784459502731745,0.00024479762924950466,1,0.023211892083525212,PAIR_ARTIFACT_UNVERIFIED,True,False,full configuration-level nuisance matching not yet manually confirmed,faced_evalmode_frozen_channel_s1024_lr5e-4_20260804,faced_evalmode_frozen_probe_s1024_20260804,
aligned_vs_frozen_probe,CBraMod,faced,patch,1024,interaction_aligned,frozen_probe,balanced_accuracy,0.3824476650563607,0.37909286097691897,0.00335480407944172,1,0.023211892083525212,PAIR_ARTIFACT_UNVERIFIED,True,False,full configuration-level nuisance matching not yet manually confirmed,faced_evalmode_frozen_patch_s1024_lr5e-4_20260804,faced_evalmode_frozen_probe_s1024_20260804,
aligned_vs_frozen_probe,CBraMod,faced,patch,1024,interaction_aligned,frozen_probe,cohen_kappa,0.3047285464098074,0.2997519954984057,0.0049765509114017,1,0.023211892083525212,PAIR_ARTIFACT_UNVERIFIED,True,False,full configuration-level nuisance matching not yet manually confirmed,faced_evalmode_frozen_patch_s1024_lr5e-4_20260804,faced_evalmode_frozen_probe_s1024_20260804,
aligned_vs_frozen_probe,CBraMod,faced,patch,1024,interaction_aligned,frozen_probe,macro_f1,0.3825379109622883,0.3795963124311903,0.0029415985310979886,1,0.023211892083525212,PAIR_ARTIFACT_UNVERIFIED,True,False,full configuration-level nuisance matching not yet manually confirmed,faced_evalmode_frozen_patch_s1024_lr5e-4_20260804,faced_evalmode_frozen_probe_s1024_20260804,
aligned_vs_frozen_probe,CBraMod,faced,patch,1024,interaction_aligned,frozen_probe,weighted_f1,0.3821811648424867,0.3784459502731745,0.003735214569312195,1,0.023211892083525212,PAIR_ARTIFACT_UNVERIFIED,True,False,full configuration-level nuisance matching not yet manually confirmed,faced_evalmode_frozen_patch_s1024_lr5e-4_20260804,faced_evalmode_frozen_probe_s1024_20260804,
aligned_vs_frozen_probe,CBraMod,faced,channel_patch,1024,interaction_aligned,frozen_probe,balanced_accuracy,0.3875469672571122,0.37909286097691897,0.008454106280193219,1,0.046423784167050425,PAIR_ARTIFACT_UNVERIFIED,True,False,full configuration-level nuisance matching not yet manually confirmed,faced_evalmode_frozen_channel_patch_s1024_lr5e-4_20260804,faced_evalmode_frozen_probe_s1024_20260804,
aligned_vs_frozen_probe,CBraMod,faced,channel_patch,1024,interaction_aligned,frozen_probe,cohen_kappa,0.3088363954505686,0.2997519954984057,0.009084399952162925,1,0.046423784167050425,PAIR_ARTIFACT_UNVERIFIED,True,False,full configuration-level nuisance matching not yet manually confirmed,faced_evalmode_frozen_channel_patch_s1024_lr5e-4_20260804,faced_evalmode_frozen_probe_s1024_20260804,
aligned_vs_frozen_probe,CBraMod,faced,channel_patch,1024,interaction_aligned,frozen_probe,macro_f1,0.387896632331497,0.3795963124311903,0.008300319900306719,1,0.046423784167050425,PAIR_ARTIFACT_UNVERIFIED,True,False,full configuration-level nuisance matching not yet manually confirmed,faced_evalmode_frozen_channel_patch_s1024_lr5e-4_20260804,faced_evalmode_frozen_probe_s1024_20260804,
aligned_vs_frozen_probe,CBraMod,faced,channel_patch,1024,interaction_aligned,frozen_probe,weighted_f1,0.3865745094976027,0.3784459502731745,0.008128559224428178,1,0.046423784167050425,PAIR_ARTIFACT_UNVERIFIED,True,False,full configuration-level nuisance matching not yet manually confirmed,faced_evalmode_frozen_channel_patch_s1024_lr5e-4_20260804,faced_evalmode_frozen_probe_s1024_20260804,
aligned_vs_frozen_probe,CBraMod,faced,channel,3407,interaction_aligned,frozen_probe,balanced_accuracy,0.37654320987654316,0.3789586688137413,-0.002415458937198134,0,0.023211892083525212,PAIR_ARTIFACT_UNVERIFIED,True,False,full configuration-level nuisance matching not yet manually confirmed,faced_evalmode_frozen_channel_s3407_lr5e-4_20260804,faced_evalmode_frozen_probe_s3407_20260804,
aligned_vs_frozen_probe,CBraMod,faced,channel,3407,interaction_aligned,frozen_probe,cohen_kappa,0.2984813084112149,0.30011674449633086,-0.00163543608511596,0,0.023211892083525212,PAIR_ARTIFACT_UNVERIFIED,True,False,full configuration-level nuisance matching not yet manually confirmed,faced_evalmode_frozen_channel_s3407_lr5e-4_20260804,faced_evalmode_frozen_probe_s3407_20260804,
aligned_vs_frozen_probe,CBraMod,faced,channel,3407,interaction_aligned,frozen_probe,macro_f1,0.37761446006560856,0.38084727771879767,-0.003232817653189113,0,0.023211892083525212,PAIR_ARTIFACT_UNVERIFIED,True,False,full configuration-level nuisance matching not yet manually confirmed,faced_evalmode_frozen_channel_s3407_lr5e-4_20260804,faced_evalmode_frozen_probe_s3407_20260804,
aligned_vs_frozen_probe,CBraMod,faced,channel,3407,interaction_aligned,frozen_probe,weighted_f1,0.3772978722061226,0.3799335591536526,-0.002635686947530025,0,0.023211892083525212,PAIR_ARTIFACT_UNVERIFIED,True,False,full configuration-level nuisance matching not yet manually confirmed,faced_evalmode_frozen_channel_s3407_lr5e-4_20260804,faced_evalmode_frozen_probe_s3407_20260804,
aligned_vs_frozen_probe,CBraMod,faced,patch,3407,interaction_aligned,frozen_probe,balanced_accuracy,0.39492753623188404,0.3789586688137413,0.01596886741814274,1,0.023211892083525212,PAIR_ARTIFACT_UNVERIFIED,True,False,full configuration-level nuisance matching not yet manually confirmed,faced_evalmode_frozen_patch_s3407_lr5e-4_20260804,faced_evalmode_frozen_probe_s3407_20260804,
aligned_vs_frozen_probe,CBraMod,faced,patch,3407,interaction_aligned,frozen_probe,cohen_kappa,0.3175710863451724,0.30011674449633086,0.017454341848841537,1,0.023211892083525212,PAIR_ARTIFACT_UNVERIFIED,True,False,full configuration-level nuisance matching not yet manually confirmed,faced_evalmode_frozen_patch_s3407_lr5e-4_20260804,faced_evalmode_frozen_probe_s3407_20260804,
aligned_vs_frozen_probe,CBraMod,faced,patch,3407,interaction_aligned,frozen_probe,macro_f1,0.394399891034501,0.38084727771879767,0.013552613315703343,1,0.023211892083525212,PAIR_ARTIFACT_UNVERIFIED,True,False,full configuration-level nuisance matching not yet manually confirmed,faced_evalmode_frozen_patch_s3407_lr5e-4_20260804,faced_evalmode_frozen_probe_s3407_20260804,
aligned_vs_frozen_probe,CBraMod,faced,patch,3407,interaction_aligned,frozen_probe,weighted_f1,0.39344903177876545,0.3799335591536526,0.013515472625112823,1,0.023211892083525212,PAIR_ARTIFACT_UNVERIFIED,True,False,full configuration-level nuisance matching not yet manually confirmed,faced_evalmode_frozen_patch_s3407_lr5e-4_20260804,faced_evalmode_frozen_probe_s3407_20260804,
aligned_vs_frozen_probe,CBraMod,faced,channel_patch,3407,interaction_aligned,frozen_probe,balanced_accuracy,0.39023081052066555,0.3789586688137413,0.011272141706924255,1,0.046423784167050425,PAIR_ARTIFACT_UNVERIFIED,True,False,full configuration-level nuisance matching not yet manually confirmed,faced_evalmode_frozen_channel_patch_s3407_lr5e-4_20260804,faced_evalmode_frozen_probe_s3407_20260804,
aligned_vs_frozen_probe,CBraMod,faced,channel_patch,3407,interaction_aligned,frozen_probe,cohen_kappa,0.31227865505603936,0.30011674449633086,0.0121619105597085,1,0.046423784167050425,PAIR_ARTIFACT_UNVERIFIED,True,False,full configuration-level nuisance matching not yet manually confirmed,faced_evalmode_frozen_channel_patch_s3407_lr5e-4_20260804,faced_evalmode_frozen_probe_s3407_20260804,
aligned_vs_frozen_probe,CBraMod,faced,channel_patch,3407,interaction_aligned,frozen_probe,macro_f1,0.389112028967704,0.38084727771879767,0.008264751248906355,1,0.046423784167050425,PAIR_ARTIFACT_UNVERIFIED,True,False,full configuration-level nuisance matching not yet manually confirmed,faced_evalmode_frozen_channel_patch_s3407_lr5e-4_20260804,faced_evalmode_frozen_probe_s3407_20260804,
aligned_vs_frozen_probe,CBraMod,faced,channel_patch,3407,interaction_aligned,frozen_probe,weighted_f1,0.3881569328609679,0.3799335591536526,0.008223373707315296,1,0.046423784167050425,PAIR_ARTIFACT_UNVERIFIED,True,False,full configuration-level nuisance matching not yet manually confirmed,faced_evalmode_frozen_channel_patch_s3407_lr5e-4_20260804,faced_evalmode_frozen_probe_s3407_20260804,
aligned_vs_frozen_probe,CBraMod,isruc,channel,42,interaction_aligned,frozen_probe,balanced_accuracy,0.7433502181558147,0.7542625984571867,-0.010912380301371982,0,0.13806625985334728,PAIR_ARTIFACT_UNVERIFIED,True,False,full configuration-level nuisance matching not yet manually confirmed,isruc_cbramod_frozen_channel_s42_lr2e-4_b8_e20,isruc_cbramod_frozen_probe_s42_lr2e-4_b8_e20,
aligned_vs_frozen_probe,CBraMod,isruc,channel,42,interaction_aligned,frozen_probe,cohen_kappa,0.6930913158934278,0.7041219340097529,-0.011030618116325108,0,0.13806625985334728,PAIR_ARTIFACT_UNVERIFIED,True,False,full configuration-level nuisance matching not yet manually confirmed,isruc_cbramod_frozen_channel_s42_lr2e-4_b8_e20,isruc_cbramod_frozen_probe_s42_lr2e-4_b8_e20,
aligned_vs_frozen_probe,CBraMod,isruc,channel,42,interaction_aligned,frozen_probe,macro_f1,0.7248673706374896,0.7465727382575784,-0.02170536762008879,0,0.13806625985334728,PAIR_ARTIFACT_UNVERIFIED,True,False,full configuration-level nuisance matching not yet manually confirmed,isruc_cbramod_frozen_channel_s42_lr2e-4_b8_e20,isruc_cbramod_frozen_probe_s42_lr2e-4_b8_e20,
aligned_vs_frozen_probe,CBraMod,isruc,channel,42,interaction_aligned,frozen_probe,weighted_f1,0.7527917529488668,0.767764261252889,-0.014972508304022192,0,0.13806625985334728,PAIR_ARTIFACT_UNVERIFIED,True,False,full configuration-level nuisance matching not yet manually confirmed,isruc_cbramod_frozen_channel_s42_lr2e-4_b8_e20,isruc_cbramod_frozen_probe_s42_lr2e-4_b8_e20,
aligned_vs_frozen_probe,CBraMod,isruc,patch,42,interaction_aligned,frozen_probe,balanced_accuracy,0.7428491008591609,0.7542625984571867,-0.01141349759802579,0,0.13806625985334728,PAIR_ARTIFACT_UNVERIFIED,True,False,full configuration-level nuisance matching not yet manually confirmed,isruc_cbramod_frozen_patch_s42_lr2e-4_b8_e20,isruc_cbramod_frozen_probe_s42_lr2e-4_b8_e20,
aligned_vs_frozen_probe,CBraMod,isruc,patch,42,interaction_aligned,frozen_probe,cohen_kappa,0.693361020362675,0.7041219340097529,-0.010760913647077874,0,0.13806625985334728,PAIR_ARTIFACT_UNVERIFIED,True,False,full configuration-level nuisance matching not yet manually confirmed,isruc_cbramod_frozen_patch_s42_lr2e-4_b8_e20,isruc_cbramod_frozen_probe_s42_lr2e-4_b8_e20,
aligned_vs_frozen_probe,CBraMod,isruc,patch,42,interaction_aligned,frozen_probe,macro_f1,0.7241756357304281,0.7465727382575784,-0.022397102527150325,0,0.13806625985334728,PAIR_ARTIFACT_UNVERIFIED,True,False,full configuration-level nuisance matching not yet manually confirmed,isruc_cbramod_frozen_patch_s42_lr2e-4_b8_e20,isruc_cbramod_frozen_probe_s42_lr2e-4_b8_e20,
aligned_vs_frozen_probe,CBraMod,isruc,patch,42,interaction_aligned,frozen_probe,weighted_f1,0.7542565916279415,0.767764261252889,-0.013507669624947538,0,0.13806625985334728,PAIR_ARTIFACT_UNVERIFIED,True,False,full configuration-level nuisance matching not yet manually confirmed,isruc_cbramod_frozen_patch_s42_lr2e-4_b8_e20,isruc_cbramod_frozen_probe_s42_lr2e-4_b8_e20,
aligned_vs_frozen_probe,CBraMod,isruc,channel_patch,42,interaction_aligned,frozen_probe,balanced_accuracy,0.7541019622189131,0.7542625984571867,-0.00016063623827355933,0,0.27613251970669456,PAIR_ARTIFACT_UNVERIFIED,True,False,full configuration-level nuisance matching not yet manually confirmed,isruc_cbramod_frozen_channel_patch_s42_lr2e-4_b8_e20,isruc_cbramod_frozen_probe_s42_lr2e-4_b8_e20,
aligned_vs_frozen_probe,CBraMod,isruc,channel_patch,42,interaction_aligned,frozen_probe,cohen_kappa,0.7119569714407924,0.7041219340097529,0.007835037431039527,1,0.27613251970669456,PAIR_ARTIFACT_UNVERIFIED,True,False,full configuration-level nuisance matching not yet manually confirmed,isruc_cbramod_frozen_channel_patch_s42_lr2e-4_b8_e20,isruc_cbramod_frozen_probe_s42_lr2e-4_b8_e20,
aligned_vs_frozen_probe,CBraMod,isruc,channel_patch,42,interaction_aligned,frozen_probe,macro_f1,0.7471509189075352,0.7465727382575784,0.0005781806499567388,1,0.27613251970669456,PAIR_ARTIFACT_UNVERIFIED,True,False,full configuration-level nuisance matching not yet manually confirmed,isruc_cbramod_frozen_channel_patch_s42_lr2e-4_b8_e20,isruc_cbramod_frozen_probe_s42_lr2e-4_b8_e20,
aligned_vs_frozen_probe,CBraMod,isruc,channel_patch,42,interaction_aligned,frozen_probe,weighted_f1,0.7732663754247068,0.767764261252889,0.005502114171817785,1,0.27613251970669456,PAIR_ARTIFACT_UNVERIFIED,True,False,full configuration-level nuisance matching not yet manually confirmed,isruc_cbramod_frozen_channel_patch_s42_lr2e-4_b8_e20,isruc_cbramod_frozen_probe_s42_lr2e-4_b8_e20,
aligned_vs_frozen_probe,CBraMod,isruc,channel,3407,interaction_aligned,frozen_probe,balanced_accuracy,0.7507157513471675,0.7599638783089742,-0.009248126961806657,0,0.05075631636346674,PAIR_ARTIFACT_UNVERIFIED,True,False,full configuration-level nuisance matching not yet manually confirmed,isruc_cbramod_alpha0_frozen_channel_r32_s3407,isruc_cbramod_frozen_probe_s3407_lr2e-4_b8_e20,
aligned_vs_frozen_probe,CBraMod,isruc,channel,3407,interaction_aligned,frozen_probe,cohen_kappa,0.7104063642919359,0.7225676263771739,-0.012161262085237934,0,0.05075631636346674,PAIR_ARTIFACT_UNVERIFIED,True,False,full configuration-level nuisance matching not yet manually confirmed,isruc_cbramod_alpha0_frozen_channel_r32_s3407,isruc_cbramod_frozen_probe_s3407_lr2e-4_b8_e20,
aligned_vs_frozen_probe,CBraMod,isruc,channel,3407,interaction_aligned,frozen_probe,macro_f1,0.746691753647598,0.7574594748575196,-0.010767721209921643,0,0.05075631636346674,PAIR_ARTIFACT_UNVERIFIED,True,False,full configuration-level nuisance matching not yet manually confirmed,isruc_cbramod_alpha0_frozen_channel_r32_s3407,isruc_cbramod_frozen_probe_s3407_lr2e-4_b8_e20,
aligned_vs_frozen_probe,CBraMod,isruc,channel,3407,interaction_aligned,frozen_probe,weighted_f1,0.7727219306643444,0.7853328223561034,-0.012610891691758996,0,0.05075631636346674,PAIR_ARTIFACT_UNVERIFIED,True,False,full configuration-level nuisance matching not yet manually confirmed,isruc_cbramod_alpha0_frozen_channel_r32_s3407,isruc_cbramod_frozen_probe_s3407_lr2e-4_b8_e20,
aligned_vs_frozen_probe,CBraMod,isruc,channel,1024,interaction_aligned,frozen_probe,balanced_accuracy,0.7501866977937308,0.7543855637013218,-0.004198865907590998,0,0.05075631636346674,PAIR_ARTIFACT_UNVERIFIED,True,False,full configuration-level nuisance matching not yet manually confirmed,isruc_cbramod_alpha0_frozen_channel_r32_s1024,isruc_cbramod_frozen_probe_s1024_lr2e-4_b8_e20,
aligned_vs_frozen_probe,CBraMod,isruc,channel,1024,interaction_aligned,frozen_probe,cohen_kappa,0.698797224924274,0.7069015499765529,-0.008104325052278871,0,0.05075631636346674,PAIR_ARTIFACT_UNVERIFIED,True,False,full configuration-level nuisance matching not yet manually confirmed,isruc_cbramod_alpha0_frozen_channel_r32_s1024,isruc_cbramod_frozen_probe_s1024_lr2e-4_b8_e20,
aligned_vs_frozen_probe,CBraMod,isruc,channel,1024,interaction_aligned,frozen_probe,macro_f1,0.7413308935511482,0.7509045801707795,-0.009573686619631316,0,0.05075631636346674,PAIR_ARTIFACT_UNVERIFIED,True,False,full configuration-level nuisance matching not yet manually confirmed,isruc_cbramod_alpha0_frozen_channel_r32_s1024,isruc_cbramod_frozen_probe_s1024_lr2e-4_b8_e20,
aligned_vs_frozen_probe,CBraMod,isruc,channel,1024,interaction_aligned,frozen_probe,weighted_f1,0.7635002213767207,0.7720601779743427,-0.008559956597621987,0,0.05075631636346674,PAIR_ARTIFACT_UNVERIFIED,True,False,full configuration-level nuisance matching not yet manually confirmed,isruc_cbramod_alpha0_frozen_channel_r32_s1024,isruc_cbramod_frozen_probe_s1024_lr2e-4_b8_e20,
aligned_vs_frozen_probe,CBraMod,isruc,patch,3407,interaction_aligned,frozen_probe,balanced_accuracy,0.751728362361652,0.7599638783089742,-0.008235515947322192,0,0.05075631636346674,PAIR_ARTIFACT_UNVERIFIED,True,False,full configuration-level nuisance matching not yet manually confirmed,isruc_cbramod_alpha0_frozen_patch_r32_s3407,isruc_cbramod_frozen_probe_s3407_lr2e-4_b8_e20,
aligned_vs_frozen_probe,CBraMod,isruc,patch,3407,interaction_aligned,frozen_probe,cohen_kappa,0.7081978366685706,0.7225676263771739,-0.014369789708603253,0,0.05075631636346674,PAIR_ARTIFACT_UNVERIFIED,True,False,full configuration-level nuisance matching not yet manually confirmed,isruc_cbramod_alpha0_frozen_patch_r32_s3407,isruc_cbramod_frozen_probe_s3407_lr2e-4_b8_e20,
aligned_vs_frozen_probe,CBraMod,isruc,patch,3407,interaction_aligned,frozen_probe,macro_f1,0.7501864111008701,0.7574594748575196,-0.007273063756649489,0,0.05075631636346674,PAIR_ARTIFACT_UNVERIFIED,True,False,full configuration-level nuisance matching not yet manually confirmed,isruc_cbramod_alpha0_frozen_patch_r32_s3407,isruc_cbramod_frozen_probe_s3407_lr2e-4_b8_e20,
aligned_vs_frozen_probe,CBraMod,isruc,patch,3407,interaction_aligned,frozen_probe,weighted_f1,0.7719204480684727,0.7853328223561034,-0.013412374287630646,0,0.05075631636346674,PAIR_ARTIFACT_UNVERIFIED,True,False,full configuration-level nuisance matching not yet manually confirmed,isruc_cbramod_alpha0_frozen_patch_r32_s3407,isruc_cbramod_frozen_probe_s3407_lr2e-4_b8_e20,
aligned_vs_frozen_probe,CBraMod,isruc,patch,1024,interaction_aligned,frozen_probe,balanced_accuracy,0.7506977400259212,0.7543855637013218,-0.003687823675400659,0,0.05075631636346674,PAIR_ARTIFACT_UNVERIFIED,True,False,full configuration-level nuisance matching not yet manually confirmed,isruc_cbramod_alpha0_frozen_patch_r32_s1024,isruc_cbramod_frozen_probe_s1024_lr2e-4_b8_e20,
aligned_vs_frozen_probe,CBraMod,isruc,patch,1024,interaction_aligned,frozen_probe,cohen_kappa,0.7084492340465698,0.7069015499765529,0.0015476840700169303,1,0.05075631636346674,PAIR_ARTIFACT_UNVERIFIED,True,False,full configuration-level nuisance matching not yet manually confirmed,isruc_cbramod_alpha0_frozen_patch_r32_s1024,isruc_cbramod_frozen_probe_s1024_lr2e-4_b8_e20,
aligned_vs_frozen_probe,CBraMod,isruc,patch,1024,interaction_aligned,frozen_probe,macro_f1,0.7501811391137457,0.7509045801707795,-0.0007234410570338135,0,0.05075631636346674,PAIR_ARTIFACT_UNVERIFIED,True,False,full configuration-level nuisance matching not yet manually confirmed,isruc_cbramod_alpha0_frozen_patch_r32_s1024,isruc_cbramod_frozen_probe_s1024_lr2e-4_b8_e20,
aligned_vs_frozen_probe,CBraMod,isruc,patch,1024,interaction_aligned,frozen_probe,weighted_f1,0.7740439924086199,0.7720601779743427,0.001983814434277198,1,0.05075631636346674,PAIR_ARTIFACT_UNVERIFIED,True,False,full configuration-level nuisance matching not yet manually confirmed,isruc_cbramod_alpha0_frozen_patch_r32_s1024,isruc_cbramod_frozen_probe_s1024_lr2e-4_b8_e20,
aligned_vs_frozen_probe,CBraMod,isruc,channel_patch,3407,interaction_aligned,frozen_probe,balanced_accuracy,0.7582700564676808,0.7599638783089742,-0.001693821841293408,0,0.10151263272693348,PAIR_ARTIFACT_UNVERIFIED,True,False,full configuration-level nuisance matching not yet manually confirmed,isruc_cbramod_alpha0_frozen_channel_patch_r32_s3407,isruc_cbramod_frozen_probe_s3407_lr2e-4_b8_e20,
aligned_vs_frozen_probe,CBraMod,isruc,channel_patch,3407,interaction_aligned,frozen_probe,cohen_kappa,0.7177018636118719,0.7225676263771739,-0.004865762765301929,0,0.10151263272693348,PAIR_ARTIFACT_UNVERIFIED,True,False,full configuration-level nuisance matching not yet manually confirmed,isruc_cbramod_alpha0_frozen_channel_patch_r32_s3407,isruc_cbramod_frozen_probe_s3407_lr2e-4_b8_e20,
aligned_vs_frozen_probe,CBraMod,isruc,channel_patch,3407,interaction_aligned,frozen_probe,macro_f1,0.7560127141520887,0.7574594748575196,-0.0014467607054309273,0,0.10151263272693348,PAIR_ARTIFACT_UNVERIFIED,True,False,full configuration-level nuisance matching not yet manually confirmed,isruc_cbramod_alpha0_frozen_channel_patch_r32_s3407,isruc_cbramod_frozen_probe_s3407_lr2e-4_b8_e20,
aligned_vs_frozen_probe,CBraMod,isruc,channel_patch,3407,interaction_aligned,frozen_probe,weighted_f1,0.779714160419938,0.7853328223561034,-0.005618661936165337,0,0.10151263272693348,PAIR_ARTIFACT_UNVERIFIED,True,False,full configuration-level nuisance matching not yet manually confirmed,isruc_cbramod_alpha0_frozen_channel_patch_r32_s3407,isruc_cbramod_frozen_probe_s3407_lr2e-4_b8_e20,
aligned_vs_frozen_probe,CBraMod,isruc,channel_patch,1024,interaction_aligned,frozen_probe,balanced_accuracy,0.7467958307219527,0.7543855637013218,-0.007589732979369157,0,0.10151263272693348,PAIR_ARTIFACT_UNVERIFIED,True,False,full configuration-level nuisance matching not yet manually confirmed,isruc_cbramod_alpha0_frozen_channel_patch_r32_s1024,isruc_cbramod_frozen_probe_s1024_lr2e-4_b8_e20,
aligned_vs_frozen_probe,CBraMod,isruc,channel_patch,1024,interaction_aligned,frozen_probe,cohen_kappa,0.7140817188339508,0.7069015499765529,0.007180168857397917,1,0.10151263272693348,PAIR_ARTIFACT_UNVERIFIED,True,False,full configuration-level nuisance matching not yet manually confirmed,isruc_cbramod_alpha0_frozen_channel_patch_r32_s1024,isruc_cbramod_frozen_probe_s1024_lr2e-4_b8_e20,
aligned_vs_frozen_probe,CBraMod,isruc,channel_patch,1024,interaction_aligned,frozen_probe,macro_f1,0.7421781037924606,0.7509045801707795,-0.008726476378318915,0,0.10151263272693348,PAIR_ARTIFACT_UNVERIFIED,True,False,full configuration-level nuisance matching not yet manually confirmed,isruc_cbramod_alpha0_frozen_channel_patch_r32_s1024,isruc_cbramod_frozen_probe_s1024_lr2e-4_b8_e20,
aligned_vs_frozen_probe,CBraMod,isruc,channel_patch,1024,interaction_aligned,frozen_probe,weighted_f1,0.7727081374220769,0.7720601779743427,0.0006479594477342143,1,0.10151263272693348,PAIR_ARTIFACT_UNVERIFIED,True,False,full configuration-level nuisance matching not yet manually confirmed,isruc_cbramod_alpha0_frozen_channel_patch_r32_s1024,isruc_cbramod_frozen_probe_s1024_lr2e-4_b8_e20,
aligned_vs_frozen_probe,CBraMod,physionet_mi,channel,42,interaction_aligned,frozen_probe,balanced_accuracy,0.5392313995057074,0.5404099732452281,-0.001178573739520683,0,0.07247979684937947,PAIR_ARTIFACT_UNVERIFIED,True,False,full configuration-level nuisance matching not yet manually confirmed,physionet_mi_cbramod_frozen_channel_r64_s42_lr2e-4_b64_e40,physionet_mi_cbramod_frozen_probe_s42_lr2e-4_b64_e40,
aligned_vs_frozen_probe,CBraMod,physionet_mi,channel,42,interaction_aligned,frozen_probe,cohen_kappa,0.38554458482747767,0.38705358314524163,-0.0015089983177639654,0,0.07247979684937947,PAIR_ARTIFACT_UNVERIFIED,True,False,full configuration-level nuisance matching not yet manually confirmed,physionet_mi_cbramod_frozen_channel_r64_s42_lr2e-4_b64_e40,physionet_mi_cbramod_frozen_probe_s42_lr2e-4_b64_e40,
aligned_vs_frozen_probe,CBraMod,physionet_mi,channel,42,interaction_aligned,frozen_probe,macro_f1,0.541705919662576,0.542561038807855,-0.0008551191452790263,0,0.07247979684937947,PAIR_ARTIFACT_UNVERIFIED,True,False,full configuration-level nuisance matching not yet manually confirmed,physionet_mi_cbramod_frozen_channel_r64_s42_lr2e-4_b64_e40,physionet_mi_cbramod_frozen_probe_s42_lr2e-4_b64_e40,
aligned_vs_frozen_probe,CBraMod,physionet_mi,channel,42,interaction_aligned,frozen_probe,weighted_f1,0.5416744180025194,0.5424948095549804,-0.0008203915524610528,0,0.07247979684937947,PAIR_ARTIFACT_UNVERIFIED,True,False,full configuration-level nuisance matching not yet manually confirmed,physionet_mi_cbramod_frozen_channel_r64_s42_lr2e-4_b64_e40,physionet_mi_cbramod_frozen_probe_s42_lr2e-4_b64_e40,
aligned_vs_frozen_probe,CBraMod,physionet_mi,patch,42,interaction_aligned,frozen_probe,balanced_accuracy,0.5231767658035582,0.5404099732452281,-0.017233207441669895,0,0.07247979684937947,PAIR_ARTIFACT_UNVERIFIED,True,False,full configuration-level nuisance matching not yet manually confirmed,physionet_mi_cbramod_frozen_patch_r64_s42_lr2e-4_b64_e40,physionet_mi_cbramod_frozen_probe_s42_lr2e-4_b64_e40,
aligned_vs_frozen_probe,CBraMod,physionet_mi,patch,42,interaction_aligned,frozen_probe,cohen_kappa,0.36413487436724334,0.38705358314524163,-0.022918708777998287,0,0.07247979684937947,PAIR_ARTIFACT_UNVERIFIED,True,False,full configuration-level nuisance matching not yet manually confirmed,physionet_mi_cbramod_frozen_patch_r64_s42_lr2e-4_b64_e40,physionet_mi_cbramod_frozen_probe_s42_lr2e-4_b64_e40,
aligned_vs_frozen_probe,CBraMod,physionet_mi,patch,42,interaction_aligned,frozen_probe,macro_f1,0.5234802564982007,0.542561038807855,-0.019080782309654265,0,0.07247979684937947,PAIR_ARTIFACT_UNVERIFIED,True,False,full configuration-level nuisance matching not yet manually confirmed,physionet_mi_cbramod_frozen_patch_r64_s42_lr2e-4_b64_e40,physionet_mi_cbramod_frozen_probe_s42_lr2e-4_b64_e40,
aligned_vs_frozen_probe,CBraMod,physionet_mi,patch,42,interaction_aligned,frozen_probe,weighted_f1,0.5234426855190963,0.5424948095549804,-0.019052124035884077,0,0.07247979684937947,PAIR_ARTIFACT_UNVERIFIED,True,False,full configuration-level nuisance matching not yet manually confirmed,physionet_mi_cbramod_frozen_patch_r64_s42_lr2e-4_b64_e40,physionet_mi_cbramod_frozen_probe_s42_lr2e-4_b64_e40,
aligned_vs_frozen_probe,CBraMod,physionet_mi,channel_patch,42,interaction_aligned,frozen_probe,balanced_accuracy,0.5563284808016258,0.5404099732452281,0.015918507556397676,1,0.14495959369875894,PAIR_ARTIFACT_UNVERIFIED,True,False,full configuration-level nuisance matching not yet manually confirmed,physionet_mi_cbramod_frozen_channel_patch_r64_s42_lr2e-4_b64_e40,physionet_mi_cbramod_frozen_probe_s42_lr2e-4_b64_e40,
aligned_vs_frozen_probe,CBraMod,physionet_mi,channel_patch,42,interaction_aligned,frozen_probe,cohen_kappa,0.4084043980851071,0.38705358314524163,0.02135081493986546,1,0.14495959369875894,PAIR_ARTIFACT_UNVERIFIED,True,False,full configuration-level nuisance matching not yet manually confirmed,physionet_mi_cbramod_frozen_channel_patch_r64_s42_lr2e-4_b64_e40,physionet_mi_cbramod_frozen_probe_s42_lr2e-4_b64_e40,
aligned_vs_frozen_probe,CBraMod,physionet_mi,channel_patch,42,interaction_aligned,frozen_probe,macro_f1,0.5589373627887834,0.542561038807855,0.016376323980928364,1,0.14495959369875894,PAIR_ARTIFACT_UNVERIFIED,True,False,full configuration-level nuisance matching not yet manually confirmed,physionet_mi_cbramod_frozen_channel_patch_r64_s42_lr2e-4_b64_e40,physionet_mi_cbramod_frozen_probe_s42_lr2e-4_b64_e40,
aligned_vs_frozen_probe,CBraMod,physionet_mi,channel_patch,42,interaction_aligned,frozen_probe,weighted_f1,0.5589193862134213,0.5424948095549804,0.01642457665844088,1,0.14495959369875894,PAIR_ARTIFACT_UNVERIFIED,True,False,full configuration-level nuisance matching not yet manually confirmed,physionet_mi_cbramod_frozen_channel_patch_r64_s42_lr2e-4_b64_e40,physionet_mi_cbramod_frozen_probe_s42_lr2e-4_b64_e40,
aligned_vs_frozen_probe,CBraMod,physionet_mi,channel,1024,interaction_aligned,frozen_probe,balanced_accuracy,0.5552695052871399,0.5425242785108676,0.012745226776272323,1,0.07247979684937947,PAIR_ARTIFACT_UNVERIFIED,True,False,full configuration-level nuisance matching not yet manually confirmed,physionet_mi_cbramod_frozen_channel_s1024_r64_lr2e-4_b64_e40,physionet_mi_cbramod_frozen_probe_s1024_lr2e-4_b64_e40,
aligned_vs_frozen_probe,CBraMod,physionet_mi,channel,1024,interaction_aligned,frozen_probe,cohen_kappa,0.40693927386864703,0.38996257280585844,0.01697670106278859,1,0.07247979684937947,PAIR_ARTIFACT_UNVERIFIED,True,False,full configuration-level nuisance matching not yet manually confirmed,physionet_mi_cbramod_frozen_channel_s1024_r64_lr2e-4_b64_e40,physionet_mi_cbramod_frozen_probe_s1024_lr2e-4_b64_e40,
aligned_vs_frozen_probe,CBraMod,physionet_mi,channel,1024,interaction_aligned,frozen_probe,macro_f1,0.5545717673204273,0.5440738589439391,0.01049790837648823,1,0.07247979684937947,PAIR_ARTIFACT_UNVERIFIED,True,False,full configuration-level nuisance matching not yet manually confirmed,physionet_mi_cbramod_frozen_channel_s1024_r64_lr2e-4_b64_e40,physionet_mi_cbramod_frozen_probe_s1024_lr2e-4_b64_e40,
aligned_vs_frozen_probe,CBraMod,physionet_mi,channel,1024,interaction_aligned,frozen_probe,weighted_f1,0.5545100653436812,0.5440560821872225,0.010453983156458735,1,0.07247979684937947,PAIR_ARTIFACT_UNVERIFIED,True,False,full configuration-level nuisance matching not yet manually confirmed,physionet_mi_cbramod_frozen_channel_s1024_r64_lr2e-4_b64_e40,physionet_mi_cbramod_frozen_probe_s1024_lr2e-4_b64_e40,
aligned_vs_frozen_probe,CBraMod,physionet_mi,channel,3407,interaction_aligned,frozen_probe,balanced_accuracy,0.5402712924306594,0.5475023720990332,-0.007231079668373774,0,0.07247979684937947,PAIR_ARTIFACT_UNVERIFIED,True,False,full configuration-level nuisance matching not yet manually confirmed,physionet_mi_cbramod_frozen_channel_s3407_r64_lr2e-4_b64_e40,physionet_mi_cbramod_frozen_probe_s3407_lr2e-4_b64_e40,
aligned_vs_frozen_probe,CBraMod,physionet_mi,channel,3407,interaction_aligned,frozen_probe,cohen_kappa,0.386977160424965,0.39661282484010474,-0.009635664415139744,0,0.07247979684937947,PAIR_ARTIFACT_UNVERIFIED,True,False,full configuration-level nuisance matching not yet manually confirmed,physionet_mi_cbramod_frozen_channel_s3407_r64_lr2e-4_b64_e40,physionet_mi_cbramod_frozen_probe_s3407_lr2e-4_b64_e40,
aligned_vs_frozen_probe,CBraMod,physionet_mi,channel,3407,interaction_aligned,frozen_probe,macro_f1,0.5432412332908125,0.5497823368589918,-0.006541103568179274,0,0.07247979684937947,PAIR_ARTIFACT_UNVERIFIED,True,False,full configuration-level nuisance matching not yet manually confirmed,physionet_mi_cbramod_frozen_channel_s3407_r64_lr2e-4_b64_e40,physionet_mi_cbramod_frozen_probe_s3407_lr2e-4_b64_e40,
aligned_vs_frozen_probe,CBraMod,physionet_mi,channel,3407,interaction_aligned,frozen_probe,weighted_f1,0.5432178800623216,0.5497720365342724,-0.006554156471950789,0,0.07247979684937947,PAIR_ARTIFACT_UNVERIFIED,True,False,full configuration-level nuisance matching not yet manually confirmed,physionet_mi_cbramod_frozen_channel_s3407_r64_lr2e-4_b64_e40,physionet_mi_cbramod_frozen_probe_s3407_lr2e-4_b64_e40,
aligned_vs_frozen_probe,CBraMod,physionet_mi,patch,1024,interaction_aligned,frozen_probe,balanced_accuracy,0.5608115976270177,0.5425242785108676,0.018287319116150114,1,0.07247979684937947,PAIR_ARTIFACT_UNVERIFIED,True,False,full configuration-level nuisance matching not yet manually confirmed,physionet_mi_cbramod_frozen_patch_s1024_r64_lr2e-4_b64_e40,physionet_mi_cbramod_frozen_probe_s1024_lr2e-4_b64_e40,
aligned_vs_frozen_probe,CBraMod,physionet_mi,patch,1024,interaction_aligned,frozen_probe,cohen_kappa,0.4143340460149233,0.38996257280585844,0.024371473209064853,1,0.07247979684937947,PAIR_ARTIFACT_UNVERIFIED,True,False,full configuration-level nuisance matching not yet manually confirmed,physionet_mi_cbramod_frozen_patch_s1024_r64_lr2e-4_b64_e40,physionet_mi_cbramod_frozen_probe_s1024_lr2e-4_b64_e40,
aligned_vs_frozen_probe,CBraMod,physionet_mi,patch,1024,interaction_aligned,frozen_probe,macro_f1,0.5611777050507358,0.5440738589439391,0.017103846106796716,1,0.07247979684937947,PAIR_ARTIFACT_UNVERIFIED,True,False,full configuration-level nuisance matching not yet manually confirmed,physionet_mi_cbramod_frozen_patch_s1024_r64_lr2e-4_b64_e40,physionet_mi_cbramod_frozen_probe_s1024_lr2e-4_b64_e40,
aligned_vs_frozen_probe,CBraMod,physionet_mi,patch,1024,interaction_aligned,frozen_probe,weighted_f1,0.5611219910180419,0.5440560821872225,0.017065908830819487,1,0.07247979684937947,PAIR_ARTIFACT_UNVERIFIED,True,False,full configuration-level nuisance matching not yet manually confirmed,physionet_mi_cbramod_frozen_patch_s1024_r64_lr2e-4_b64_e40,physionet_mi_cbramod_frozen_probe_s1024_lr2e-4_b64_e40,
aligned_vs_frozen_probe,CBraMod,physionet_mi,patch,3407,interaction_aligned,frozen_probe,balanced_accuracy,0.5418406821700308,0.5475023720990332,-0.0056616899290024,0,0.07247979684937947,PAIR_ARTIFACT_UNVERIFIED,True,False,full configuration-level nuisance matching not yet manually confirmed,physionet_mi_cbramod_frozen_patch_s3407_r64_lr2e-4_b64_e40,physionet_mi_cbramod_frozen_probe_s3407_lr2e-4_b64_e40,
aligned_vs_frozen_probe,CBraMod,physionet_mi,patch,3407,interaction_aligned,frozen_probe,cohen_kappa,0.38913695298175965,0.39661282484010474,-0.0074758718583450845,0,0.07247979684937947,PAIR_ARTIFACT_UNVERIFIED,True,False,full configuration-level nuisance matching not yet manually confirmed,physionet_mi_cbramod_frozen_patch_s3407_r64_lr2e-4_b64_e40,physionet_mi_cbramod_frozen_probe_s3407_lr2e-4_b64_e40,
aligned_vs_frozen_probe,CBraMod,physionet_mi,patch,3407,interaction_aligned,frozen_probe,macro_f1,0.5402862138389434,0.5497823368589918,-0.00949612302004843,0,0.07247979684937947,PAIR_ARTIFACT_UNVERIFIED,True,False,full configuration-level nuisance matching not yet manually confirmed,physionet_mi_cbramod_frozen_patch_s3407_r64_lr2e-4_b64_e40,physionet_mi_cbramod_frozen_probe_s3407_lr2e-4_b64_e40,
aligned_vs_frozen_probe,CBraMod,physionet_mi,patch,3407,interaction_aligned,frozen_probe,weighted_f1,0.5402832158154107,0.5497720365342724,-0.009488820718861701,0,0.07247979684937947,PAIR_ARTIFACT_UNVERIFIED,True,False,full configuration-level nuisance matching not yet manually confirmed,physionet_mi_cbramod_frozen_patch_s3407_r64_lr2e-4_b64_e40,physionet_mi_cbramod_frozen_probe_s3407_lr2e-4_b64_e40,
aligned_vs_frozen_probe,CBraMod,physionet_mi,channel_patch,1024,interaction_aligned,frozen_probe,balanced_accuracy,0.5447280280358292,0.5425242785108676,0.002203749524961607,1,0.05329046361876536,PAIR_ARTIFACT_UNVERIFIED,True,False,full configuration-level nuisance matching not yet manually confirmed,physionet_mi_cbramod_frozen_channel_patch_s1024_r32_lr2e-4_b64_e40,physionet_mi_cbramod_frozen_probe_s1024_lr2e-4_b64_e40,
aligned_vs_frozen_probe,CBraMod,physionet_mi,channel_patch,1024,interaction_aligned,frozen_probe,cohen_kappa,0.39289244375614696,0.38996257280585844,0.0029298709502885156,1,0.05329046361876536,PAIR_ARTIFACT_UNVERIFIED,True,False,full configuration-level nuisance matching not yet manually confirmed,physionet_mi_cbramod_frozen_channel_patch_s1024_r32_lr2e-4_b64_e40,physionet_mi_cbramod_frozen_probe_s1024_lr2e-4_b64_e40,
aligned_vs_frozen_probe,CBraMod,physionet_mi,channel_patch,1024,interaction_aligned,frozen_probe,macro_f1,0.5474045257062004,0.5440738589439391,0.0033306667622612363,1,0.05329046361876536,PAIR_ARTIFACT_UNVERIFIED,True,False,full configuration-level nuisance matching not yet manually confirmed,physionet_mi_cbramod_frozen_channel_patch_s1024_r32_lr2e-4_b64_e40,physionet_mi_cbramod_frozen_probe_s1024_lr2e-4_b64_e40,
aligned_vs_frozen_probe,CBraMod,physionet_mi,channel_patch,1024,interaction_aligned,frozen_probe,weighted_f1,0.5473611345361193,0.5440560821872225,0.0033050523488968864,1,0.05329046361876536,PAIR_ARTIFACT_UNVERIFIED,True,False,full configuration-level nuisance matching not yet manually confirmed,physionet_mi_cbramod_frozen_channel_patch_s1024_r32_lr2e-4_b64_e40,physionet_mi_cbramod_frozen_probe_s1024_lr2e-4_b64_e40,
aligned_vs_frozen_probe,CBraMod,physionet_mi,channel_patch,3407,interaction_aligned,frozen_probe,balanced_accuracy,0.5385787626651348,0.5475023720990332,-0.00892360943389836,0,0.05329046361876536,PAIR_ARTIFACT_UNVERIFIED,True,False,full configuration-level nuisance matching not yet manually confirmed,physionet_mi_cbramod_frozen_channel_patch_s3407_r32_lr2e-4_b64_e40,physionet_mi_cbramod_frozen_probe_s3407_lr2e-4_b64_e40,
aligned_vs_frozen_probe,CBraMod,physionet_mi,channel_patch,3407,interaction_aligned,frozen_probe,cohen_kappa,0.3847423404298079,0.39661282484010474,-0.011870484410296811,0,0.05329046361876536,PAIR_ARTIFACT_UNVERIFIED,True,False,full configuration-level nuisance matching not yet manually confirmed,physionet_mi_cbramod_frozen_channel_patch_s3407_r32_lr2e-4_b64_e40,physionet_mi_cbramod_frozen_probe_s3407_lr2e-4_b64_e40,
aligned_vs_frozen_probe,CBraMod,physionet_mi,channel_patch,3407,interaction_aligned,frozen_probe,macro_f1,0.5408047389865864,0.5497823368589918,-0.008977597872405374,0,0.05329046361876536,PAIR_ARTIFACT_UNVERIFIED,True,False,full configuration-level nuisance matching not yet manually confirmed,physionet_mi_cbramod_frozen_channel_patch_s3407_r32_lr2e-4_b64_e40,physionet_mi_cbramod_frozen_probe_s3407_lr2e-4_b64_e40,
aligned_vs_frozen_probe,CBraMod,physionet_mi,channel_patch,3407,interaction_aligned,frozen_probe,weighted_f1,0.5407886462338123,0.5497720365342724,-0.008983390300460137,0,0.05329046361876536,PAIR_ARTIFACT_UNVERIFIED,True,False,full configuration-level nuisance matching not yet manually confirmed,physionet_mi_cbramod_frozen_channel_patch_s3407_r32_lr2e-4_b64_e40,physionet_mi_cbramod_frozen_probe_s3407_lr2e-4_b64_e40,
aligned_vs_frozen_probe,CBraMod,seedv,channel,42,interaction_aligned,frozen_probe,balanced_accuracy,0.288196999934955,0.29887356868193465,-0.010676568746979642,0,0.2956257212727032,PAIR_ARTIFACT_UNVERIFIED,True,False,full configuration-level nuisance matching not yet manually confirmed,seedv_evalmode_frozen_channel_s42_lr1e-5_20260804,seedv_evalmode_frozen_dense_s42_20260804,within-subject protocol; patch axis is singleton/degenerate
aligned_vs_frozen_probe,CBraMod,seedv,channel,42,interaction_aligned,frozen_probe,cohen_kappa,0.108617838060861,0.12037805964392967,-0.011760221583068664,0,0.2956257212727032,PAIR_ARTIFACT_UNVERIFIED,True,False,full configuration-level nuisance matching not yet manually confirmed,seedv_evalmode_frozen_channel_s42_lr1e-5_20260804,seedv_evalmode_frozen_dense_s42_20260804,within-subject protocol; patch axis is singleton/degenerate
aligned_vs_frozen_probe,CBraMod,seedv,channel,42,interaction_aligned,frozen_probe,macro_f1,0.28532104252684387,0.2972422535706719,-0.01192121104382804,0,0.2956257212727032,PAIR_ARTIFACT_UNVERIFIED,True,False,full configuration-level nuisance matching not yet manually confirmed,seedv_evalmode_frozen_channel_s42_lr1e-5_20260804,seedv_evalmode_frozen_dense_s42_20260804,within-subject protocol; patch axis is singleton/degenerate
aligned_vs_frozen_probe,CBraMod,seedv,channel,42,interaction_aligned,frozen_probe,weighted_f1,0.29184776948437363,0.3009894967006879,-0.009141727216314288,0,0.2956257212727032,PAIR_ARTIFACT_UNVERIFIED,True,False,full configuration-level nuisance matching not yet manually confirmed,seedv_evalmode_frozen_channel_s42_lr1e-5_20260804,seedv_evalmode_frozen_dense_s42_20260804,within-subject protocol; patch axis is singleton/degenerate
aligned_vs_frozen_probe,CBraMod,seedv,patch,42,interaction_aligned,frozen_probe,balanced_accuracy,0.2908788206898414,0.29887356868193465,-0.007994747992093265,0,0.2956257212727032,PAIR_ARTIFACT_UNVERIFIED,True,False,full configuration-level nuisance matching not yet manually confirmed,seedv_evalmode_frozen_patch_singleton_s42_20260804,seedv_evalmode_frozen_dense_s42_20260804,within-subject protocol; patch axis is singleton/degenerate
aligned_vs_frozen_probe,CBraMod,seedv,patch,42,interaction_aligned,frozen_probe,cohen_kappa,0.11009642225492222,0.12037805964392967,-0.010281637389007448,0,0.2956257212727032,PAIR_ARTIFACT_UNVERIFIED,True,False,full configuration-level nuisance matching not yet manually confirmed,seedv_evalmode_frozen_patch_singleton_s42_20260804,seedv_evalmode_frozen_dense_s42_20260804,within-subject protocol; patch axis is singleton/degenerate
aligned_vs_frozen_probe,CBraMod,seedv,patch,42,interaction_aligned,frozen_probe,macro_f1,0.2838028999034868,0.2972422535706719,-0.013439353667185128,0,0.2956257212727032,PAIR_ARTIFACT_UNVERIFIED,True,False,full configuration-level nuisance matching not yet manually confirmed,seedv_evalmode_frozen_patch_singleton_s42_20260804,seedv_evalmode_frozen_dense_s42_20260804,within-subject protocol; patch axis is singleton/degenerate
aligned_vs_frozen_probe,CBraMod,seedv,patch,42,interaction_aligned,frozen_probe,weighted_f1,0.28876392273775664,0.3009894967006879,-0.01222557396293128,0,0.2956257212727032,PAIR_ARTIFACT_UNVERIFIED,True,False,full configuration-level nuisance matching not yet manually confirmed,seedv_evalmode_frozen_patch_singleton_s42_20260804,seedv_evalmode_frozen_dense_s42_20260804,within-subject protocol; patch axis is singleton/degenerate
aligned_vs_frozen_probe,CBraMod,seedv,channel,1024,interaction_aligned,frozen_probe,balanced_accuracy,0.2911470986043746,0.2974509276419053,-0.006303829037530684,0,0.2956257212727032,PAIR_ARTIFACT_UNVERIFIED,True,False,full configuration-level nuisance matching not yet manually confirmed,seedv_evalmode_frozen_channel_s1024_lr1e-5_20260804,seedv_evalmode_frozen_dense_s1024_20260804,within-subject protocol; patch axis is singleton/degenerate
aligned_vs_frozen_probe,CBraMod,seedv,channel,1024,interaction_aligned,frozen_probe,cohen_kappa,0.11102726904709448,0.11955363242396444,-0.008526363376869961,0,0.2956257212727032,PAIR_ARTIFACT_UNVERIFIED,True,False,full configuration-level nuisance matching not yet manually confirmed,seedv_evalmode_frozen_channel_s1024_lr1e-5_20260804,seedv_evalmode_frozen_dense_s1024_20260804,within-subject protocol; patch axis is singleton/degenerate
aligned_vs_frozen_probe,CBraMod,seedv,channel,1024,interaction_aligned,frozen_probe,macro_f1,0.29075242309834515,0.2943688133968042,-0.00361639029845906,0,0.2956257212727032,PAIR_ARTIFACT_UNVERIFIED,True,False,full configuration-level nuisance matching not yet manually confirmed,seedv_evalmode_frozen_channel_s1024_lr1e-5_20260804,seedv_evalmode_frozen_dense_s1024_20260804,within-subject protocol; patch axis is singleton/degenerate
aligned_vs_frozen_probe,CBraMod,seedv,channel,1024,interaction_aligned,frozen_probe,weighted_f1,0.2947268347376295,0.29968074285288016,-0.004953908115250649,0,0.2956257212727032,PAIR_ARTIFACT_UNVERIFIED,True,False,full configuration-level nuisance matching not yet manually confirmed,seedv_evalmode_frozen_channel_s1024_lr1e-5_20260804,seedv_evalmode_frozen_dense_s1024_20260804,within-subject protocol; patch axis is singleton/degenerate
aligned_vs_frozen_probe,CBraMod,seedv,patch,1024,interaction_aligned,frozen_probe,balanced_accuracy,0.2965905683838764,0.2974509276419053,-0.0008603592580289088,0,0.2956257212727032,PAIR_ARTIFACT_UNVERIFIED,True,False,full configuration-level nuisance matching not yet manually confirmed,seedv_evalmode_frozen_patch_singleton_s1024_20260804,seedv_evalmode_frozen_dense_s1024_20260804,within-subject protocol; patch axis is singleton/degenerate
aligned_vs_frozen_probe,CBraMod,seedv,patch,1024,interaction_aligned,frozen_probe,cohen_kappa,0.12000009477710205,0.11955363242396444,0.00044646235313761107,1,0.2956257212727032,PAIR_ARTIFACT_UNVERIFIED,True,False,full configuration-level nuisance matching not yet manually confirmed,seedv_evalmode_frozen_patch_singleton_s1024_20260804,seedv_evalmode_frozen_dense_s1024_20260804,within-subject protocol; patch axis is singleton/degenerate
aligned_vs_frozen_probe,CBraMod,seedv,patch,1024,interaction_aligned,frozen_probe,macro_f1,0.29628109040295014,0.2943688133968042,0.0019122770061459349,1,0.2956257212727032,PAIR_ARTIFACT_UNVERIFIED,True,False,full configuration-level nuisance matching not yet manually confirmed,seedv_evalmode_frozen_patch_singleton_s1024_20260804,seedv_evalmode_frozen_dense_s1024_20260804,within-subject protocol; patch axis is singleton/degenerate
aligned_vs_frozen_probe,CBraMod,seedv,patch,1024,interaction_aligned,frozen_probe,weighted_f1,0.3029047608653736,0.29968074285288016,0.003224018012493446,1,0.2956257212727032,PAIR_ARTIFACT_UNVERIFIED,True,False,full configuration-level nuisance matching not yet manually confirmed,seedv_evalmode_frozen_patch_singleton_s1024_20260804,seedv_evalmode_frozen_dense_s1024_20260804,within-subject protocol; patch axis is singleton/degenerate
aligned_vs_frozen_probe,CBraMod,seedv,channel,3407,interaction_aligned,frozen_probe,balanced_accuracy,0.296139844846257,0.29973132813597125,-0.003591483289714259,0,0.2956257212727032,PAIR_ARTIFACT_UNVERIFIED,True,False,full configuration-level nuisance matching not yet manually confirmed,seedv_evalmode_frozen_channel_s3407_lr1e-5_20260804,seedv_evalmode_frozen_dense_s3407_20260804,within-subject protocol; patch axis is singleton/degenerate
aligned_vs_frozen_probe,CBraMod,seedv,channel,3407,interaction_aligned,frozen_probe,cohen_kappa,0.11836499239636145,0.1228544096555827,-0.004489417259221251,0,0.2956257212727032,PAIR_ARTIFACT_UNVERIFIED,True,False,full configuration-level nuisance matching not yet manually confirmed,seedv_evalmode_frozen_channel_s3407_lr1e-5_20260804,seedv_evalmode_frozen_dense_s3407_20260804,within-subject protocol; patch axis is singleton/degenerate
aligned_vs_frozen_probe,CBraMod,seedv,channel,3407,interaction_aligned,frozen_probe,macro_f1,0.28097478179789287,0.28764286457921145,-0.006668082781318585,0,0.2956257212727032,PAIR_ARTIFACT_UNVERIFIED,True,False,full configuration-level nuisance matching not yet manually confirmed,seedv_evalmode_frozen_channel_s3407_lr1e-5_20260804,seedv_evalmode_frozen_dense_s3407_20260804,within-subject protocol; patch axis is singleton/degenerate
aligned_vs_frozen_probe,CBraMod,seedv,channel,3407,interaction_aligned,frozen_probe,weighted_f1,0.28848139295612957,0.2948582455688621,-0.00637685261273252,0,0.2956257212727032,PAIR_ARTIFACT_UNVERIFIED,True,False,full configuration-level nuisance matching not yet manually confirmed,seedv_evalmode_frozen_channel_s3407_lr1e-5_20260804,seedv_evalmode_frozen_dense_s3407_20260804,within-subject protocol; patch axis is singleton/degenerate
aligned_vs_frozen_probe,CBraMod,seedv,patch,3407,interaction_aligned,frozen_probe,balanced_accuracy,0.2977857747164364,0.29973132813597125,-0.00194555341953484,0,0.2956257212727032,PAIR_ARTIFACT_UNVERIFIED,True,False,full configuration-level nuisance matching not yet manually confirmed,seedv_evalmode_frozen_patch_singleton_s3407_20260804,seedv_evalmode_frozen_dense_s3407_20260804,within-subject protocol; patch axis is singleton/degenerate
aligned_vs_frozen_probe,CBraMod,seedv,patch,3407,interaction_aligned,frozen_probe,cohen_kappa,0.12057424235301395,0.1228544096555827,-0.0022801673025687474,0,0.2956257212727032,PAIR_ARTIFACT_UNVERIFIED,True,False,full configuration-level nuisance matching not yet manually confirmed,seedv_evalmode_frozen_patch_singleton_s3407_20260804,seedv_evalmode_frozen_dense_s3407_20260804,within-subject protocol; patch axis is singleton/degenerate
aligned_vs_frozen_probe,CBraMod,seedv,patch,3407,interaction_aligned,frozen_probe,macro_f1,0.2988113814871551,0.28764286457921145,0.011168516907943626,1,0.2956257212727032,PAIR_ARTIFACT_UNVERIFIED,True,False,full configuration-level nuisance matching not yet manually confirmed,seedv_evalmode_frozen_patch_singleton_s3407_20260804,seedv_evalmode_frozen_dense_s3407_20260804,within-subject protocol; patch axis is singleton/degenerate
aligned_vs_frozen_probe,CBraMod,seedv,patch,3407,interaction_aligned,frozen_probe,weighted_f1,0.3039129687511621,0.2948582455688621,0.009054723182299995,1,0.2956257212727032,PAIR_ARTIFACT_UNVERIFIED,True,False,full configuration-level nuisance matching not yet manually confirmed,seedv_evalmode_frozen_patch_singleton_s3407_20260804,seedv_evalmode_frozen_dense_s3407_20260804,within-subject protocol; patch axis is singleton/degenerate
aligned_vs_frozen_probe,CBraMod,tuev,channel_patch,42,interaction_aligned,frozen_probe,balanced_accuracy,0.44257555777800617,0.498625760073093,-0.05605020229508684,0,0.3679083217640639,PAIR_ARTIFACT_UNVERIFIED,True,False,full configuration-level nuisance matching not yet manually confirmed,tuev_cbramod_frozen_channel_patch_s42_r64_lr1e-4_b8_e20,tuev_cbramod_frozen_probe_s42_lr1e-4_b8_e20,
aligned_vs_frozen_probe,CBraMod,tuev,channel_patch,42,interaction_aligned,frozen_probe,cohen_kappa,0.4296084848679441,0.47123591970337864,-0.04162743483543452,0,0.3679083217640639,PAIR_ARTIFACT_UNVERIFIED,True,False,full configuration-level nuisance matching not yet manually confirmed,tuev_cbramod_frozen_channel_patch_s42_r64_lr1e-4_b8_e20,tuev_cbramod_frozen_probe_s42_lr1e-4_b8_e20,
aligned_vs_frozen_probe,CBraMod,tuev,channel_patch,42,interaction_aligned,frozen_probe,macro_f1,0.4638179195160819,0.49270968095199646,-0.028891761435914542,0,0.3679083217640639,PAIR_ARTIFACT_UNVERIFIED,True,False,full configuration-level nuisance matching not yet manually confirmed,tuev_cbramod_frozen_channel_patch_s42_r64_lr1e-4_b8_e20,tuev_cbramod_frozen_probe_s42_lr1e-4_b8_e20,
aligned_vs_frozen_probe,CBraMod,tuev,channel_patch,42,interaction_aligned,frozen_probe,weighted_f1,0.7066781414404987,0.7276106191897643,-0.020932477749265654,0,0.3679083217640639,PAIR_ARTIFACT_UNVERIFIED,True,False,full configuration-level nuisance matching not yet manually confirmed,tuev_cbramod_frozen_channel_patch_s42_r64_lr1e-4_b8_e20,tuev_cbramod_frozen_probe_s42_lr1e-4_b8_e20,
aligned_vs_frozen_probe,CBraMod,tuev,channel,42,interaction_aligned,frozen_probe,balanced_accuracy,0.4535935207170716,0.498625760073093,-0.04503223935602141,0,0.18395416088203195,PAIR_ARTIFACT_UNVERIFIED,True,False,full configuration-level nuisance matching not yet manually confirmed,tuev_cbramod_frozen_channel_s42_r64_lr1e-4_b8_e20,tuev_cbramod_frozen_probe_s42_lr1e-4_b8_e20,
aligned_vs_frozen_probe,CBraMod,tuev,channel,42,interaction_aligned,frozen_probe,cohen_kappa,0.4481052957013847,0.47123591970337864,-0.02313062400199395,0,0.18395416088203195,PAIR_ARTIFACT_UNVERIFIED,True,False,full configuration-level nuisance matching not yet manually confirmed,tuev_cbramod_frozen_channel_s42_r64_lr1e-4_b8_e20,tuev_cbramod_frozen_probe_s42_lr1e-4_b8_e20,
aligned_vs_frozen_probe,CBraMod,tuev,channel,42,interaction_aligned,frozen_probe,macro_f1,0.4725227680440451,0.49270968095199646,-0.020186912907951382,0,0.18395416088203195,PAIR_ARTIFACT_UNVERIFIED,True,False,full configuration-level nuisance matching not yet manually confirmed,tuev_cbramod_frozen_channel_s42_r64_lr1e-4_b8_e20,tuev_cbramod_frozen_probe_s42_lr1e-4_b8_e20,
aligned_vs_frozen_probe,CBraMod,tuev,channel,42,interaction_aligned,frozen_probe,weighted_f1,0.7175116161469016,0.7276106191897643,-0.010099003042862709,0,0.18395416088203195,PAIR_ARTIFACT_UNVERIFIED,True,False,full configuration-level nuisance matching not yet manually confirmed,tuev_cbramod_frozen_channel_s42_r64_lr1e-4_b8_e20,tuev_cbramod_frozen_probe_s42_lr1e-4_b8_e20,
aligned_vs_frozen_probe,CBraMod,tuev,patch,42,interaction_aligned,frozen_probe,balanced_accuracy,0.4529235104920515,0.498625760073093,-0.04570224958104152,0,0.18395416088203195,PAIR_ARTIFACT_UNVERIFIED,True,False,full configuration-level nuisance matching not yet manually confirmed,tuev_cbramod_frozen_patch_s42_r64_lr1e-4_b8_e20,tuev_cbramod_frozen_probe_s42_lr1e-4_b8_e20,
aligned_vs_frozen_probe,CBraMod,tuev,patch,42,interaction_aligned,frozen_probe,cohen_kappa,0.4475164006818122,0.47123591970337864,-0.023719519021566438,0,0.18395416088203195,PAIR_ARTIFACT_UNVERIFIED,True,False,full configuration-level nuisance matching not yet manually confirmed,tuev_cbramod_frozen_patch_s42_r64_lr1e-4_b8_e20,tuev_cbramod_frozen_probe_s42_lr1e-4_b8_e20,
aligned_vs_frozen_probe,CBraMod,tuev,patch,42,interaction_aligned,frozen_probe,macro_f1,0.47255050121362707,0.49270968095199646,-0.020159179738369393,0,0.18395416088203195,PAIR_ARTIFACT_UNVERIFIED,True,False,full configuration-level nuisance matching not yet manually confirmed,tuev_cbramod_frozen_patch_s42_r64_lr1e-4_b8_e20,tuev_cbramod_frozen_probe_s42_lr1e-4_b8_e20,
aligned_vs_frozen_probe,CBraMod,tuev,patch,42,interaction_aligned,frozen_probe,weighted_f1,0.7170919992681187,0.7276106191897643,-0.0105186199216456,0,0.18395416088203195,PAIR_ARTIFACT_UNVERIFIED,True,False,full configuration-level nuisance matching not yet manually confirmed,tuev_cbramod_frozen_patch_s42_r64_lr1e-4_b8_e20,tuev_cbramod_frozen_probe_s42_lr1e-4_b8_e20,
aligned_vs_frozen_probe,CBraMod,tuev,channel,3407,interaction_aligned,frozen_probe,balanced_accuracy,0.4560299455710833,0.4622634660888078,-0.006233520517724522,0,0.18395416088203195,PAIR_ARTIFACT_UNVERIFIED,True,False,full configuration-level nuisance matching not yet manually confirmed,tuev_cbramod_frozen_channel_s3407_r64_lr1e-4_b8_e20,tuev_cbramod_frozen_probe_s3407_lr1e-4_b8_e20,
aligned_vs_frozen_probe,CBraMod,tuev,channel,3407,interaction_aligned,frozen_probe,cohen_kappa,0.46917202998089114,0.4888135786192056,-0.019641548638314466,0,0.18395416088203195,PAIR_ARTIFACT_UNVERIFIED,True,False,full configuration-level nuisance matching not yet manually confirmed,tuev_cbramod_frozen_channel_s3407_r64_lr1e-4_b8_e20,tuev_cbramod_frozen_probe_s3407_lr1e-4_b8_e20,
aligned_vs_frozen_probe,CBraMod,tuev,channel,3407,interaction_aligned,frozen_probe,macro_f1,0.4833385663825012,0.4920758607718871,-0.008737294389385863,0,0.18395416088203195,PAIR_ARTIFACT_UNVERIFIED,True,False,full configuration-level nuisance matching not yet manually confirmed,tuev_cbramod_frozen_channel_s3407_r64_lr1e-4_b8_e20,tuev_cbramod_frozen_probe_s3407_lr1e-4_b8_e20,
aligned_vs_frozen_probe,CBraMod,tuev,channel,3407,interaction_aligned,frozen_probe,weighted_f1,0.7279658510139784,0.737567363919175,-0.009601512905196619,0,0.18395416088203195,PAIR_ARTIFACT_UNVERIFIED,True,False,full configuration-level nuisance matching not yet manually confirmed,tuev_cbramod_frozen_channel_s3407_r64_lr1e-4_b8_e20,tuev_cbramod_frozen_probe_s3407_lr1e-4_b8_e20,
aligned_vs_frozen_probe,CBraMod,tuev,channel,1024,interaction_aligned,frozen_probe,balanced_accuracy,0.458060733332084,0.43595292064528185,0.022107812686802175,1,0.18395416088203195,PAIR_ARTIFACT_UNVERIFIED,True,False,full configuration-level nuisance matching not yet manually confirmed,tuev_cbramod_frozen_channel_s1024_r64_lr1e-4_b8_e20,tuev_cbramod_frozen_probe_s1024_lr1e-4_b8_e20,
aligned_vs_frozen_probe,CBraMod,tuev,channel,1024,interaction_aligned,frozen_probe,cohen_kappa,0.47567725394451243,0.44978759623596287,0.025889657708549563,1,0.18395416088203195,PAIR_ARTIFACT_UNVERIFIED,True,False,full configuration-level nuisance matching not yet manually confirmed,tuev_cbramod_frozen_channel_s1024_r64_lr1e-4_b8_e20,tuev_cbramod_frozen_probe_s1024_lr1e-4_b8_e20,
aligned_vs_frozen_probe,CBraMod,tuev,channel,1024,interaction_aligned,frozen_probe,macro_f1,0.4836023738580106,0.45910019787391104,0.02450217598409954,1,0.18395416088203195,PAIR_ARTIFACT_UNVERIFIED,True,False,full configuration-level nuisance matching not yet manually confirmed,tuev_cbramod_frozen_channel_s1024_r64_lr1e-4_b8_e20,tuev_cbramod_frozen_probe_s1024_lr1e-4_b8_e20,
aligned_vs_frozen_probe,CBraMod,tuev,channel,1024,interaction_aligned,frozen_probe,weighted_f1,0.7320292854336291,0.7184126934262124,0.013616592007416717,1,0.18395416088203195,PAIR_ARTIFACT_UNVERIFIED,True,False,full configuration-level nuisance matching not yet manually confirmed,tuev_cbramod_frozen_channel_s1024_r64_lr1e-4_b8_e20,tuev_cbramod_frozen_probe_s1024_lr1e-4_b8_e20,
aligned_vs_frozen_probe,CBraMod,tuev,patch,3407,interaction_aligned,frozen_probe,balanced_accuracy,0.4629974887082091,0.4622634660888078,0.0007340226194013089,1,0.18395416088203195,PAIR_ARTIFACT_UNVERIFIED,True,False,full configuration-level nuisance matching not yet manually confirmed,tuev_cbramod_frozen_patch_s3407_r64_lr1e-4_b8_e20,tuev_cbramod_frozen_probe_s3407_lr1e-4_b8_e20,
aligned_vs_frozen_probe,CBraMod,tuev,patch,3407,interaction_aligned,frozen_probe,cohen_kappa,0.44175433012825727,0.4888135786192056,-0.047059248490948336,0,0.18395416088203195,PAIR_ARTIFACT_UNVERIFIED,True,False,full configuration-level nuisance matching not yet manually confirmed,tuev_cbramod_frozen_patch_s3407_r64_lr1e-4_b8_e20,tuev_cbramod_frozen_probe_s3407_lr1e-4_b8_e20,
aligned_vs_frozen_probe,CBraMod,tuev,patch,3407,interaction_aligned,frozen_probe,macro_f1,0.48037246213483975,0.4920758607718871,-0.011703398637047335,0,0.18395416088203195,PAIR_ARTIFACT_UNVERIFIED,True,False,full configuration-level nuisance matching not yet manually confirmed,tuev_cbramod_frozen_patch_s3407_r64_lr1e-4_b8_e20,tuev_cbramod_frozen_probe_s3407_lr1e-4_b8_e20,
aligned_vs_frozen_probe,CBraMod,tuev,patch,3407,interaction_aligned,frozen_probe,weighted_f1,0.7131342516032814,0.737567363919175,-0.024433112315893624,0,0.18395416088203195,PAIR_ARTIFACT_UNVERIFIED,True,False,full configuration-level nuisance matching not yet manually confirmed,tuev_cbramod_frozen_patch_s3407_r64_lr1e-4_b8_e20,tuev_cbramod_frozen_probe_s3407_lr1e-4_b8_e20,
aligned_vs_frozen_probe,CBraMod,tuev,patch,1024,interaction_aligned,frozen_probe,balanced_accuracy,0.4499536968400317,0.43595292064528185,0.014000776194749875,1,0.18395416088203195,PAIR_ARTIFACT_UNVERIFIED,True,False,full configuration-level nuisance matching not yet manually confirmed,tuev_cbramod_frozen_patch_s1024_r64_lr1e-4_b8_e20,tuev_cbramod_frozen_probe_s1024_lr1e-4_b8_e20,
aligned_vs_frozen_probe,CBraMod,tuev,patch,1024,interaction_aligned,frozen_probe,cohen_kappa,0.44373585410424665,0.44978759623596287,-0.00605174213171622,0,0.18395416088203195,PAIR_ARTIFACT_UNVERIFIED,True,False,full configuration-level nuisance matching not yet manually confirmed,tuev_cbramod_frozen_patch_s1024_r64_lr1e-4_b8_e20,tuev_cbramod_frozen_probe_s1024_lr1e-4_b8_e20,
aligned_vs_frozen_probe,CBraMod,tuev,patch,1024,interaction_aligned,frozen_probe,macro_f1,0.46354773605305977,0.45910019787391104,0.0044475381791487245,1,0.18395416088203195,PAIR_ARTIFACT_UNVERIFIED,True,False,full configuration-level nuisance matching not yet manually confirmed,tuev_cbramod_frozen_patch_s1024_r64_lr1e-4_b8_e20,tuev_cbramod_frozen_probe_s1024_lr1e-4_b8_e20,
aligned_vs_frozen_probe,CBraMod,tuev,patch,1024,interaction_aligned,frozen_probe,weighted_f1,0.7132791513256591,0.7184126934262124,-0.005133542100553279,0,0.18395416088203195,PAIR_ARTIFACT_UNVERIFIED,True,False,full configuration-level nuisance matching not yet manually confirmed,tuev_cbramod_frozen_patch_s1024_r64_lr1e-4_b8_e20,tuev_cbramod_frozen_probe_s1024_lr1e-4_b8_e20,
aligned_vs_frozen_probe,CBraMod,tuev,channel_patch,3407,interaction_aligned,frozen_probe,balanced_accuracy,0.44131067030453225,0.4622634660888078,-0.020952795784275557,0,0.3679083217640639,PAIR_ARTIFACT_UNVERIFIED,True,False,full configuration-level nuisance matching not yet manually confirmed,tuev_cbramod_frozen_channel_patch_s3407_r64_lr1e-4_b8_e20,tuev_cbramod_frozen_probe_s3407_lr1e-4_b8_e20,
aligned_vs_frozen_probe,CBraMod,tuev,channel_patch,3407,interaction_aligned,frozen_probe,cohen_kappa,0.4475318069907215,0.4888135786192056,-0.04128177162848412,0,0.3679083217640639,PAIR_ARTIFACT_UNVERIFIED,True,False,full configuration-level nuisance matching not yet manually confirmed,tuev_cbramod_frozen_channel_patch_s3407_r64_lr1e-4_b8_e20,tuev_cbramod_frozen_probe_s3407_lr1e-4_b8_e20,
aligned_vs_frozen_probe,CBraMod,tuev,channel_patch,3407,interaction_aligned,frozen_probe,macro_f1,0.45565671339450664,0.4920758607718871,-0.036419147377380445,0,0.3679083217640639,PAIR_ARTIFACT_UNVERIFIED,True,False,full configuration-level nuisance matching not yet manually confirmed,tuev_cbramod_frozen_channel_patch_s3407_r64_lr1e-4_b8_e20,tuev_cbramod_frozen_probe_s3407_lr1e-4_b8_e20,
aligned_vs_frozen_probe,CBraMod,tuev,channel_patch,3407,interaction_aligned,frozen_probe,weighted_f1,0.7164435475602838,0.737567363919175,-0.021123816358891156,0,0.3679083217640639,PAIR_ARTIFACT_UNVERIFIED,True,False,full configuration-level nuisance matching not yet manually confirmed,tuev_cbramod_frozen_channel_patch_s3407_r64_lr1e-4_b8_e20,tuev_cbramod_frozen_probe_s3407_lr1e-4_b8_e20,
aligned_vs_frozen_probe,CBraMod,tuev,channel_patch,1024,interaction_aligned,frozen_probe,balanced_accuracy,0.4804948741238085,0.43595292064528185,0.04454195347852663,1,0.3679083217640639,PAIR_ARTIFACT_UNVERIFIED,True,False,full configuration-level nuisance matching not yet manually confirmed,tuev_cbramod_frozen_channel_patch_s1024_r64_lr1e-4_b8_e20,tuev_cbramod_frozen_probe_s1024_lr1e-4_b8_e20,
aligned_vs_frozen_probe,CBraMod,tuev,channel_patch,1024,interaction_aligned,frozen_probe,cohen_kappa,0.47188591051178597,0.44978759623596287,0.022098314275823094,1,0.3679083217640639,PAIR_ARTIFACT_UNVERIFIED,True,False,full configuration-level nuisance matching not yet manually confirmed,tuev_cbramod_frozen_channel_patch_s1024_r64_lr1e-4_b8_e20,tuev_cbramod_frozen_probe_s1024_lr1e-4_b8_e20,
aligned_vs_frozen_probe,CBraMod,tuev,channel_patch,1024,interaction_aligned,frozen_probe,macro_f1,0.4964129906723327,0.45910019787391104,0.037312792798421646,1,0.3679083217640639,PAIR_ARTIFACT_UNVERIFIED,True,False,full configuration-level nuisance matching not yet manually confirmed,tuev_cbramod_frozen_channel_patch_s1024_r64_lr1e-4_b8_e20,tuev_cbramod_frozen_probe_s1024_lr1e-4_b8_e20,
aligned_vs_frozen_probe,CBraMod,tuev,channel_patch,1024,interaction_aligned,frozen_probe,weighted_f1,0.7290714805482992,0.7184126934262124,0.010658787122086788,1,0.3679083217640639,PAIR_ARTIFACT_UNVERIFIED,True,False,full configuration-level nuisance matching not yet manually confirmed,tuev_cbramod_frozen_channel_patch_s1024_r64_lr1e-4_b8_e20,tuev_cbramod_frozen_probe_s1024_lr1e-4_b8_e20,
aligned_vs_frozen_probe,LaBraM,FACED,patch,1024,frozen_native_patch,frozen_probe,balanced_accuracy,0.15901771336553944,0.1379495437466452,0.02106816961889424,1,8911.055831951355,PAIR_ARTIFACT_UNVERIFIED,True,False,full configuration-level nuisance matching not yet manually confirmed,faced_reviewer_r2_frozen_patch_seed1024,faced_reviewer_r2_frozen_dense_seed1024,
aligned_vs_frozen_probe,LaBraM,FACED,patch,1024,frozen_native_patch,frozen_probe,cohen_kappa,0.05539212618138567,0.03298363407469562,0.022408492106690048,1,8911.055831951355,PAIR_ARTIFACT_UNVERIFIED,True,False,full configuration-level nuisance matching not yet manually confirmed,faced_reviewer_r2_frozen_patch_seed1024,faced_reviewer_r2_frozen_dense_seed1024,
aligned_vs_frozen_probe,LaBraM,FACED,patch,1024,frozen_native_patch,frozen_probe,weighted_f1,0.1565857611009523,0.11280109814543286,0.04378466295551943,1,8911.055831951355,PAIR_ARTIFACT_UNVERIFIED,True,False,full configuration-level nuisance matching not yet manually confirmed,faced_reviewer_r2_frozen_patch_seed1024,faced_reviewer_r2_frozen_dense_seed1024,
aligned_vs_frozen_probe,LaBraM,FACED,patch,3407,frozen_native_patch,frozen_probe,balanced_accuracy,0.1728395061728395,0.13808373590982287,0.03475577026301663,1,8911.055831951355,PAIR_ARTIFACT_UNVERIFIED,True,False,full configuration-level nuisance matching not yet manually confirmed,faced_reviewer_r2_frozen_patch_seed3407,faced_reviewer_r2_frozen_dense_seed3407,
aligned_vs_frozen_probe,LaBraM,FACED,patch,3407,frozen_native_patch,frozen_probe,cohen_kappa,0.07052245034217985,0.03389688650820222,0.03662556383397764,1,8911.055831951355,PAIR_ARTIFACT_UNVERIFIED,True,False,full configuration-level nuisance matching not yet manually confirmed,faced_reviewer_r2_frozen_patch_seed3407,faced_reviewer_r2_frozen_dense_seed3407,
aligned_vs_frozen_probe,LaBraM,FACED,patch,3407,frozen_native_patch,frozen_probe,weighted_f1,0.15699171474116658,0.08290504585186034,0.07408666888930623,1,8911.055831951355,PAIR_ARTIFACT_UNVERIFIED,True,False,full configuration-level nuisance matching not yet manually confirmed,faced_reviewer_r2_frozen_patch_seed3407,faced_reviewer_r2_frozen_dense_seed3407,
aligned_vs_frozen_probe,LaBraM,FACED,patch,42,frozen_native_patch,frozen_probe,balanced_accuracy,0.17028985507246375,0.1439881910896404,0.026301663982823353,1,8911.055831951355,PAIR_ARTIFACT_UNVERIFIED,True,False,full configuration-level nuisance matching not yet manually confirmed,faced_reviewer_r2_frozen_patch_seed42,faced_reviewer_r2_frozen_dense_seed42,
aligned_vs_frozen_probe,LaBraM,FACED,patch,42,frozen_native_patch,frozen_probe,cohen_kappa,0.06693915001876793,0.03878759969020151,0.02815155032856642,1,8911.055831951355,PAIR_ARTIFACT_UNVERIFIED,True,False,full configuration-level nuisance matching not yet manually confirmed,faced_reviewer_r2_frozen_patch_seed42,faced_reviewer_r2_frozen_dense_seed42,
aligned_vs_frozen_probe,LaBraM,FACED,patch,42,frozen_native_patch,frozen_probe,weighted_f1,0.15555694587822905,0.11379690817177396,0.04176003770645509,1,8911.055831951355,PAIR_ARTIFACT_UNVERIFIED,True,False,full configuration-level nuisance matching not yet manually confirmed,faced_reviewer_r2_frozen_patch_seed42,faced_reviewer_r2_frozen_dense_seed42,
aligned_vs_frozen_probe,LaBraM,PhysioNet-MI,channel_patch,1024,frozen_native_channel_patch,frozen_probe,balanced_accuracy,0.27920721937012916,0.2699090531941725,0.009298166175956635,1,10672.885572139303,PAIR_ARTIFACT_UNVERIFIED,True,False,full configuration-level nuisance matching not yet manually confirmed,physio_mi_frozen_channel_patch_lowrank_locked_lr5e4_s1024_b64_e40,physio_mi_frozen_dense_locked_lr5e4_s1024_b64_e40,serialized-only extension
aligned_vs_frozen_probe,LaBraM,PhysioNet-MI,channel_patch,1024,frozen_native_channel_patch,frozen_probe,cohen_kappa,0.03904783513665111,0.02662003135822455,0.01242780377842656,1,10672.885572139303,PAIR_ARTIFACT_UNVERIFIED,True,False,full configuration-level nuisance matching not yet manually confirmed,physio_mi_frozen_channel_patch_lowrank_locked_lr5e4_s1024_b64_e40,physio_mi_frozen_dense_locked_lr5e4_s1024_b64_e40,serialized-only extension
aligned_vs_frozen_probe,LaBraM,PhysioNet-MI,channel_patch,1024,frozen_native_channel_patch,frozen_probe,weighted_f1,0.26154024467936204,0.256095490387544,0.005444754291818066,1,10672.885572139303,PAIR_ARTIFACT_UNVERIFIED,True,False,full configuration-level nuisance matching not yet manually confirmed,physio_mi_frozen_channel_patch_lowrank_locked_lr5e4_s1024_b64_e40,physio_mi_frozen_dense_locked_lr5e4_s1024_b64_e40,serialized-only extension
aligned_vs_frozen_probe,LaBraM,PhysioNet-MI,channel_patch,3407,frozen_native_channel_patch,frozen_probe,balanced_accuracy,0.2814281606695931,0.2693969181057666,0.012031242563826483,1,10672.885572139303,PAIR_ARTIFACT_UNVERIFIED,True,False,full configuration-level nuisance matching not yet manually confirmed,physio_mi_frozen_channel_patch_lowrank_locked_lr5e4_s3407_b64_e40,physio_mi_frozen_dense_locked_lr5e4_s3407_b64_e40,serialized-only extension
aligned_vs_frozen_probe,LaBraM,PhysioNet-MI,channel_patch,3407,frozen_native_channel_patch,frozen_probe,cohen_kappa,0.042012783091985195,0.02591434711819185,0.016098435973793346,1,10672.885572139303,PAIR_ARTIFACT_UNVERIFIED,True,False,full configuration-level nuisance matching not yet manually confirmed,physio_mi_frozen_channel_patch_lowrank_locked_lr5e4_s3407_b64_e40,physio_mi_frozen_dense_locked_lr5e4_s3407_b64_e40,serialized-only extension
aligned_vs_frozen_probe,LaBraM,PhysioNet-MI,channel_patch,3407,frozen_native_channel_patch,frozen_probe,weighted_f1,0.26194032125215694,0.2648999125148436,-0.0029595912626866894,0,10672.885572139303,PAIR_ARTIFACT_UNVERIFIED,True,False,full configuration-level nuisance matching not yet manually confirmed,physio_mi_frozen_channel_patch_lowrank_locked_lr5e4_s3407_b64_e40,physio_mi_frozen_dense_locked_lr5e4_s3407_b64_e40,serialized-only extension
aligned_vs_frozen_probe,LaBraM,PhysioNet-MI,channel_patch,42,frozen_native_channel_patch,frozen_probe,balanced_accuracy,0.28914047739135995,0.2688425943807112,0.020297883010648776,1,10672.885572139303,PAIR_ARTIFACT_UNVERIFIED,True,False,full configuration-level nuisance matching not yet manually confirmed,physio_mi_frozen_channel_patch_lowrank_locked_lr5e4_s42_b64_e40,physio_mi_frozen_dense_locked_lr5e4_s42_b64_e40,serialized-only extension
aligned_vs_frozen_probe,LaBraM,PhysioNet-MI,channel_patch,42,frozen_native_channel_patch,frozen_probe,cohen_kappa,0.052272578992569985,0.025175522259483718,0.027097056733086267,1,10672.885572139303,PAIR_ARTIFACT_UNVERIFIED,True,False,full configuration-level nuisance matching not yet manually confirmed,physio_mi_frozen_channel_patch_lowrank_locked_lr5e4_s42_b64_e40,physio_mi_frozen_dense_locked_lr5e4_s42_b64_e40,serialized-only extension
aligned_vs_frozen_probe,LaBraM,PhysioNet-MI,channel_patch,42,frozen_native_channel_patch,frozen_probe,weighted_f1,0.2782369231757911,0.2643087026465435,0.013928220529247581,1,10672.885572139303,PAIR_ARTIFACT_UNVERIFIED,True,False,full configuration-level nuisance matching not yet manually confirmed,physio_mi_frozen_channel_patch_lowrank_locked_lr5e4_s42_b64_e40,physio_mi_frozen_dense_locked_lr5e4_s42_b64_e40,serialized-only extension
aligned_vs_frozen_probe,LaBraM,TUEV,channel,1024,frozen_native_channel,frozen_probe,balanced_accuracy,0.4154078220257804,0.3657863675540372,0.04962145447174321,1,3557.6285240464344,PAIR_ARTIFACT_UNVERIFIED,True,False,full configuration-level nuisance matching not yet manually confirmed,tuev_labram_frozen_channel_lr5e-4_s1024_b64_e15_scale100,tuev_labram_frozen_dense_lr5e-4_s1024_b64_e15_scale100,
aligned_vs_frozen_probe,LaBraM,TUEV,channel,1024,frozen_native_channel,frozen_probe,cohen_kappa,0.4829673290067068,0.44681521755643017,0.036152111450276636,1,3557.6285240464344,PAIR_ARTIFACT_UNVERIFIED,True,False,full configuration-level nuisance matching not yet manually confirmed,tuev_labram_frozen_channel_lr5e-4_s1024_b64_e15_scale100,tuev_labram_frozen_dense_lr5e-4_s1024_b64_e15_scale100,
aligned_vs_frozen_probe,LaBraM,TUEV,channel,1024,frozen_native_channel,frozen_probe,weighted_f1,0.7248009185381545,0.7084236754238097,0.016377243114344853,1,3557.6285240464344,PAIR_ARTIFACT_UNVERIFIED,True,False,full configuration-level nuisance matching not yet manually confirmed,tuev_labram_frozen_channel_lr5e-4_s1024_b64_e15_scale100,tuev_labram_frozen_dense_lr5e-4_s1024_b64_e15_scale100,
aligned_vs_frozen_probe,LaBraM,TUEV,channel,3407,frozen_native_channel,frozen_probe,balanced_accuracy,0.42933198222716656,0.3657863675540372,0.06354561467312936,1,3557.6285240464344,PAIR_ARTIFACT_UNVERIFIED,True,False,full configuration-level nuisance matching not yet manually confirmed,tuev_labram_frozen_channel_lr5e-4_s3407_b64_e15_scale100,tuev_labram_frozen_dense_lr5e-4_s3407_b64_e15_scale100,
aligned_vs_frozen_probe,LaBraM,TUEV,channel,3407,frozen_native_channel,frozen_probe,cohen_kappa,0.42499385484122976,0.44681521755643017,-0.02182136271520041,0,3557.6285240464344,PAIR_ARTIFACT_UNVERIFIED,True,False,full configuration-level nuisance matching not yet manually confirmed,tuev_labram_frozen_channel_lr5e-4_s3407_b64_e15_scale100,tuev_labram_frozen_dense_lr5e-4_s3407_b64_e15_scale100,
aligned_vs_frozen_probe,LaBraM,TUEV,channel,3407,frozen_native_channel,frozen_probe,weighted_f1,0.6888490552494598,0.7084236754238097,-0.019574620174349855,0,3557.6285240464344,PAIR_ARTIFACT_UNVERIFIED,True,False,full configuration-level nuisance matching not yet manually confirmed,tuev_labram_frozen_channel_lr5e-4_s3407_b64_e15_scale100,tuev_labram_frozen_dense_lr5e-4_s3407_b64_e15_scale100,
aligned_vs_frozen_probe,LaBraM,TUEV,channel,42,frozen_native_channel,frozen_probe,balanced_accuracy,0.4521834354068331,0.3657863675540372,0.08639706785279588,1,3557.6285240464344,PAIR_ARTIFACT_UNVERIFIED,True,False,full configuration-level nuisance matching not yet manually confirmed,tuev_labram_frozen_channel_lr5e-4_s42_b64_e15_scale100,tuev_labram_frozen_dense_lr5e-4_s42_b64_e15_scale100,
aligned_vs_frozen_probe,LaBraM,TUEV,channel,42,frozen_native_channel,frozen_probe,cohen_kappa,0.4726116949612613,0.44681521755643017,0.025796477404831153,1,3557.6285240464344,PAIR_ARTIFACT_UNVERIFIED,True,False,full configuration-level nuisance matching not yet manually confirmed,tuev_labram_frozen_channel_lr5e-4_s42_b64_e15_scale100,tuev_labram_frozen_dense_lr5e-4_s42_b64_e15_scale100,
aligned_vs_frozen_probe,LaBraM,TUEV,channel,42,frozen_native_channel,frozen_probe,weighted_f1,0.7247374136712004,0.7084236754238097,0.016313738247390686,1,3557.6285240464344,PAIR_ARTIFACT_UNVERIFIED,True,False,full configuration-level nuisance matching not yet manually confirmed,tuev_labram_frozen_channel_lr5e-4_s42_b64_e15_scale100,tuev_labram_frozen_dense_lr5e-4_s42_b64_e15_scale100,
aligned_vs_frozen_probe,LaBraM,TUEV,channel_patch,1024,frozen_native_channel_patch,frozen_probe,balanced_accuracy,0.3806402643698943,0.3657863675540372,0.014853896815857082,1,7115.257048092869,PAIR_ARTIFACT_UNVERIFIED,True,False,full configuration-level nuisance matching not yet manually confirmed,tuev_labram_frozen_channel_patch_lr5e-4_s1024_b64_e15_scale100,tuev_labram_frozen_dense_lr5e-4_s1024_b64_e15_scale100,
aligned_vs_frozen_probe,LaBraM,TUEV,channel_patch,1024,frozen_native_channel_patch,frozen_probe,cohen_kappa,0.45672501143136013,0.44681521755643017,0.009909793874929962,1,7115.257048092869,PAIR_ARTIFACT_UNVERIFIED,True,False,full configuration-level nuisance matching not yet manually confirmed,tuev_labram_frozen_channel_patch_lr5e-4_s1024_b64_e15_scale100,tuev_labram_frozen_dense_lr5e-4_s1024_b64_e15_scale100,
aligned_vs_frozen_probe,LaBraM,TUEV,channel_patch,1024,frozen_native_channel_patch,frozen_probe,weighted_f1,0.7089334400412954,0.7084236754238097,0.0005097646174857529,1,7115.257048092869,PAIR_ARTIFACT_UNVERIFIED,True,False,full configuration-level nuisance matching not yet manually confirmed,tuev_labram_frozen_channel_patch_lr5e-4_s1024_b64_e15_scale100,tuev_labram_frozen_dense_lr5e-4_s1024_b64_e15_scale100,
aligned_vs_frozen_probe,LaBraM,TUEV,channel_patch,3407,frozen_native_channel_patch,frozen_probe,balanced_accuracy,0.3815180323887642,0.3657863675540372,0.01573166483472699,1,7115.257048092869,PAIR_ARTIFACT_UNVERIFIED,True,False,full configuration-level nuisance matching not yet manually confirmed,tuev_labram_frozen_channel_patch_lr5e-4_s3407_b64_e15_scale100,tuev_labram_frozen_dense_lr5e-4_s3407_b64_e15_scale100,
aligned_vs_frozen_probe,LaBraM,TUEV,channel_patch,3407,frozen_native_channel_patch,frozen_probe,cohen_kappa,0.41657264005542294,0.44681521755643017,-0.03024257750100723,0,7115.257048092869,PAIR_ARTIFACT_UNVERIFIED,True,False,full configuration-level nuisance matching not yet manually confirmed,tuev_labram_frozen_channel_patch_lr5e-4_s3407_b64_e15_scale100,tuev_labram_frozen_dense_lr5e-4_s3407_b64_e15_scale100,
aligned_vs_frozen_probe,LaBraM,TUEV,channel_patch,3407,frozen_native_channel_patch,frozen_probe,weighted_f1,0.6896527708113209,0.7084236754238097,-0.01877090461248876,0,7115.257048092869,PAIR_ARTIFACT_UNVERIFIED,True,False,full configuration-level nuisance matching not yet manually confirmed,tuev_labram_frozen_channel_patch_lr5e-4_s3407_b64_e15_scale100,tuev_labram_frozen_dense_lr5e-4_s3407_b64_e15_scale100,
aligned_vs_frozen_probe,LaBraM,TUEV,channel_patch,42,frozen_native_channel_patch,frozen_probe,balanced_accuracy,0.41266905925860636,0.3657863675540372,0.04688269170456916,1,7115.257048092869,PAIR_ARTIFACT_UNVERIFIED,True,False,full configuration-level nuisance matching not yet manually confirmed,tuev_labram_frozen_channel_patch_lr5e-4_s42_b64_e15_scale100,tuev_labram_frozen_dense_lr5e-4_s42_b64_e15_scale100,
aligned_vs_frozen_probe,LaBraM,TUEV,channel_patch,42,frozen_native_channel_patch,frozen_probe,cohen_kappa,0.5104404149071955,0.44681521755643017,0.06362519735076533,1,7115.257048092869,PAIR_ARTIFACT_UNVERIFIED,True,False,full configuration-level nuisance matching not yet manually confirmed,tuev_labram_frozen_channel_patch_lr5e-4_s42_b64_e15_scale100,tuev_labram_frozen_dense_lr5e-4_s42_b64_e15_scale100,
aligned_vs_frozen_probe,LaBraM,TUEV,channel_patch,42,frozen_native_channel_patch,frozen_probe,weighted_f1,0.7408350916780715,0.7084236754238097,0.032411416254261805,1,7115.257048092869,PAIR_ARTIFACT_UNVERIFIED,True,False,full configuration-level nuisance matching not yet manually confirmed,tuev_labram_frozen_channel_patch_lr5e-4_s42_b64_e15_scale100,tuev_labram_frozen_dense_lr5e-4_s42_b64_e15_scale100,
aligned_vs_frozen_probe,LaBraM,TUEV,patch,1024,frozen_native_patch,frozen_probe,balanced_accuracy,0.3947483728958548,0.3657863675540372,0.028962005341817587,1,3557.6285240464344,PAIR_ARTIFACT_UNVERIFIED,True,False,full configuration-level nuisance matching not yet manually confirmed,tuev_labram_frozen_patch_lr5e-4_s1024_b64_e15_scale100,tuev_labram_frozen_dense_lr5e-4_s1024_b64_e15_scale100,
aligned_vs_frozen_probe,LaBraM,TUEV,patch,1024,frozen_native_patch,frozen_probe,cohen_kappa,0.5010763417059159,0.44681521755643017,0.054261124149485696,1,3557.6285240464344,PAIR_ARTIFACT_UNVERIFIED,True,False,full configuration-level nuisance matching not yet manually confirmed,tuev_labram_frozen_patch_lr5e-4_s1024_b64_e15_scale100,tuev_labram_frozen_dense_lr5e-4_s1024_b64_e15_scale100,
aligned_vs_frozen_probe,LaBraM,TUEV,patch,1024,frozen_native_patch,frozen_probe,weighted_f1,0.7382778969362866,0.7084236754238097,0.029854221512476964,1,3557.6285240464344,PAIR_ARTIFACT_UNVERIFIED,True,False,full configuration-level nuisance matching not yet manually confirmed,tuev_labram_frozen_patch_lr5e-4_s1024_b64_e15_scale100,tuev_labram_frozen_dense_lr5e-4_s1024_b64_e15_scale100,
aligned_vs_frozen_probe,LaBraM,TUEV,patch,3407,frozen_native_patch,frozen_probe,balanced_accuracy,0.41867457464451907,0.3657863675540372,0.052888207090481865,1,3557.6285240464344,PAIR_ARTIFACT_UNVERIFIED,True,False,full configuration-level nuisance matching not yet manually confirmed,tuev_labram_frozen_patch_lr5e-4_s3407_b64_e15_scale100,tuev_labram_frozen_dense_lr5e-4_s3407_b64_e15_scale100,
aligned_vs_frozen_probe,LaBraM,TUEV,patch,3407,frozen_native_patch,frozen_probe,cohen_kappa,0.4860200031127988,0.44681521755643017,0.03920478555636864,1,3557.6285240464344,PAIR_ARTIFACT_UNVERIFIED,True,False,full configuration-level nuisance matching not yet manually confirmed,tuev_labram_frozen_patch_lr5e-4_s3407_b64_e15_scale100,tuev_labram_frozen_dense_lr5e-4_s3407_b64_e15_scale100,
aligned_vs_frozen_probe,LaBraM,TUEV,patch,3407,frozen_native_patch,frozen_probe,weighted_f1,0.7299285255408341,0.7084236754238097,0.02150485011702441,1,3557.6285240464344,PAIR_ARTIFACT_UNVERIFIED,True,False,full configuration-level nuisance matching not yet manually confirmed,tuev_labram_frozen_patch_lr5e-4_s3407_b64_e15_scale100,tuev_labram_frozen_dense_lr5e-4_s3407_b64_e15_scale100,
aligned_vs_frozen_probe,LaBraM,TUEV,patch,42,frozen_native_patch,frozen_probe,balanced_accuracy,0.3828483756804982,0.3657863675540372,0.01706200812646097,1,3557.6285240464344,PAIR_ARTIFACT_UNVERIFIED,True,False,full configuration-level nuisance matching not yet manually confirmed,tuev_labram_frozen_patch_lr5e-4_s42_b64_e15_scale100,tuev_labram_frozen_dense_lr5e-4_s42_b64_e15_scale100,
aligned_vs_frozen_probe,LaBraM,TUEV,patch,42,frozen_native_patch,frozen_probe,cohen_kappa,0.48493135105386387,0.44681521755643017,0.0381161334974337,1,3557.6285240464344,PAIR_ARTIFACT_UNVERIFIED,True,False,full configuration-level nuisance matching not yet manually confirmed,tuev_labram_frozen_patch_lr5e-4_s42_b64_e15_scale100,tuev_labram_frozen_dense_lr5e-4_s42_b64_e15_scale100,
aligned_vs_frozen_probe,LaBraM,TUEV,patch,42,frozen_native_patch,frozen_probe,weighted_f1,0.7284932789053812,0.7084236754238097,0.020069603481571496,1,3557.6285240464344,PAIR_ARTIFACT_UNVERIFIED,True,False,full configuration-level nuisance matching not yet manually confirmed,tuev_labram_frozen_patch_lr5e-4_s42_b64_e15_scale100,tuev_labram_frozen_dense_lr5e-4_s42_b64_e15_scale100,
frozen_aligned_vs_full_native,CBraMod,faced,channel,42,interaction_aligned,native_full_finetune,balanced_accuracy,0.3836553945249597,0.5748792270531401,-0.19122383252818037,0,3.6632818826175515,PAIR_ARTIFACT_UNVERIFIED,True,False,full configuration-level nuisance matching not yet manually confirmed,faced_evalmode_frozen_channel_s42_lr5e-4_20260804,faced_native_full_channel_s42_lr1e-4_b64_e50,
frozen_aligned_vs_full_native,CBraMod,faced,channel,42,interaction_aligned,native_full_finetune,cohen_kappa,0.30547159979155813,0.517362124306974,-0.2118905245154159,0,3.6632818826175515,PAIR_ARTIFACT_UNVERIFIED,True,False,full configuration-level nuisance matching not yet manually confirmed,faced_evalmode_frozen_channel_s42_lr5e-4_20260804,faced_native_full_channel_s42_lr1e-4_b64_e50,
frozen_aligned_vs_full_native,CBraMod,faced,channel,42,interaction_aligned,native_full_finetune,macro_f1,0.3847724205827893,0.5795516553879829,-0.1947792348051936,0,3.6632818826175515,PAIR_ARTIFACT_UNVERIFIED,True,False,full configuration-level nuisance matching not yet manually confirmed,faced_evalmode_frozen_channel_s42_lr5e-4_20260804,faced_native_full_channel_s42_lr1e-4_b64_e50,
frozen_aligned_vs_full_native,CBraMod,faced,channel,42,interaction_aligned,native_full_finetune,weighted_f1,0.3839851478961803,0.5750980069215464,-0.19111285902536612,0,3.6632818826175515,PAIR_ARTIFACT_UNVERIFIED,True,False,full configuration-level nuisance matching not yet manually confirmed,faced_evalmode_frozen_channel_s42_lr5e-4_20260804,faced_native_full_channel_s42_lr1e-4_b64_e50,
frozen_aligned_vs_full_native,CBraMod,faced,patch,42,interaction_aligned,native_full_finetune,balanced_accuracy,0.38298443370907137,0.5683038110574342,-0.18531937734836285,0,3.6632818826175515,PAIR_ARTIFACT_UNVERIFIED,True,False,full configuration-level nuisance matching not yet manually confirmed,faced_evalmode_frozen_patch_s42_lr5e-4_20260804,faced_native_full_patch_s42_lr1e-4_b64_e50,
frozen_aligned_vs_full_native,CBraMod,faced,patch,42,interaction_aligned,native_full_finetune,cohen_kappa,0.30551962952146516,0.5105650695646733,-0.20504544004320813,0,3.6632818826175515,PAIR_ARTIFACT_UNVERIFIED,True,False,full configuration-level nuisance matching not yet manually confirmed,faced_evalmode_frozen_patch_s42_lr5e-4_20260804,faced_native_full_patch_s42_lr1e-4_b64_e50,
frozen_aligned_vs_full_native,CBraMod,faced,patch,42,interaction_aligned,native_full_finetune,macro_f1,0.38481922926521017,0.5766813305675851,-0.1918621013023749,0,3.6632818826175515,PAIR_ARTIFACT_UNVERIFIED,True,False,full configuration-level nuisance matching not yet manually confirmed,faced_evalmode_frozen_patch_s42_lr5e-4_20260804,faced_native_full_patch_s42_lr1e-4_b64_e50,
frozen_aligned_vs_full_native,CBraMod,faced,patch,42,interaction_aligned,native_full_finetune,weighted_f1,0.3842866123669117,0.5719460861969206,-0.18765947383000886,0,3.6632818826175515,PAIR_ARTIFACT_UNVERIFIED,True,False,full configuration-level nuisance matching not yet manually confirmed,faced_evalmode_frozen_patch_s42_lr5e-4_20260804,faced_native_full_patch_s42_lr1e-4_b64_e50,
frozen_aligned_vs_full_native,CBraMod,faced,channel_patch,42,interaction_aligned,native_full_finetune,balanced_accuracy,0.3951959205582394,0.5672302737520128,-0.17203435319377347,0,3.6624630882432,PAIR_ARTIFACT_UNVERIFIED,True,False,full configuration-level nuisance matching not yet manually confirmed,faced_evalmode_frozen_channel_patch_s42_lr5e-4_20260804,faced_native_full_channel_patch_s42_lr1e-4_b64_e50,
frozen_aligned_vs_full_native,CBraMod,faced,channel_patch,42,interaction_aligned,native_full_finetune,cohen_kappa,0.31846788646688606,0.5090996268423358,-0.19063174037544972,0,3.6624630882432,PAIR_ARTIFACT_UNVERIFIED,True,False,full configuration-level nuisance matching not yet manually confirmed,faced_evalmode_frozen_channel_patch_s42_lr5e-4_20260804,faced_native_full_channel_patch_s42_lr1e-4_b64_e50,
frozen_aligned_vs_full_native,CBraMod,faced,channel_patch,42,interaction_aligned,native_full_finetune,macro_f1,0.39505783033163044,0.5733905560015712,-0.17833272566994074,0,3.6624630882432,PAIR_ARTIFACT_UNVERIFIED,True,False,full configuration-level nuisance matching not yet manually confirmed,faced_evalmode_frozen_channel_patch_s42_lr5e-4_20260804,faced_native_full_channel_patch_s42_lr1e-4_b64_e50,
frozen_aligned_vs_full_native,CBraMod,faced,channel_patch,42,interaction_aligned,native_full_finetune,weighted_f1,0.3943868787640964,0.5690337621975613,-0.1746468834334649,0,3.6624630882432,PAIR_ARTIFACT_UNVERIFIED,True,False,full configuration-level nuisance matching not yet manually confirmed,faced_evalmode_frozen_channel_patch_s42_lr5e-4_20260804,faced_native_full_channel_patch_s42_lr1e-4_b64_e50,
frozen_aligned_vs_full_native,CBraMod,faced,channel,1024,interaction_aligned,native_full_finetune,balanced_accuracy,0.37815351583467527,0.546027911969941,-0.16787439613526578,0,3.6632818826175515,PAIR_ARTIFACT_UNVERIFIED,True,False,full configuration-level nuisance matching not yet manually confirmed,faced_evalmode_frozen_channel_s1024_lr5e-4_20260804,faced_native_full_channel_s1024_lr1e-4_b64_e50,
frozen_aligned_vs_full_native,CBraMod,faced,channel,1024,interaction_aligned,native_full_finetune,cohen_kappa,0.3004379562043795,0.4881865090141845,-0.18774855280980496,0,3.6632818826175515,PAIR_ARTIFACT_UNVERIFIED,True,False,full configuration-level nuisance matching not yet manually confirmed,faced_evalmode_frozen_channel_s1024_lr5e-4_20260804,faced_native_full_channel_s1024_lr1e-4_b64_e50,
frozen_aligned_vs_full_native,CBraMod,faced,channel,1024,interaction_aligned,native_full_finetune,macro_f1,0.3787534865242982,0.5563877787927478,-0.17763429226844962,0,3.6632818826175515,PAIR_ARTIFACT_UNVERIFIED,True,False,full configuration-level nuisance matching not yet manually confirmed,faced_evalmode_frozen_channel_s1024_lr5e-4_20260804,faced_native_full_channel_s1024_lr1e-4_b64_e50,
frozen_aligned_vs_full_native,CBraMod,faced,channel,1024,interaction_aligned,native_full_finetune,weighted_f1,0.378690747902424,0.5525806379760944,-0.17388989007367034,0,3.6632818826175515,PAIR_ARTIFACT_UNVERIFIED,True,False,full configuration-level nuisance matching not yet manually confirmed,faced_evalmode_frozen_channel_s1024_lr5e-4_20260804,faced_native_full_channel_s1024_lr1e-4_b64_e50,
frozen_aligned_vs_full_native,CBraMod,faced,patch,1024,interaction_aligned,native_full_finetune,balanced_accuracy,0.3824476650563607,0.5599838969404187,-0.17753623188405804,0,3.6632818826175515,PAIR_ARTIFACT_UNVERIFIED,True,False,full configuration-level nuisance matching not yet manually confirmed,faced_evalmode_frozen_patch_s1024_lr5e-4_20260804,faced_native_full_patch_s1024_lr1e-4_b64_e50,
frozen_aligned_vs_full_native,CBraMod,faced,patch,1024,interaction_aligned,native_full_finetune,cohen_kappa,0.3047285464098074,0.5036849907092302,-0.19895644429942283,0,3.6632818826175515,PAIR_ARTIFACT_UNVERIFIED,True,False,full configuration-level nuisance matching not yet manually confirmed,faced_evalmode_frozen_patch_s1024_lr5e-4_20260804,faced_native_full_patch_s1024_lr1e-4_b64_e50,
frozen_aligned_vs_full_native,CBraMod,faced,patch,1024,interaction_aligned,native_full_finetune,macro_f1,0.3825379109622883,0.5703184756668841,-0.1877805647045958,0,3.6632818826175515,PAIR_ARTIFACT_UNVERIFIED,True,False,full configuration-level nuisance matching not yet manually confirmed,faced_evalmode_frozen_patch_s1024_lr5e-4_20260804,faced_native_full_patch_s1024_lr1e-4_b64_e50,
frozen_aligned_vs_full_native,CBraMod,faced,patch,1024,interaction_aligned,native_full_finetune,weighted_f1,0.3821811648424867,0.5666762368189032,-0.1844950719764165,0,3.6632818826175515,PAIR_ARTIFACT_UNVERIFIED,True,False,full configuration-level nuisance matching not yet manually confirmed,faced_evalmode_frozen_patch_s1024_lr5e-4_20260804,faced_native_full_patch_s1024_lr1e-4_b64_e50,
frozen_aligned_vs_full_native,CBraMod,faced,channel_patch,1024,interaction_aligned,native_full_finetune,balanced_accuracy,0.3875469672571122,0.5605206655931293,-0.1729736983360171,0,3.6624630882432,PAIR_ARTIFACT_UNVERIFIED,True,False,full configuration-level nuisance matching not yet manually confirmed,faced_evalmode_frozen_channel_patch_s1024_lr5e-4_20260804,faced_native_full_channel_patch_s1024_lr1e-4_b64_e50,
frozen_aligned_vs_full_native,CBraMod,faced,channel_patch,1024,interaction_aligned,native_full_finetune,cohen_kappa,0.3088363954505686,0.5024402452759354,-0.19360384982536682,0,3.6624630882432,PAIR_ARTIFACT_UNVERIFIED,True,False,full configuration-level nuisance matching not yet manually confirmed,faced_evalmode_frozen_channel_patch_s1024_lr5e-4_20260804,faced_native_full_channel_patch_s1024_lr1e-4_b64_e50,
frozen_aligned_vs_full_native,CBraMod,faced,channel_patch,1024,interaction_aligned,native_full_finetune,macro_f1,0.387896632331497,0.5674772928421377,-0.17958066051064064,0,3.6624630882432,PAIR_ARTIFACT_UNVERIFIED,True,False,full configuration-level nuisance matching not yet manually confirmed,faced_evalmode_frozen_channel_patch_s1024_lr5e-4_20260804,faced_native_full_channel_patch_s1024_lr1e-4_b64_e50,
frozen_aligned_vs_full_native,CBraMod,faced,channel_patch,1024,interaction_aligned,native_full_finetune,weighted_f1,0.3865745094976027,0.5634233985966418,-0.17684888909903912,0,3.6624630882432,PAIR_ARTIFACT_UNVERIFIED,True,False,full configuration-level nuisance matching not yet manually confirmed,faced_evalmode_frozen_channel_patch_s1024_lr5e-4_20260804,faced_native_full_channel_patch_s1024_lr1e-4_b64_e50,
frozen_aligned_vs_full_native,CBraMod,faced,channel,3407,interaction_aligned,native_full_finetune,balanced_accuracy,0.37654320987654316,0.5725979602791197,-0.19605475040257653,0,3.6632818826175515,PAIR_ARTIFACT_UNVERIFIED,True,False,full configuration-level nuisance matching not yet manually confirmed,faced_evalmode_frozen_channel_s3407_lr5e-4_20260804,faced_native_full_channel_s3407_lr1e-4_b64_e50,
frozen_aligned_vs_full_native,CBraMod,faced,channel,3407,interaction_aligned,native_full_finetune,cohen_kappa,0.2984813084112149,0.5180179239173578,-0.2195366155061429,0,3.6632818826175515,PAIR_ARTIFACT_UNVERIFIED,True,False,full configuration-level nuisance matching not yet manually confirmed,faced_evalmode_frozen_channel_s3407_lr5e-4_20260804,faced_native_full_channel_s3407_lr1e-4_b64_e50,
frozen_aligned_vs_full_native,CBraMod,faced,channel,3407,interaction_aligned,native_full_finetune,macro_f1,0.37761446006560856,0.5845221419797368,-0.20690768191412828,0,3.6632818826175515,PAIR_ARTIFACT_UNVERIFIED,True,False,full configuration-level nuisance matching not yet manually confirmed,faced_evalmode_frozen_channel_s3407_lr5e-4_20260804,faced_native_full_channel_s3407_lr1e-4_b64_e50,
frozen_aligned_vs_full_native,CBraMod,faced,channel,3407,interaction_aligned,native_full_finetune,weighted_f1,0.3772978722061226,0.5803163855451201,-0.2030185133389975,0,3.6632818826175515,PAIR_ARTIFACT_UNVERIFIED,True,False,full configuration-level nuisance matching not yet manually confirmed,faced_evalmode_frozen_channel_s3407_lr5e-4_20260804,faced_native_full_channel_s3407_lr1e-4_b64_e50,
frozen_aligned_vs_full_native,CBraMod,faced,patch,3407,interaction_aligned,native_full_finetune,balanced_accuracy,0.39492753623188404,0.5719269994632313,-0.1769994632313473,0,3.6632818826175515,PAIR_ARTIFACT_UNVERIFIED,True,False,full configuration-level nuisance matching not yet manually confirmed,faced_evalmode_frozen_patch_s3407_lr5e-4_20260804,faced_native_full_patch_s3407_lr1e-4_b64_e50,
frozen_aligned_vs_full_native,CBraMod,faced,patch,3407,interaction_aligned,native_full_finetune,cohen_kappa,0.3175710863451724,0.5164550618108922,-0.1988839754657198,0,3.6632818826175515,PAIR_ARTIFACT_UNVERIFIED,True,False,full configuration-level nuisance matching not yet manually confirmed,faced_evalmode_frozen_patch_s3407_lr5e-4_20260804,faced_native_full_patch_s3407_lr1e-4_b64_e50,
frozen_aligned_vs_full_native,CBraMod,faced,patch,3407,interaction_aligned,native_full_finetune,macro_f1,0.394399891034501,0.5813669808093852,-0.1869670897748842,0,3.6632818826175515,PAIR_ARTIFACT_UNVERIFIED,True,False,full configuration-level nuisance matching not yet manually confirmed,faced_evalmode_frozen_patch_s3407_lr5e-4_20260804,faced_native_full_patch_s3407_lr1e-4_b64_e50,
frozen_aligned_vs_full_native,CBraMod,faced,patch,3407,interaction_aligned,native_full_finetune,weighted_f1,0.39344903177876545,0.5770075288369569,-0.1835584970581915,0,3.6632818826175515,PAIR_ARTIFACT_UNVERIFIED,True,False,full configuration-level nuisance matching not yet manually confirmed,faced_evalmode_frozen_patch_s3407_lr5e-4_20260804,faced_native_full_patch_s3407_lr1e-4_b64_e50,
frozen_aligned_vs_full_native,CBraMod,faced,channel_patch,3407,interaction_aligned,native_full_finetune,balanced_accuracy,0.39023081052066555,0.5683038110574343,-0.17807300053676878,0,3.6624630882432,PAIR_ARTIFACT_UNVERIFIED,True,False,full configuration-level nuisance matching not yet manually confirmed,faced_evalmode_frozen_channel_patch_s3407_lr5e-4_20260804,faced_native_full_channel_patch_s3407_lr1e-4_b64_e50,
frozen_aligned_vs_full_native,CBraMod,faced,channel_patch,3407,interaction_aligned,native_full_finetune,cohen_kappa,0.31227865505603936,0.5101547187122065,-0.19787606365616717,0,3.6624630882432,PAIR_ARTIFACT_UNVERIFIED,True,False,full configuration-level nuisance matching not yet manually confirmed,faced_evalmode_frozen_channel_patch_s3407_lr5e-4_20260804,faced_native_full_channel_patch_s3407_lr1e-4_b64_e50,
frozen_aligned_vs_full_native,CBraMod,faced,channel_patch,3407,interaction_aligned,native_full_finetune,macro_f1,0.389112028967704,0.5731034658075461,-0.1839914368398421,0,3.6624630882432,PAIR_ARTIFACT_UNVERIFIED,True,False,full configuration-level nuisance matching not yet manually confirmed,faced_evalmode_frozen_channel_patch_s3407_lr5e-4_20260804,faced_native_full_channel_patch_s3407_lr1e-4_b64_e50,
frozen_aligned_vs_full_native,CBraMod,faced,channel_patch,3407,interaction_aligned,native_full_finetune,weighted_f1,0.3881569328609679,0.568469974021308,-0.18031304116034014,0,3.6624630882432,PAIR_ARTIFACT_UNVERIFIED,True,False,full configuration-level nuisance matching not yet manually confirmed,faced_evalmode_frozen_channel_patch_s3407_lr5e-4_20260804,faced_native_full_channel_patch_s3407_lr1e-4_b64_e50,
frozen_aligned_vs_full_native,CBraMod,isruc,channel,42,interaction_aligned,native_full_finetune,balanced_accuracy,0.7433502181558147,0.774252945847443,-0.030902727691628273,0,18.428692642024284,PAIR_ARTIFACT_UNVERIFIED,True,False,full configuration-level nuisance matching not yet manually confirmed,isruc_cbramod_frozen_channel_s42_lr2e-4_b8_e20,isruc_cbramod_native_full_channel_s42_lr2e-4_b8_e20,
frozen_aligned_vs_full_native,CBraMod,isruc,channel,42,interaction_aligned,native_full_finetune,cohen_kappa,0.6930913158934278,0.7421730382496129,-0.04908172235618513,0,18.428692642024284,PAIR_ARTIFACT_UNVERIFIED,True,False,full configuration-level nuisance matching not yet manually confirmed,isruc_cbramod_frozen_channel_s42_lr2e-4_b8_e20,isruc_cbramod_native_full_channel_s42_lr2e-4_b8_e20,
frozen_aligned_vs_full_native,CBraMod,isruc,channel,42,interaction_aligned,native_full_finetune,macro_f1,0.7248673706374896,0.7739773821663986,-0.049110011528908926,0,18.428692642024284,PAIR_ARTIFACT_UNVERIFIED,True,False,full configuration-level nuisance matching not yet manually confirmed,isruc_cbramod_frozen_channel_s42_lr2e-4_b8_e20,isruc_cbramod_native_full_channel_s42_lr2e-4_b8_e20,
frozen_aligned_vs_full_native,CBraMod,isruc,channel,42,interaction_aligned,native_full_finetune,weighted_f1,0.7527917529488668,0.7995611759492017,-0.04676942300033493,0,18.428692642024284,PAIR_ARTIFACT_UNVERIFIED,True,False,full configuration-level nuisance matching not yet manually confirmed,isruc_cbramod_frozen_channel_s42_lr2e-4_b8_e20,isruc_cbramod_native_full_channel_s42_lr2e-4_b8_e20,
frozen_aligned_vs_full_native,CBraMod,isruc,patch,42,interaction_aligned,native_full_finetune,balanced_accuracy,0.7428491008591609,0.7739250953015382,-0.031075994442377297,0,18.428692642024284,PAIR_ARTIFACT_UNVERIFIED,True,False,full configuration-level nuisance matching not yet manually confirmed,isruc_cbramod_frozen_patch_s42_lr2e-4_b8_e20,isruc_cbramod_native_full_patch_s42_lr2e-4_b8_e20,
frozen_aligned_vs_full_native,CBraMod,isruc,patch,42,interaction_aligned,native_full_finetune,cohen_kappa,0.693361020362675,0.727524958541965,-0.03416393817928998,0,18.428692642024284,PAIR_ARTIFACT_UNVERIFIED,True,False,full configuration-level nuisance matching not yet manually confirmed,isruc_cbramod_frozen_patch_s42_lr2e-4_b8_e20,isruc_cbramod_native_full_patch_s42_lr2e-4_b8_e20,
frozen_aligned_vs_full_native,CBraMod,isruc,patch,42,interaction_aligned,native_full_finetune,macro_f1,0.7241756357304281,0.7701606178260242,-0.045984982095596094,0,18.428692642024284,PAIR_ARTIFACT_UNVERIFIED,True,False,full configuration-level nuisance matching not yet manually confirmed,isruc_cbramod_frozen_patch_s42_lr2e-4_b8_e20,isruc_cbramod_native_full_patch_s42_lr2e-4_b8_e20,
frozen_aligned_vs_full_native,CBraMod,isruc,patch,42,interaction_aligned,native_full_finetune,weighted_f1,0.7542565916279415,0.7901155681855095,-0.03585897655756809,0,18.428692642024284,PAIR_ARTIFACT_UNVERIFIED,True,False,full configuration-level nuisance matching not yet manually confirmed,isruc_cbramod_frozen_patch_s42_lr2e-4_b8_e20,isruc_cbramod_native_full_patch_s42_lr2e-4_b8_e20,
frozen_aligned_vs_full_native,CBraMod,isruc,channel_patch,42,interaction_aligned,native_full_finetune,balanced_accuracy,0.7541019622189131,0.7828451424869682,-0.028743180268055113,0,18.407989696229723,PAIR_ARTIFACT_UNVERIFIED,True,False,full configuration-level nuisance matching not yet manually confirmed,isruc_cbramod_frozen_channel_patch_s42_lr2e-4_b8_e20,isruc_cbramod_native_full_channel_patch_s42_lr2e-4_b8_e20,
frozen_aligned_vs_full_native,CBraMod,isruc,channel_patch,42,interaction_aligned,native_full_finetune,cohen_kappa,0.7119569714407924,0.74697324922096,-0.03501627778016758,0,18.407989696229723,PAIR_ARTIFACT_UNVERIFIED,True,False,full configuration-level nuisance matching not yet manually confirmed,isruc_cbramod_frozen_channel_patch_s42_lr2e-4_b8_e20,isruc_cbramod_native_full_channel_patch_s42_lr2e-4_b8_e20,
frozen_aligned_vs_full_native,CBraMod,isruc,channel_patch,42,interaction_aligned,native_full_finetune,macro_f1,0.7471509189075352,0.7827616835790476,-0.035610764671512474,0,18.407989696229723,PAIR_ARTIFACT_UNVERIFIED,True,False,full configuration-level nuisance matching not yet manually confirmed,isruc_cbramod_frozen_channel_patch_s42_lr2e-4_b8_e20,isruc_cbramod_native_full_channel_patch_s42_lr2e-4_b8_e20,
frozen_aligned_vs_full_native,CBraMod,isruc,channel_patch,42,interaction_aligned,native_full_finetune,weighted_f1,0.7732663754247068,0.8052137083972031,-0.0319473329724963,0,18.407989696229723,PAIR_ARTIFACT_UNVERIFIED,True,False,full configuration-level nuisance matching not yet manually confirmed,isruc_cbramod_frozen_channel_patch_s42_lr2e-4_b8_e20,isruc_cbramod_native_full_channel_patch_s42_lr2e-4_b8_e20,
frozen_aligned_vs_full_native,CBraMod,isruc,channel,3407,interaction_aligned,native_full_finetune,balanced_accuracy,0.7507157513471675,0.7836943972410813,-0.03297864589391375,0,18.49981430935646,PAIR_ARTIFACT_UNVERIFIED,True,False,full configuration-level nuisance matching not yet manually confirmed,isruc_cbramod_alpha0_frozen_channel_r32_s3407,isruc_cbramod_alpha0_full_channel_r64_s3407,
frozen_aligned_vs_full_native,CBraMod,isruc,channel,3407,interaction_aligned,native_full_finetune,cohen_kappa,0.7104063642919359,0.7431680193632344,-0.03276165507129847,0,18.49981430935646,PAIR_ARTIFACT_UNVERIFIED,True,False,full configuration-level nuisance matching not yet manually confirmed,isruc_cbramod_alpha0_frozen_channel_r32_s3407,isruc_cbramod_alpha0_full_channel_r64_s3407,
frozen_aligned_vs_full_native,CBraMod,isruc,channel,3407,interaction_aligned,native_full_finetune,macro_f1,0.746691753647598,0.7826411568336149,-0.035949403186016915,0,18.49981430935646,PAIR_ARTIFACT_UNVERIFIED,True,False,full configuration-level nuisance matching not yet manually confirmed,isruc_cbramod_alpha0_frozen_channel_r32_s3407,isruc_cbramod_alpha0_full_channel_r64_s3407,
frozen_aligned_vs_full_native,CBraMod,isruc,channel,3407,interaction_aligned,native_full_finetune,weighted_f1,0.7727219306643444,0.801904228710281,-0.02918229804593664,0,18.49981430935646,PAIR_ARTIFACT_UNVERIFIED,True,False,full configuration-level nuisance matching not yet manually confirmed,isruc_cbramod_alpha0_frozen_channel_r32_s3407,isruc_cbramod_alpha0_full_channel_r64_s3407,
frozen_aligned_vs_full_native,CBraMod,isruc,channel,1024,interaction_aligned,native_full_finetune,balanced_accuracy,0.7501866977937308,0.7848987408880281,-0.03471204309429732,0,18.49981430935646,PAIR_ARTIFACT_UNVERIFIED,True,False,full configuration-level nuisance matching not yet manually confirmed,isruc_cbramod_alpha0_frozen_channel_r32_s1024,isruc_cbramod_alpha0_full_channel_r64_s1024,
frozen_aligned_vs_full_native,CBraMod,isruc,channel,1024,interaction_aligned,native_full_finetune,cohen_kappa,0.698797224924274,0.7441508988898596,-0.04535367396558565,0,18.49981430935646,PAIR_ARTIFACT_UNVERIFIED,True,False,full configuration-level nuisance matching not yet manually confirmed,isruc_cbramod_alpha0_frozen_channel_r32_s1024,isruc_cbramod_alpha0_full_channel_r64_s1024,
frozen_aligned_vs_full_native,CBraMod,isruc,channel,1024,interaction_aligned,native_full_finetune,macro_f1,0.7413308935511482,0.7814008024305533,-0.04006990887940509,0,18.49981430935646,PAIR_ARTIFACT_UNVERIFIED,True,False,full configuration-level nuisance matching not yet manually confirmed,isruc_cbramod_alpha0_frozen_channel_r32_s1024,isruc_cbramod_alpha0_full_channel_r64_s1024,
frozen_aligned_vs_full_native,CBraMod,isruc,channel,1024,interaction_aligned,native_full_finetune,weighted_f1,0.7635002213767207,0.8036078531323811,-0.040107631755660456,0,18.49981430935646,PAIR_ARTIFACT_UNVERIFIED,True,False,full configuration-level nuisance matching not yet manually confirmed,isruc_cbramod_alpha0_frozen_channel_r32_s1024,isruc_cbramod_alpha0_full_channel_r64_s1024,
frozen_aligned_vs_full_native,CBraMod,isruc,patch,3407,interaction_aligned,native_full_finetune,balanced_accuracy,0.751728362361652,0.7652346217884973,-0.013506259426845357,0,18.49981430935646,PAIR_ARTIFACT_UNVERIFIED,True,False,full configuration-level nuisance matching not yet manually confirmed,isruc_cbramod_alpha0_frozen_patch_r32_s3407,isruc_cbramod_alpha0_full_patch_r64_s3407,
frozen_aligned_vs_full_native,CBraMod,isruc,patch,3407,interaction_aligned,native_full_finetune,cohen_kappa,0.7081978366685706,0.7363608968627474,-0.028163060194176803,0,18.49981430935646,PAIR_ARTIFACT_UNVERIFIED,True,False,full configuration-level nuisance matching not yet manually confirmed,isruc_cbramod_alpha0_frozen_patch_r32_s3407,isruc_cbramod_alpha0_full_patch_r64_s3407,
frozen_aligned_vs_full_native,CBraMod,isruc,patch,3407,interaction_aligned,native_full_finetune,macro_f1,0.7501864111008701,0.7614740327775282,-0.011287621676658088,0,18.49981430935646,PAIR_ARTIFACT_UNVERIFIED,True,False,full configuration-level nuisance matching not yet manually confirmed,isruc_cbramod_alpha0_frozen_patch_r32_s3407,isruc_cbramod_alpha0_full_patch_r64_s3407,
frozen_aligned_vs_full_native,CBraMod,isruc,patch,3407,interaction_aligned,native_full_finetune,weighted_f1,0.7719204480684727,0.7874351585776054,-0.015514710509132668,0,18.49981430935646,PAIR_ARTIFACT_UNVERIFIED,True,False,full configuration-level nuisance matching not yet manually confirmed,isruc_cbramod_alpha0_frozen_patch_r32_s3407,isruc_cbramod_alpha0_full_patch_r64_s3407,
frozen_aligned_vs_full_native,CBraMod,isruc,patch,1024,interaction_aligned,native_full_finetune,balanced_accuracy,0.7506977400259212,0.7712175979814243,-0.02051985795550315,0,18.49981430935646,PAIR_ARTIFACT_UNVERIFIED,True,False,full configuration-level nuisance matching not yet manually confirmed,isruc_cbramod_alpha0_frozen_patch_r32_s1024,isruc_cbramod_alpha0_full_patch_r64_s1024,
frozen_aligned_vs_full_native,CBraMod,isruc,patch,1024,interaction_aligned,native_full_finetune,cohen_kappa,0.7084492340465698,0.7424566456967385,-0.03400741165016874,0,18.49981430935646,PAIR_ARTIFACT_UNVERIFIED,True,False,full configuration-level nuisance matching not yet manually confirmed,isruc_cbramod_alpha0_frozen_patch_r32_s1024,isruc_cbramod_alpha0_full_patch_r64_s1024,
frozen_aligned_vs_full_native,CBraMod,isruc,patch,1024,interaction_aligned,native_full_finetune,macro_f1,0.7501811391137457,0.7714787356885952,-0.02129759657484942,0,18.49981430935646,PAIR_ARTIFACT_UNVERIFIED,True,False,full configuration-level nuisance matching not yet manually confirmed,isruc_cbramod_alpha0_frozen_patch_r32_s1024,isruc_cbramod_alpha0_full_patch_r64_s1024,
frozen_aligned_vs_full_native,CBraMod,isruc,patch,1024,interaction_aligned,native_full_finetune,weighted_f1,0.7740439924086199,0.7996100065386215,-0.02556601413000159,0,18.49981430935646,PAIR_ARTIFACT_UNVERIFIED,True,False,full configuration-level nuisance matching not yet manually confirmed,isruc_cbramod_alpha0_frozen_patch_r32_s1024,isruc_cbramod_alpha0_full_patch_r64_s1024,
frozen_aligned_vs_full_native,CBraMod,isruc,channel_patch,3407,interaction_aligned,native_full_finetune,balanced_accuracy,0.7582700564676808,0.7711765546243626,-0.012906498156681878,0,18.55007323355498,PAIR_ARTIFACT_UNVERIFIED,True,False,full configuration-level nuisance matching not yet manually confirmed,isruc_cbramod_alpha0_frozen_channel_patch_r32_s3407,isruc_cbramod_alpha0_full_channel_patch_r64_s3407,
frozen_aligned_vs_full_native,CBraMod,isruc,channel_patch,3407,interaction_aligned,native_full_finetune,cohen_kappa,0.7177018636118719,0.7305665813162617,-0.012864717704389794,0,18.55007323355498,PAIR_ARTIFACT_UNVERIFIED,True,False,full configuration-level nuisance matching not yet manually confirmed,isruc_cbramod_alpha0_frozen_channel_patch_r32_s3407,isruc_cbramod_alpha0_full_channel_patch_r64_s3407,
frozen_aligned_vs_full_native,CBraMod,isruc,channel_patch,3407,interaction_aligned,native_full_finetune,macro_f1,0.7560127141520887,0.7609549835901797,-0.0049422694380909515,0,18.55007323355498,PAIR_ARTIFACT_UNVERIFIED,True,False,full configuration-level nuisance matching not yet manually confirmed,isruc_cbramod_alpha0_frozen_channel_patch_r32_s3407,isruc_cbramod_alpha0_full_channel_patch_r64_s3407,
frozen_aligned_vs_full_native,CBraMod,isruc,channel_patch,3407,interaction_aligned,native_full_finetune,weighted_f1,0.779714160419938,0.7864743233394832,-0.006760162919545176,0,18.55007323355498,PAIR_ARTIFACT_UNVERIFIED,True,False,full configuration-level nuisance matching not yet manually confirmed,isruc_cbramod_alpha0_frozen_channel_patch_r32_s3407,isruc_cbramod_alpha0_full_channel_patch_r64_s3407,
frozen_aligned_vs_full_native,CBraMod,isruc,channel_patch,1024,interaction_aligned,native_full_finetune,balanced_accuracy,0.7467958307219527,0.7947230412866584,-0.047927210564705724,0,18.55007323355498,PAIR_ARTIFACT_UNVERIFIED,True,False,full configuration-level nuisance matching not yet manually confirmed,isruc_cbramod_alpha0_frozen_channel_patch_r32_s1024,isruc_cbramod_alpha0_full_channel_patch_r64_s1024,
frozen_aligned_vs_full_native,CBraMod,isruc,channel_patch,1024,interaction_aligned,native_full_finetune,cohen_kappa,0.7140817188339508,0.7550503990549803,-0.04096868022102951,0,18.55007323355498,PAIR_ARTIFACT_UNVERIFIED,True,False,full configuration-level nuisance matching not yet manually confirmed,isruc_cbramod_alpha0_frozen_channel_patch_r32_s1024,isruc_cbramod_alpha0_full_channel_patch_r64_s1024,
frozen_aligned_vs_full_native,CBraMod,isruc,channel_patch,1024,interaction_aligned,native_full_finetune,macro_f1,0.7421781037924606,0.790833627366357,-0.04865552357389635,0,18.55007323355498,PAIR_ARTIFACT_UNVERIFIED,True,False,full configuration-level nuisance matching not yet manually confirmed,isruc_cbramod_alpha0_frozen_channel_patch_r32_s1024,isruc_cbramod_alpha0_full_channel_patch_r64_s1024,
frozen_aligned_vs_full_native,CBraMod,isruc,channel_patch,1024,interaction_aligned,native_full_finetune,weighted_f1,0.7727081374220769,0.8112346022174244,-0.03852646479534749,0,18.55007323355498,PAIR_ARTIFACT_UNVERIFIED,True,False,full configuration-level nuisance matching not yet manually confirmed,isruc_cbramod_alpha0_frozen_channel_patch_r32_s1024,isruc_cbramod_alpha0_full_channel_patch_r64_s1024,
frozen_aligned_vs_full_native,CBraMod,physionet_mi,channel,42,interaction_aligned,native_full_finetune,balanced_accuracy,0.5392313995057074,0.6306809311326789,-0.09144953162697145,0,10.608790290100387,PAIR_ARTIFACT_UNVERIFIED,True,False,full configuration-level nuisance matching not yet manually confirmed,physionet_mi_cbramod_frozen_channel_r64_s42_lr2e-4_b64_e40,physionet_mi_cbramod_full_channel_r64_s42_lr2e-4_b64_e40,
frozen_aligned_vs_full_native,CBraMod,physionet_mi,channel,42,interaction_aligned,native_full_finetune,cohen_kappa,0.38554458482747767,0.5075146386267806,-0.12197005379930292,0,10.608790290100387,PAIR_ARTIFACT_UNVERIFIED,True,False,full configuration-level nuisance matching not yet manually confirmed,physionet_mi_cbramod_frozen_channel_r64_s42_lr2e-4_b64_e40,physionet_mi_cbramod_full_channel_r64_s42_lr2e-4_b64_e40,
frozen_aligned_vs_full_native,CBraMod,physionet_mi,channel,42,interaction_aligned,native_full_finetune,macro_f1,0.541705919662576,0.6312290527216571,-0.0895231330590811,0,10.608790290100387,PAIR_ARTIFACT_UNVERIFIED,True,False,full configuration-level nuisance matching not yet manually confirmed,physionet_mi_cbramod_frozen_channel_r64_s42_lr2e-4_b64_e40,physionet_mi_cbramod_full_channel_r64_s42_lr2e-4_b64_e40,
frozen_aligned_vs_full_native,CBraMod,physionet_mi,channel,42,interaction_aligned,native_full_finetune,weighted_f1,0.5416744180025194,0.6312160905451548,-0.08954167254263545,0,10.608790290100387,PAIR_ARTIFACT_UNVERIFIED,True,False,full configuration-level nuisance matching not yet manually confirmed,physionet_mi_cbramod_frozen_channel_r64_s42_lr2e-4_b64_e40,physionet_mi_cbramod_full_channel_r64_s42_lr2e-4_b64_e40,
frozen_aligned_vs_full_native,CBraMod,physionet_mi,patch,42,interaction_aligned,native_full_finetune,balanced_accuracy,0.5231767658035582,0.6228946337768595,-0.09971786797330129,0,10.608790290100387,PAIR_ARTIFACT_UNVERIFIED,True,False,full configuration-level nuisance matching not yet manually confirmed,physionet_mi_cbramod_frozen_patch_r64_s42_lr2e-4_b64_e40,physionet_mi_cbramod_full_patch_r64_s42_lr2e-4_b64_e40,
frozen_aligned_vs_full_native,CBraMod,physionet_mi,patch,42,interaction_aligned,native_full_finetune,cohen_kappa,0.36413487436724334,0.4971416759155126,-0.13300680154826927,0,10.608790290100387,PAIR_ARTIFACT_UNVERIFIED,True,False,full configuration-level nuisance matching not yet manually confirmed,physionet_mi_cbramod_frozen_patch_r64_s42_lr2e-4_b64_e40,physionet_mi_cbramod_full_patch_r64_s42_lr2e-4_b64_e40,
frozen_aligned_vs_full_native,CBraMod,physionet_mi,patch,42,interaction_aligned,native_full_finetune,macro_f1,0.5234802564982007,0.6240058329628781,-0.10052557646467741,0,10.608790290100387,PAIR_ARTIFACT_UNVERIFIED,True,False,full configuration-level nuisance matching not yet manually confirmed,physionet_mi_cbramod_frozen_patch_r64_s42_lr2e-4_b64_e40,physionet_mi_cbramod_full_patch_r64_s42_lr2e-4_b64_e40,
frozen_aligned_vs_full_native,CBraMod,physionet_mi,patch,42,interaction_aligned,native_full_finetune,weighted_f1,0.5234426855190963,0.6239773064605499,-0.1005346209414536,0,10.608790290100387,PAIR_ARTIFACT_UNVERIFIED,True,False,full configuration-level nuisance matching not yet manually confirmed,physionet_mi_cbramod_frozen_patch_r64_s42_lr2e-4_b64_e40,physionet_mi_cbramod_full_patch_r64_s42_lr2e-4_b64_e40,
frozen_aligned_vs_full_native,CBraMod,physionet_mi,channel_patch,42,interaction_aligned,native_full_finetune,balanced_accuracy,0.5563284808016258,0.625170768346639,-0.0688422875450132,0,10.601926217036569,PAIR_ARTIFACT_UNVERIFIED,True,False,full configuration-level nuisance matching not yet manually confirmed,physionet_mi_cbramod_frozen_channel_patch_r64_s42_lr2e-4_b64_e40,physionet_mi_cbramod_full_channel_patch_r64_s42_lr2e-4_b64_e40,
frozen_aligned_vs_full_native,CBraMod,physionet_mi,channel_patch,42,interaction_aligned,native_full_finetune,cohen_kappa,0.4084043980851071,0.5001197585143382,-0.09171536042923112,0,10.601926217036569,PAIR_ARTIFACT_UNVERIFIED,True,False,full configuration-level nuisance matching not yet manually confirmed,physionet_mi_cbramod_frozen_channel_patch_r64_s42_lr2e-4_b64_e40,physionet_mi_cbramod_full_channel_patch_r64_s42_lr2e-4_b64_e40,
frozen_aligned_vs_full_native,CBraMod,physionet_mi,channel_patch,42,interaction_aligned,native_full_finetune,macro_f1,0.5589373627887834,0.6255580464728573,-0.06662068368407392,0,10.601926217036569,PAIR_ARTIFACT_UNVERIFIED,True,False,full configuration-level nuisance matching not yet manually confirmed,physionet_mi_cbramod_frozen_channel_patch_r64_s42_lr2e-4_b64_e40,physionet_mi_cbramod_full_channel_patch_r64_s42_lr2e-4_b64_e40,
frozen_aligned_vs_full_native,CBraMod,physionet_mi,channel_patch,42,interaction_aligned,native_full_finetune,weighted_f1,0.5589193862134213,0.6255072294334038,-0.06658784321998246,0,10.601926217036569,PAIR_ARTIFACT_UNVERIFIED,True,False,full configuration-level nuisance matching not yet manually confirmed,physionet_mi_cbramod_frozen_channel_patch_r64_s42_lr2e-4_b64_e40,physionet_mi_cbramod_full_channel_patch_r64_s42_lr2e-4_b64_e40,
frozen_aligned_vs_full_native,CBraMod,physionet_mi,channel,1024,interaction_aligned,native_full_finetune,balanced_accuracy,0.5552695052871399,0.6212425420238723,-0.06597303673673238,0,10.608790290100387,PAIR_ARTIFACT_UNVERIFIED,True,False,full configuration-level nuisance matching not yet manually confirmed,physionet_mi_cbramod_frozen_channel_s1024_r64_lr2e-4_b64_e40,physionet_mi_cbramod_full_channel_s1024_r64_adaplr2e-4_lr2e-4_b64_e40,
frozen_aligned_vs_full_native,CBraMod,physionet_mi,channel,1024,interaction_aligned,native_full_finetune,cohen_kappa,0.40693927386864703,0.49493478380344824,-0.08799550993480121,0,10.608790290100387,PAIR_ARTIFACT_UNVERIFIED,True,False,full configuration-level nuisance matching not yet manually confirmed,physionet_mi_cbramod_frozen_channel_s1024_r64_lr2e-4_b64_e40,physionet_mi_cbramod_full_channel_s1024_r64_adaplr2e-4_lr2e-4_b64_e40,
frozen_aligned_vs_full_native,CBraMod,physionet_mi,channel,1024,interaction_aligned,native_full_finetune,macro_f1,0.5545717673204273,0.6221057779681725,-0.06753401064774511,0,10.608790290100387,PAIR_ARTIFACT_UNVERIFIED,True,False,full configuration-level nuisance matching not yet manually confirmed,physionet_mi_cbramod_frozen_channel_s1024_r64_lr2e-4_b64_e40,physionet_mi_cbramod_full_channel_s1024_r64_adaplr2e-4_lr2e-4_b64_e40,
frozen_aligned_vs_full_native,CBraMod,physionet_mi,channel,1024,interaction_aligned,native_full_finetune,weighted_f1,0.5545100653436812,0.6220853374125851,-0.0675752720689039,0,10.608790290100387,PAIR_ARTIFACT_UNVERIFIED,True,False,full configuration-level nuisance matching not yet manually confirmed,physionet_mi_cbramod_frozen_channel_s1024_r64_lr2e-4_b64_e40,physionet_mi_cbramod_full_channel_s1024_r64_adaplr2e-4_lr2e-4_b64_e40,
frozen_aligned_vs_full_native,CBraMod,physionet_mi,channel,3407,interaction_aligned,native_full_finetune,balanced_accuracy,0.5402712924306594,0.6124028776987829,-0.07213158526812347,0,10.608790290100387,PAIR_ARTIFACT_UNVERIFIED,True,False,full configuration-level nuisance matching not yet manually confirmed,physionet_mi_cbramod_frozen_channel_s3407_r64_lr2e-4_b64_e40,physionet_mi_cbramod_full_channel_s3407_r64_adaplr2e-4_lr2e-4_b64_e40,
frozen_aligned_vs_full_native,CBraMod,physionet_mi,channel,3407,interaction_aligned,native_full_finetune,cohen_kappa,0.386977160424965,0.48310797093454616,-0.09613081050958117,0,10.608790290100387,PAIR_ARTIFACT_UNVERIFIED,True,False,full configuration-level nuisance matching not yet manually confirmed,physionet_mi_cbramod_frozen_channel_s3407_r64_lr2e-4_b64_e40,physionet_mi_cbramod_full_channel_s3407_r64_adaplr2e-4_lr2e-4_b64_e40,
frozen_aligned_vs_full_native,CBraMod,physionet_mi,channel,3407,interaction_aligned,native_full_finetune,macro_f1,0.5432412332908125,0.6141561867166017,-0.07091495342578913,0,10.608790290100387,PAIR_ARTIFACT_UNVERIFIED,True,False,full configuration-level nuisance matching not yet manually confirmed,physionet_mi_cbramod_frozen_channel_s3407_r64_lr2e-4_b64_e40,physionet_mi_cbramod_full_channel_s3407_r64_adaplr2e-4_lr2e-4_b64_e40,
frozen_aligned_vs_full_native,CBraMod,physionet_mi,channel,3407,interaction_aligned,native_full_finetune,weighted_f1,0.5432178800623216,0.6141092131477366,-0.07089133308541495,0,10.608790290100387,PAIR_ARTIFACT_UNVERIFIED,True,False,full configuration-level nuisance matching not yet manually confirmed,physionet_mi_cbramod_frozen_channel_s3407_r64_lr2e-4_b64_e40,physionet_mi_cbramod_full_channel_s3407_r64_adaplr2e-4_lr2e-4_b64_e40,
frozen_aligned_vs_full_native,CBraMod,physionet_mi,patch,1024,interaction_aligned,native_full_finetune,balanced_accuracy,0.5608115976270177,0.6290265336787553,-0.06821493605173756,0,10.608790290100387,PAIR_ARTIFACT_UNVERIFIED,True,False,full configuration-level nuisance matching not yet manually confirmed,physionet_mi_cbramod_frozen_patch_s1024_r64_lr2e-4_b64_e40,physionet_mi_cbramod_full_patch_s1024_r64_adaplr2e-4_lr2e-4_b64_e40,
frozen_aligned_vs_full_native,CBraMod,physionet_mi,patch,1024,interaction_aligned,native_full_finetune,cohen_kappa,0.4143340460149233,0.5052860912045037,-0.09095204518958044,0,10.608790290100387,PAIR_ARTIFACT_UNVERIFIED,True,False,full configuration-level nuisance matching not yet manually confirmed,physionet_mi_cbramod_frozen_patch_s1024_r64_lr2e-4_b64_e40,physionet_mi_cbramod_full_patch_s1024_r64_adaplr2e-4_lr2e-4_b64_e40,
frozen_aligned_vs_full_native,CBraMod,physionet_mi,patch,1024,interaction_aligned,native_full_finetune,macro_f1,0.5611777050507358,0.6301778180734139,-0.06900011302267806,0,10.608790290100387,PAIR_ARTIFACT_UNVERIFIED,True,False,full configuration-level nuisance matching not yet manually confirmed,physionet_mi_cbramod_frozen_patch_s1024_r64_lr2e-4_b64_e40,physionet_mi_cbramod_full_patch_s1024_r64_adaplr2e-4_lr2e-4_b64_e40,
frozen_aligned_vs_full_native,CBraMod,physionet_mi,patch,1024,interaction_aligned,native_full_finetune,weighted_f1,0.5611219910180419,0.6301362729917737,-0.06901428197373172,0,10.608790290100387,PAIR_ARTIFACT_UNVERIFIED,True,False,full configuration-level nuisance matching not yet manually confirmed,physionet_mi_cbramod_frozen_patch_s1024_r64_lr2e-4_b64_e40,physionet_mi_cbramod_full_patch_s1024_r64_adaplr2e-4_lr2e-4_b64_e40,
frozen_aligned_vs_full_native,CBraMod,physionet_mi,patch,3407,interaction_aligned,native_full_finetune,balanced_accuracy,0.5418406821700308,0.6268302184513554,-0.08498953628132466,0,10.608790290100387,PAIR_ARTIFACT_UNVERIFIED,True,False,full configuration-level nuisance matching not yet manually confirmed,physionet_mi_cbramod_frozen_patch_s3407_r64_lr2e-4_b64_e40,physionet_mi_cbramod_full_patch_s3407_r64_adaplr2e-4_lr2e-4_b64_e40,
frozen_aligned_vs_full_native,CBraMod,physionet_mi,patch,3407,interaction_aligned,native_full_finetune,cohen_kappa,0.38913695298175965,0.5023430604725329,-0.1132061074907732,0,10.608790290100387,PAIR_ARTIFACT_UNVERIFIED,True,False,full configuration-level nuisance matching not yet manually confirmed,physionet_mi_cbramod_frozen_patch_s3407_r64_lr2e-4_b64_e40,physionet_mi_cbramod_full_patch_s3407_r64_adaplr2e-4_lr2e-4_b64_e40,
frozen_aligned_vs_full_native,CBraMod,physionet_mi,patch,3407,interaction_aligned,native_full_finetune,macro_f1,0.5402862138389434,0.6280322262379716,-0.08774601239902824,0,10.608790290100387,PAIR_ARTIFACT_UNVERIFIED,True,False,full configuration-level nuisance matching not yet manually confirmed,physionet_mi_cbramod_frozen_patch_s3407_r64_lr2e-4_b64_e40,physionet_mi_cbramod_full_patch_s3407_r64_adaplr2e-4_lr2e-4_b64_e40,
frozen_aligned_vs_full_native,CBraMod,physionet_mi,patch,3407,interaction_aligned,native_full_finetune,weighted_f1,0.5402832158154107,0.627996476896273,-0.0877132610808623,0,10.608790290100387,PAIR_ARTIFACT_UNVERIFIED,True,False,full configuration-level nuisance matching not yet manually confirmed,physionet_mi_cbramod_frozen_patch_s3407_r64_lr2e-4_b64_e40,physionet_mi_cbramod_full_patch_s3407_r64_adaplr2e-4_lr2e-4_b64_e40,
frozen_aligned_vs_full_native,CBraMod,physionet_mi,channel_patch,1024,interaction_aligned,native_full_finetune,balanced_accuracy,0.5447280280358292,0.6229646911727589,-0.07823666313692967,0,10.683758030517344,PAIR_ARTIFACT_UNVERIFIED,True,False,full configuration-level nuisance matching not yet manually confirmed,physionet_mi_cbramod_frozen_channel_patch_s1024_r32_lr2e-4_b64_e40,physionet_mi_cbramod_full_channel_patch_s1024_r64_adaplr2e-4_lr2e-4_b64_e40,
frozen_aligned_vs_full_native,CBraMod,physionet_mi,channel_patch,1024,interaction_aligned,native_full_finetune,cohen_kappa,0.39289244375614696,0.4971787975501185,-0.10428635379397155,0,10.683758030517344,PAIR_ARTIFACT_UNVERIFIED,True,False,full configuration-level nuisance matching not yet manually confirmed,physionet_mi_cbramod_frozen_channel_patch_s1024_r32_lr2e-4_b64_e40,physionet_mi_cbramod_full_channel_patch_s1024_r64_adaplr2e-4_lr2e-4_b64_e40,
frozen_aligned_vs_full_native,CBraMod,physionet_mi,channel_patch,1024,interaction_aligned,native_full_finetune,macro_f1,0.5474045257062004,0.6231720997578893,-0.07576757405168899,0,10.683758030517344,PAIR_ARTIFACT_UNVERIFIED,True,False,full configuration-level nuisance matching not yet manually confirmed,physionet_mi_cbramod_frozen_channel_patch_s1024_r32_lr2e-4_b64_e40,physionet_mi_cbramod_full_channel_patch_s1024_r64_adaplr2e-4_lr2e-4_b64_e40,
frozen_aligned_vs_full_native,CBraMod,physionet_mi,channel_patch,1024,interaction_aligned,native_full_finetune,weighted_f1,0.5473611345361193,0.6231431119044099,-0.07578197736829051,0,10.683758030517344,PAIR_ARTIFACT_UNVERIFIED,True,False,full configuration-level nuisance matching not yet manually confirmed,physionet_mi_cbramod_frozen_channel_patch_s1024_r32_lr2e-4_b64_e40,physionet_mi_cbramod_full_channel_patch_s1024_r64_adaplr2e-4_lr2e-4_b64_e40,
frozen_aligned_vs_full_native,CBraMod,physionet_mi,channel_patch,3407,interaction_aligned,native_full_finetune,balanced_accuracy,0.5385787626651348,0.6257103752228851,-0.08713161255775026,0,10.683758030517344,PAIR_ARTIFACT_UNVERIFIED,True,False,full configuration-level nuisance matching not yet manually confirmed,physionet_mi_cbramod_frozen_channel_patch_s3407_r32_lr2e-4_b64_e40,physionet_mi_cbramod_full_channel_patch_s3407_r64_adaplr2e-4_lr2e-4_b64_e40,
frozen_aligned_vs_full_native,CBraMod,physionet_mi,channel_patch,3407,interaction_aligned,native_full_finetune,cohen_kappa,0.3847423404298079,0.5008541084358844,-0.11611176800607648,0,10.683758030517344,PAIR_ARTIFACT_UNVERIFIED,True,False,full configuration-level nuisance matching not yet manually confirmed,physionet_mi_cbramod_frozen_channel_patch_s3407_r32_lr2e-4_b64_e40,physionet_mi_cbramod_full_channel_patch_s3407_r64_adaplr2e-4_lr2e-4_b64_e40,
frozen_aligned_vs_full_native,CBraMod,physionet_mi,channel_patch,3407,interaction_aligned,native_full_finetune,macro_f1,0.5408047389865864,0.6265177626235708,-0.08571302363698441,0,10.683758030517344,PAIR_ARTIFACT_UNVERIFIED,True,False,full configuration-level nuisance matching not yet manually confirmed,physionet_mi_cbramod_frozen_channel_patch_s3407_r32_lr2e-4_b64_e40,physionet_mi_cbramod_full_channel_patch_s3407_r64_adaplr2e-4_lr2e-4_b64_e40,
frozen_aligned_vs_full_native,CBraMod,physionet_mi,channel_patch,3407,interaction_aligned,native_full_finetune,weighted_f1,0.5407886462338123,0.626472884234863,-0.08568423800105074,0,10.683758030517344,PAIR_ARTIFACT_UNVERIFIED,True,False,full configuration-level nuisance matching not yet manually confirmed,physionet_mi_cbramod_frozen_channel_patch_s3407_r32_lr2e-4_b64_e40,physionet_mi_cbramod_full_channel_patch_s3407_r64_adaplr2e-4_lr2e-4_b64_e40,
frozen_aligned_vs_full_native,CBraMod,seedv,channel,42,interaction_aligned,native_full_finetune,balanced_accuracy,0.288196999934955,0.39765357730950784,-0.10945657737455283,0,32.56819829270033,PAIR_ARTIFACT_UNVERIFIED,True,False,full configuration-level nuisance matching not yet manually confirmed,seedv_evalmode_frozen_channel_s42_lr1e-5_20260804,seedv_native_full_channel_s42,within-subject protocol; patch axis is singleton/degenerate
frozen_aligned_vs_full_native,CBraMod,seedv,channel,42,interaction_aligned,native_full_finetune,cohen_kappa,0.108617838060861,0.25425479008590235,-0.14563695202504134,0,32.56819829270033,PAIR_ARTIFACT_UNVERIFIED,True,False,full configuration-level nuisance matching not yet manually confirmed,seedv_evalmode_frozen_channel_s42_lr1e-5_20260804,seedv_native_full_channel_s42,within-subject protocol; patch axis is singleton/degenerate
frozen_aligned_vs_full_native,CBraMod,seedv,channel,42,interaction_aligned,native_full_finetune,macro_f1,0.28532104252684387,0.39754644853589305,-0.11222540600904918,0,32.56819829270033,PAIR_ARTIFACT_UNVERIFIED,True,False,full configuration-level nuisance matching not yet manually confirmed,seedv_evalmode_frozen_channel_s42_lr1e-5_20260804,seedv_native_full_channel_s42,within-subject protocol; patch axis is singleton/degenerate
frozen_aligned_vs_full_native,CBraMod,seedv,channel,42,interaction_aligned,native_full_finetune,weighted_f1,0.29184776948437363,0.40815404010215556,-0.11630627061778193,0,32.56819829270033,PAIR_ARTIFACT_UNVERIFIED,True,False,full configuration-level nuisance matching not yet manually confirmed,seedv_evalmode_frozen_channel_s42_lr1e-5_20260804,seedv_native_full_channel_s42,within-subject protocol; patch axis is singleton/degenerate
frozen_aligned_vs_full_native,CBraMod,seedv,patch,42,interaction_aligned,native_full_finetune,balanced_accuracy,0.2908788206898414,0.39765357730950784,-0.10677475661966646,0,32.56819829270033,PAIR_ARTIFACT_UNVERIFIED,True,False,full configuration-level nuisance matching not yet manually confirmed,seedv_evalmode_frozen_patch_singleton_s42_20260804,seedv_native_full_channel_s42,within-subject protocol; patch axis is singleton/degenerate
frozen_aligned_vs_full_native,CBraMod,seedv,patch,42,interaction_aligned,native_full_finetune,cohen_kappa,0.11009642225492222,0.25425479008590235,-0.14415836783098013,0,32.56819829270033,PAIR_ARTIFACT_UNVERIFIED,True,False,full configuration-level nuisance matching not yet manually confirmed,seedv_evalmode_frozen_patch_singleton_s42_20260804,seedv_native_full_channel_s42,within-subject protocol; patch axis is singleton/degenerate
frozen_aligned_vs_full_native,CBraMod,seedv,patch,42,interaction_aligned,native_full_finetune,macro_f1,0.2838028999034868,0.39754644853589305,-0.11374354863240627,0,32.56819829270033,PAIR_ARTIFACT_UNVERIFIED,True,False,full configuration-level nuisance matching not yet manually confirmed,seedv_evalmode_frozen_patch_singleton_s42_20260804,seedv_native_full_channel_s42,within-subject protocol; patch axis is singleton/degenerate
frozen_aligned_vs_full_native,CBraMod,seedv,patch,42,interaction_aligned,native_full_finetune,weighted_f1,0.28876392273775664,0.40815404010215556,-0.11939011736439892,0,32.56819829270033,PAIR_ARTIFACT_UNVERIFIED,True,False,full configuration-level nuisance matching not yet manually confirmed,seedv_evalmode_frozen_patch_singleton_s42_20260804,seedv_native_full_channel_s42,within-subject protocol; patch axis is singleton/degenerate
frozen_aligned_vs_full_native,CBraMod,seedv,channel,1024,interaction_aligned,native_full_finetune,balanced_accuracy,0.2911470986043746,0.4031073473273993,-0.11196024872302468,0,32.56819829270033,PAIR_ARTIFACT_UNVERIFIED,True,False,full configuration-level nuisance matching not yet manually confirmed,seedv_evalmode_frozen_channel_s1024_lr1e-5_20260804,seedv_native_full_channel_s1024,within-subject protocol; patch axis is singleton/degenerate
frozen_aligned_vs_full_native,CBraMod,seedv,channel,1024,interaction_aligned,native_full_finetune,cohen_kappa,0.11102726904709448,0.26016038755037885,-0.14913311850328437,0,32.56819829270033,PAIR_ARTIFACT_UNVERIFIED,True,False,full configuration-level nuisance matching not yet manually confirmed,seedv_evalmode_frozen_channel_s1024_lr1e-5_20260804,seedv_native_full_channel_s1024,within-subject protocol; patch axis is singleton/degenerate
frozen_aligned_vs_full_native,CBraMod,seedv,channel,1024,interaction_aligned,native_full_finetune,macro_f1,0.29075242309834515,0.4030770964656445,-0.11232467336729934,0,32.56819829270033,PAIR_ARTIFACT_UNVERIFIED,True,False,full configuration-level nuisance matching not yet manually confirmed,seedv_evalmode_frozen_channel_s1024_lr1e-5_20260804,seedv_native_full_channel_s1024,within-subject protocol; patch axis is singleton/degenerate
frozen_aligned_vs_full_native,CBraMod,seedv,channel,1024,interaction_aligned,native_full_finetune,weighted_f1,0.2947268347376295,0.4128267744576811,-0.11809993972005162,0,32.56819829270033,PAIR_ARTIFACT_UNVERIFIED,True,False,full configuration-level nuisance matching not yet manually confirmed,seedv_evalmode_frozen_channel_s1024_lr1e-5_20260804,seedv_native_full_channel_s1024,within-subject protocol; patch axis is singleton/degenerate
frozen_aligned_vs_full_native,CBraMod,seedv,patch,1024,interaction_aligned,native_full_finetune,balanced_accuracy,0.2965905683838764,0.4031073473273993,-0.1065167789435229,0,32.56819829270033,PAIR_ARTIFACT_UNVERIFIED,True,False,full configuration-level nuisance matching not yet manually confirmed,seedv_evalmode_frozen_patch_singleton_s1024_20260804,seedv_native_full_channel_s1024,within-subject protocol; patch axis is singleton/degenerate
frozen_aligned_vs_full_native,CBraMod,seedv,patch,1024,interaction_aligned,native_full_finetune,cohen_kappa,0.12000009477710205,0.26016038755037885,-0.1401602927732768,0,32.56819829270033,PAIR_ARTIFACT_UNVERIFIED,True,False,full configuration-level nuisance matching not yet manually confirmed,seedv_evalmode_frozen_patch_singleton_s1024_20260804,seedv_native_full_channel_s1024,within-subject protocol; patch axis is singleton/degenerate
frozen_aligned_vs_full_native,CBraMod,seedv,patch,1024,interaction_aligned,native_full_finetune,macro_f1,0.29628109040295014,0.4030770964656445,-0.10679600606269435,0,32.56819829270033,PAIR_ARTIFACT_UNVERIFIED,True,False,full configuration-level nuisance matching not yet manually confirmed,seedv_evalmode_frozen_patch_singleton_s1024_20260804,seedv_native_full_channel_s1024,within-subject protocol; patch axis is singleton/degenerate
frozen_aligned_vs_full_native,CBraMod,seedv,patch,1024,interaction_aligned,native_full_finetune,weighted_f1,0.3029047608653736,0.4128267744576811,-0.10992201359230752,0,32.56819829270033,PAIR_ARTIFACT_UNVERIFIED,True,False,full configuration-level nuisance matching not yet manually confirmed,seedv_evalmode_frozen_patch_singleton_s1024_20260804,seedv_native_full_channel_s1024,within-subject protocol; patch axis is singleton/degenerate
frozen_aligned_vs_full_native,CBraMod,seedv,channel,3407,interaction_aligned,native_full_finetune,balanced_accuracy,0.296139844846257,0.38519024059184903,-0.08905039574559204,0,32.56819829270033,PAIR_ARTIFACT_UNVERIFIED,True,False,full configuration-level nuisance matching not yet manually confirmed,seedv_evalmode_frozen_channel_s3407_lr1e-5_20260804,seedv_native_full_channel_s3407,within-subject protocol; patch axis is singleton/degenerate
frozen_aligned_vs_full_native,CBraMod,seedv,channel,3407,interaction_aligned,native_full_finetune,cohen_kappa,0.11836499239636145,0.23778118515098023,-0.11941619275461879,0,32.56819829270033,PAIR_ARTIFACT_UNVERIFIED,True,False,full configuration-level nuisance matching not yet manually confirmed,seedv_evalmode_frozen_channel_s3407_lr1e-5_20260804,seedv_native_full_channel_s3407,within-subject protocol; patch axis is singleton/degenerate
frozen_aligned_vs_full_native,CBraMod,seedv,channel,3407,interaction_aligned,native_full_finetune,macro_f1,0.28097478179789287,0.3833441141950308,-0.10236933239713791,0,32.56819829270033,PAIR_ARTIFACT_UNVERIFIED,True,False,full configuration-level nuisance matching not yet manually confirmed,seedv_evalmode_frozen_channel_s3407_lr1e-5_20260804,seedv_native_full_channel_s3407,within-subject protocol; patch axis is singleton/degenerate
frozen_aligned_vs_full_native,CBraMod,seedv,channel,3407,interaction_aligned,native_full_finetune,weighted_f1,0.28848139295612957,0.3937867249915951,-0.10530533203546555,0,32.56819829270033,PAIR_ARTIFACT_UNVERIFIED,True,False,full configuration-level nuisance matching not yet manually confirmed,seedv_evalmode_frozen_channel_s3407_lr1e-5_20260804,seedv_native_full_channel_s3407,within-subject protocol; patch axis is singleton/degenerate
frozen_aligned_vs_full_native,CBraMod,seedv,patch,3407,interaction_aligned,native_full_finetune,balanced_accuracy,0.2977857747164364,0.38519024059184903,-0.08740446587541262,0,32.56819829270033,PAIR_ARTIFACT_UNVERIFIED,True,False,full configuration-level nuisance matching not yet manually confirmed,seedv_evalmode_frozen_patch_singleton_s3407_20260804,seedv_native_full_channel_s3407,within-subject protocol; patch axis is singleton/degenerate
frozen_aligned_vs_full_native,CBraMod,seedv,patch,3407,interaction_aligned,native_full_finetune,cohen_kappa,0.12057424235301395,0.23778118515098023,-0.11720694279796628,0,32.56819829270033,PAIR_ARTIFACT_UNVERIFIED,True,False,full configuration-level nuisance matching not yet manually confirmed,seedv_evalmode_frozen_patch_singleton_s3407_20260804,seedv_native_full_channel_s3407,within-subject protocol; patch axis is singleton/degenerate
frozen_aligned_vs_full_native,CBraMod,seedv,patch,3407,interaction_aligned,native_full_finetune,macro_f1,0.2988113814871551,0.3833441141950308,-0.0845327327078757,0,32.56819829270033,PAIR_ARTIFACT_UNVERIFIED,True,False,full configuration-level nuisance matching not yet manually confirmed,seedv_evalmode_frozen_patch_singleton_s3407_20260804,seedv_native_full_channel_s3407,within-subject protocol; patch axis is singleton/degenerate
frozen_aligned_vs_full_native,CBraMod,seedv,patch,3407,interaction_aligned,native_full_finetune,weighted_f1,0.3039129687511621,0.3937867249915951,-0.08987375624043303,0,32.56819829270033,PAIR_ARTIFACT_UNVERIFIED,True,False,full configuration-level nuisance matching not yet manually confirmed,seedv_evalmode_frozen_patch_singleton_s3407_20260804,seedv_native_full_channel_s3407,within-subject protocol; patch axis is singleton/degenerate
frozen_aligned_vs_full_native,CBraMod,tuev,channel_patch,42,interaction_aligned,native_full_finetune,balanced_accuracy,0.44257555777800617,0.6231449034225783,-0.18056934564457217,0,23.095821887412622,PAIR_ARTIFACT_UNVERIFIED,True,False,full configuration-level nuisance matching not yet manually confirmed,tuev_cbramod_frozen_channel_patch_s42_r64_lr1e-4_b8_e20,tuev_cbramod_full_channel_patch_s42_r64_lr1e-4_b8_e20,
frozen_aligned_vs_full_native,CBraMod,tuev,channel_patch,42,interaction_aligned,native_full_finetune,cohen_kappa,0.4296084848679441,0.6321316862110228,-0.20252320134307866,0,23.095821887412622,PAIR_ARTIFACT_UNVERIFIED,True,False,full configuration-level nuisance matching not yet manually confirmed,tuev_cbramod_frozen_channel_patch_s42_r64_lr1e-4_b8_e20,tuev_cbramod_full_channel_patch_s42_r64_lr1e-4_b8_e20,
frozen_aligned_vs_full_native,CBraMod,tuev,channel_patch,42,interaction_aligned,native_full_finetune,macro_f1,0.4638179195160819,0.6044132413580896,-0.14059532184200768,0,23.095821887412622,PAIR_ARTIFACT_UNVERIFIED,True,False,full configuration-level nuisance matching not yet manually confirmed,tuev_cbramod_frozen_channel_patch_s42_r64_lr1e-4_b8_e20,tuev_cbramod_full_channel_patch_s42_r64_lr1e-4_b8_e20,
frozen_aligned_vs_full_native,CBraMod,tuev,channel_patch,42,interaction_aligned,native_full_finetune,weighted_f1,0.7066781414404987,0.8071421920319624,-0.10046405059146368,0,23.095821887412622,PAIR_ARTIFACT_UNVERIFIED,True,False,full configuration-level nuisance matching not yet manually confirmed,tuev_cbramod_frozen_channel_patch_s42_r64_lr1e-4_b8_e20,tuev_cbramod_full_channel_patch_s42_r64_lr1e-4_b8_e20,
frozen_aligned_vs_full_native,CBraMod,tuev,channel,42,interaction_aligned,native_full_finetune,balanced_accuracy,0.4535935207170716,0.6017625967860664,-0.14816907606899477,0,23.12842136708491,PAIR_ARTIFACT_UNVERIFIED,True,False,full configuration-level nuisance matching not yet manually confirmed,tuev_cbramod_frozen_channel_s42_r64_lr1e-4_b8_e20,tuev_cbramod_full_channel_s42_r64_lr1e-4_b8_e20,
frozen_aligned_vs_full_native,CBraMod,tuev,channel,42,interaction_aligned,native_full_finetune,cohen_kappa,0.4481052957013847,0.5841390564625697,-0.136033760761185,0,23.12842136708491,PAIR_ARTIFACT_UNVERIFIED,True,False,full configuration-level nuisance matching not yet manually confirmed,tuev_cbramod_frozen_channel_s42_r64_lr1e-4_b8_e20,tuev_cbramod_full_channel_s42_r64_lr1e-4_b8_e20,
frozen_aligned_vs_full_native,CBraMod,tuev,channel,42,interaction_aligned,native_full_finetune,macro_f1,0.4725227680440451,0.5392126114032741,-0.06668984335922906,0,23.12842136708491,PAIR_ARTIFACT_UNVERIFIED,True,False,full configuration-level nuisance matching not yet manually confirmed,tuev_cbramod_frozen_channel_s42_r64_lr1e-4_b8_e20,tuev_cbramod_full_channel_s42_r64_lr1e-4_b8_e20,
frozen_aligned_vs_full_native,CBraMod,tuev,channel,42,interaction_aligned,native_full_finetune,weighted_f1,0.7175116161469016,0.7866767857436044,-0.06916516959670282,0,23.12842136708491,PAIR_ARTIFACT_UNVERIFIED,True,False,full configuration-level nuisance matching not yet manually confirmed,tuev_cbramod_frozen_channel_s42_r64_lr1e-4_b8_e20,tuev_cbramod_full_channel_s42_r64_lr1e-4_b8_e20,
frozen_aligned_vs_full_native,CBraMod,tuev,patch,42,interaction_aligned,native_full_finetune,balanced_accuracy,0.4529235104920515,0.6273666265213005,-0.174443116029249,0,23.12842136708491,PAIR_ARTIFACT_UNVERIFIED,True,False,full configuration-level nuisance matching not yet manually confirmed,tuev_cbramod_frozen_patch_s42_r64_lr1e-4_b8_e20,tuev_cbramod_full_patch_s42_r64_lr1e-4_b8_e20,
frozen_aligned_vs_full_native,CBraMod,tuev,patch,42,interaction_aligned,native_full_finetune,cohen_kappa,0.4475164006818122,0.6115365243712909,-0.16402012368947871,0,23.12842136708491,PAIR_ARTIFACT_UNVERIFIED,True,False,full configuration-level nuisance matching not yet manually confirmed,tuev_cbramod_frozen_patch_s42_r64_lr1e-4_b8_e20,tuev_cbramod_full_patch_s42_r64_lr1e-4_b8_e20,
frozen_aligned_vs_full_native,CBraMod,tuev,patch,42,interaction_aligned,native_full_finetune,macro_f1,0.47255050121362707,0.5773766381450679,-0.10482613693144083,0,23.12842136708491,PAIR_ARTIFACT_UNVERIFIED,True,False,full configuration-level nuisance matching not yet manually confirmed,tuev_cbramod_frozen_patch_s42_r64_lr1e-4_b8_e20,tuev_cbramod_full_patch_s42_r64_lr1e-4_b8_e20,
frozen_aligned_vs_full_native,CBraMod,tuev,patch,42,interaction_aligned,native_full_finetune,weighted_f1,0.7170919992681187,0.7981348324468086,-0.08104283317868988,0,23.12842136708491,PAIR_ARTIFACT_UNVERIFIED,True,False,full configuration-level nuisance matching not yet manually confirmed,tuev_cbramod_frozen_patch_s42_r64_lr1e-4_b8_e20,tuev_cbramod_full_patch_s42_r64_lr1e-4_b8_e20,
frozen_aligned_vs_full_native,CBraMod,tuev,channel,3407,interaction_aligned,native_full_finetune,balanced_accuracy,0.4560299455710833,0.6233241129757232,-0.16729416740463993,0,23.12842136708491,PAIR_ARTIFACT_UNVERIFIED,True,False,full configuration-level nuisance matching not yet manually confirmed,tuev_cbramod_frozen_channel_s3407_r64_lr1e-4_b8_e20,tuev_cbramod_full_channel_s3407_r64_lr1e-4_b8_e20_resub,
frozen_aligned_vs_full_native,CBraMod,tuev,channel,3407,interaction_aligned,native_full_finetune,cohen_kappa,0.46917202998089114,0.6509565440552678,-0.18178451407437668,0,23.12842136708491,PAIR_ARTIFACT_UNVERIFIED,True,False,full configuration-level nuisance matching not yet manually confirmed,tuev_cbramod_frozen_channel_s3407_r64_lr1e-4_b8_e20,tuev_cbramod_full_channel_s3407_r64_lr1e-4_b8_e20_resub,
frozen_aligned_vs_full_native,CBraMod,tuev,channel,3407,interaction_aligned,native_full_finetune,macro_f1,0.4833385663825012,0.6154999417524106,-0.1321613753699094,0,23.12842136708491,PAIR_ARTIFACT_UNVERIFIED,True,False,full configuration-level nuisance matching not yet manually confirmed,tuev_cbramod_frozen_channel_s3407_r64_lr1e-4_b8_e20,tuev_cbramod_full_channel_s3407_r64_lr1e-4_b8_e20_resub,
frozen_aligned_vs_full_native,CBraMod,tuev,channel,3407,interaction_aligned,native_full_finetune,weighted_f1,0.7279658510139784,0.8199102685218411,-0.09194441750786275,0,23.12842136708491,PAIR_ARTIFACT_UNVERIFIED,True,False,full configuration-level nuisance matching not yet manually confirmed,tuev_cbramod_frozen_channel_s3407_r64_lr1e-4_b8_e20,tuev_cbramod_full_channel_s3407_r64_lr1e-4_b8_e20_resub,
frozen_aligned_vs_full_native,CBraMod,tuev,channel,1024,interaction_aligned,native_full_finetune,balanced_accuracy,0.458060733332084,0.6449808096065971,-0.18692007627451307,0,23.12842136708491,PAIR_ARTIFACT_UNVERIFIED,True,False,full configuration-level nuisance matching not yet manually confirmed,tuev_cbramod_frozen_channel_s1024_r64_lr1e-4_b8_e20,tuev_cbramod_full_channel_s1024_r64_lr1e-4_b8_e20,
frozen_aligned_vs_full_native,CBraMod,tuev,channel,1024,interaction_aligned,native_full_finetune,cohen_kappa,0.47567725394451243,0.6733939326449998,-0.19771667870048737,0,23.12842136708491,PAIR_ARTIFACT_UNVERIFIED,True,False,full configuration-level nuisance matching not yet manually confirmed,tuev_cbramod_frozen_channel_s1024_r64_lr1e-4_b8_e20,tuev_cbramod_full_channel_s1024_r64_lr1e-4_b8_e20,
frozen_aligned_vs_full_native,CBraMod,tuev,channel,1024,interaction_aligned,native_full_finetune,macro_f1,0.4836023738580106,0.63155820050919,-0.1479558266511794,0,23.12842136708491,PAIR_ARTIFACT_UNVERIFIED,True,False,full configuration-level nuisance matching not yet manually confirmed,tuev_cbramod_frozen_channel_s1024_r64_lr1e-4_b8_e20,tuev_cbramod_full_channel_s1024_r64_lr1e-4_b8_e20,
frozen_aligned_vs_full_native,CBraMod,tuev,channel,1024,interaction_aligned,native_full_finetune,weighted_f1,0.7320292854336291,0.8290916758247825,-0.09706239039115339,0,23.12842136708491,PAIR_ARTIFACT_UNVERIFIED,True,False,full configuration-level nuisance matching not yet manually confirmed,tuev_cbramod_frozen_channel_s1024_r64_lr1e-4_b8_e20,tuev_cbramod_full_channel_s1024_r64_lr1e-4_b8_e20,
frozen_aligned_vs_full_native,CBraMod,tuev,patch,3407,interaction_aligned,native_full_finetune,balanced_accuracy,0.4629974887082091,0.639681344472225,-0.1766838557640159,0,23.12842136708491,PAIR_ARTIFACT_UNVERIFIED,True,False,full configuration-level nuisance matching not yet manually confirmed,tuev_cbramod_frozen_patch_s3407_r64_lr1e-4_b8_e20,tuev_cbramod_full_patch_s3407_r64_lr1e-4_b8_e20,
frozen_aligned_vs_full_native,CBraMod,tuev,patch,3407,interaction_aligned,native_full_finetune,cohen_kappa,0.44175433012825727,0.632310236628074,-0.19055590649981669,0,23.12842136708491,PAIR_ARTIFACT_UNVERIFIED,True,False,full configuration-level nuisance matching not yet manually confirmed,tuev_cbramod_frozen_patch_s3407_r64_lr1e-4_b8_e20,tuev_cbramod_full_patch_s3407_r64_lr1e-4_b8_e20,
frozen_aligned_vs_full_native,CBraMod,tuev,patch,3407,interaction_aligned,native_full_finetune,macro_f1,0.48037246213483975,0.6373577512157605,-0.1569852890809208,0,23.12842136708491,PAIR_ARTIFACT_UNVERIFIED,True,False,full configuration-level nuisance matching not yet manually confirmed,tuev_cbramod_frozen_patch_s3407_r64_lr1e-4_b8_e20,tuev_cbramod_full_patch_s3407_r64_lr1e-4_b8_e20,
frozen_aligned_vs_full_native,CBraMod,tuev,patch,3407,interaction_aligned,native_full_finetune,weighted_f1,0.7131342516032814,0.8095093952798046,-0.09637514367652322,0,23.12842136708491,PAIR_ARTIFACT_UNVERIFIED,True,False,full configuration-level nuisance matching not yet manually confirmed,tuev_cbramod_frozen_patch_s3407_r64_lr1e-4_b8_e20,tuev_cbramod_full_patch_s3407_r64_lr1e-4_b8_e20,
frozen_aligned_vs_full_native,CBraMod,tuev,patch,1024,interaction_aligned,native_full_finetune,balanced_accuracy,0.4499536968400317,0.6508906658813526,-0.20093696904132086,0,23.12842136708491,PAIR_ARTIFACT_UNVERIFIED,True,False,full configuration-level nuisance matching not yet manually confirmed,tuev_cbramod_frozen_patch_s1024_r64_lr1e-4_b8_e20,tuev_cbramod_full_patch_s1024_r64_lr1e-4_b8_e20,
frozen_aligned_vs_full_native,CBraMod,tuev,patch,1024,interaction_aligned,native_full_finetune,cohen_kappa,0.44373585410424665,0.6654438336693299,-0.22170797956508326,0,23.12842136708491,PAIR_ARTIFACT_UNVERIFIED,True,False,full configuration-level nuisance matching not yet manually confirmed,tuev_cbramod_frozen_patch_s1024_r64_lr1e-4_b8_e20,tuev_cbramod_full_patch_s1024_r64_lr1e-4_b8_e20,
frozen_aligned_vs_full_native,CBraMod,tuev,patch,1024,interaction_aligned,native_full_finetune,macro_f1,0.46354773605305977,0.620705980891353,-0.15715824483829322,0,23.12842136708491,PAIR_ARTIFACT_UNVERIFIED,True,False,full configuration-level nuisance matching not yet manually confirmed,tuev_cbramod_frozen_patch_s1024_r64_lr1e-4_b8_e20,tuev_cbramod_full_patch_s1024_r64_lr1e-4_b8_e20,
frozen_aligned_vs_full_native,CBraMod,tuev,patch,1024,interaction_aligned,native_full_finetune,weighted_f1,0.7132791513256591,0.8283090449679582,-0.1150298936422991,0,23.12842136708491,PAIR_ARTIFACT_UNVERIFIED,True,False,full configuration-level nuisance matching not yet manually confirmed,tuev_cbramod_frozen_patch_s1024_r64_lr1e-4_b8_e20,tuev_cbramod_full_patch_s1024_r64_lr1e-4_b8_e20,
frozen_aligned_vs_full_native,CBraMod,tuev,channel_patch,3407,interaction_aligned,native_full_finetune,balanced_accuracy,0.44131067030453225,0.6499741122331651,-0.2086634419286329,0,23.095821887412622,PAIR_ARTIFACT_UNVERIFIED,True,False,full configuration-level nuisance matching not yet manually confirmed,tuev_cbramod_frozen_channel_patch_s3407_r64_lr1e-4_b8_e20,tuev_cbramod_full_channel_patch_s3407_r64_lr1e-4_b8_e20,
frozen_aligned_vs_full_native,CBraMod,tuev,channel_patch,3407,interaction_aligned,native_full_finetune,cohen_kappa,0.4475318069907215,0.6479007690870572,-0.2003689620963357,0,23.095821887412622,PAIR_ARTIFACT_UNVERIFIED,True,False,full configuration-level nuisance matching not yet manually confirmed,tuev_cbramod_frozen_channel_patch_s3407_r64_lr1e-4_b8_e20,tuev_cbramod_full_channel_patch_s3407_r64_lr1e-4_b8_e20,
frozen_aligned_vs_full_native,CBraMod,tuev,channel_patch,3407,interaction_aligned,native_full_finetune,macro_f1,0.45565671339450664,0.6392993336050192,-0.18364262021051259,0,23.095821887412622,PAIR_ARTIFACT_UNVERIFIED,True,False,full configuration-level nuisance matching not yet manually confirmed,tuev_cbramod_frozen_channel_patch_s3407_r64_lr1e-4_b8_e20,tuev_cbramod_full_channel_patch_s3407_r64_lr1e-4_b8_e20,
frozen_aligned_vs_full_native,CBraMod,tuev,channel_patch,3407,interaction_aligned,native_full_finetune,weighted_f1,0.7164435475602838,0.8134913312080638,-0.09704778364778,0,23.095821887412622,PAIR_ARTIFACT_UNVERIFIED,True,False,full configuration-level nuisance matching not yet manually confirmed,tuev_cbramod_frozen_channel_patch_s3407_r64_lr1e-4_b8_e20,tuev_cbramod_full_channel_patch_s3407_r64_lr1e-4_b8_e20,
frozen_aligned_vs_full_native,CBraMod,tuev,channel_patch,1024,interaction_aligned,native_full_finetune,balanced_accuracy,0.4804948741238085,0.6255575977854203,-0.14506272366161183,0,23.095821887412622,PAIR_ARTIFACT_UNVERIFIED,True,False,full configuration-level nuisance matching not yet manually confirmed,tuev_cbramod_frozen_channel_patch_s1024_r64_lr1e-4_b8_e20,tuev_cbramod_full_channel_patch_s1024_r64_lr1e-4_b8_e20,
frozen_aligned_vs_full_native,CBraMod,tuev,channel_patch,1024,interaction_aligned,native_full_finetune,cohen_kappa,0.47188591051178597,0.5750233439124852,-0.10313743340069925,0,23.095821887412622,PAIR_ARTIFACT_UNVERIFIED,True,False,full configuration-level nuisance matching not yet manually confirmed,tuev_cbramod_frozen_channel_patch_s1024_r64_lr1e-4_b8_e20,tuev_cbramod_full_channel_patch_s1024_r64_lr1e-4_b8_e20,
frozen_aligned_vs_full_native,CBraMod,tuev,channel_patch,1024,interaction_aligned,native_full_finetune,macro_f1,0.4964129906723327,0.5274170275146298,-0.031004036842297134,0,23.095821887412622,PAIR_ARTIFACT_UNVERIFIED,True,False,full configuration-level nuisance matching not yet manually confirmed,tuev_cbramod_frozen_channel_patch_s1024_r64_lr1e-4_b8_e20,tuev_cbramod_full_channel_patch_s1024_r64_lr1e-4_b8_e20,
frozen_aligned_vs_full_native,CBraMod,tuev,channel_patch,1024,interaction_aligned,native_full_finetune,weighted_f1,0.7290714805482992,0.7790799522252536,-0.050008471676954436,0,23.095821887412622,PAIR_ARTIFACT_UNVERIFIED,True,False,full configuration-level nuisance matching not yet manually confirmed,tuev_cbramod_frozen_channel_patch_s1024_r64_lr1e-4_b8_e20,tuev_cbramod_full_channel_patch_s1024_r64_lr1e-4_b8_e20,
frozen_aligned_vs_full_native,LaBraM,PhysioNet-MI,channel_patch,1024,frozen_native_channel_patch,native_channel_patch,balanced_accuracy,0.27920721937012916,0.6302398003829567,-0.3510325810128275,0,98.53359406083078,PAIR_ARTIFACT_UNVERIFIED,True,False,full configuration-level nuisance matching not yet manually confirmed,physio_mi_frozen_channel_patch_lowrank_locked_lr5e4_s1024_b64_e40,physio_mi_full_channel_patch_lowrank_locked_lr5e4_s1024_b64_e40,serialized-only extension
frozen_aligned_vs_full_native,LaBraM,PhysioNet-MI,channel_patch,1024,frozen_native_channel_patch,native_channel_patch,cohen_kappa,0.03904783513665111,0.5067903421869848,-0.4677425070503337,0,98.53359406083078,PAIR_ARTIFACT_UNVERIFIED,True,False,full configuration-level nuisance matching not yet manually confirmed,physio_mi_frozen_channel_patch_lowrank_locked_lr5e4_s1024_b64_e40,physio_mi_full_channel_patch_lowrank_locked_lr5e4_s1024_b64_e40,serialized-only extension
frozen_aligned_vs_full_native,LaBraM,PhysioNet-MI,channel_patch,1024,frozen_native_channel_patch,native_channel_patch,weighted_f1,0.26154024467936204,0.6330909482318485,-0.3715507035524865,0,98.53359406083078,PAIR_ARTIFACT_UNVERIFIED,True,False,full configuration-level nuisance matching not yet manually confirmed,physio_mi_frozen_channel_patch_lowrank_locked_lr5e4_s1024_b64_e40,physio_mi_full_channel_patch_lowrank_locked_lr5e4_s1024_b64_e40,serialized-only extension
frozen_aligned_vs_full_native,LaBraM,PhysioNet-MI,channel_patch,3407,frozen_native_channel_patch,native_channel_patch,balanced_accuracy,0.2814281606695931,0.6158282889039495,-0.3344001282343564,0,98.53359406083078,PAIR_ARTIFACT_UNVERIFIED,True,False,full configuration-level nuisance matching not yet manually confirmed,physio_mi_frozen_channel_patch_lowrank_locked_lr5e4_s3407_b64_e40,physio_mi_full_channel_patch_lowrank_locked_lr5e4_s3407_b64_e40,serialized-only extension
frozen_aligned_vs_full_native,LaBraM,PhysioNet-MI,channel_patch,3407,frozen_native_channel_patch,native_channel_patch,cohen_kappa,0.042012783091985195,0.48760575613560897,-0.4455929730436238,0,98.53359406083078,PAIR_ARTIFACT_UNVERIFIED,True,False,full configuration-level nuisance matching not yet manually confirmed,physio_mi_frozen_channel_patch_lowrank_locked_lr5e4_s3407_b64_e40,physio_mi_full_channel_patch_lowrank_locked_lr5e4_s3407_b64_e40,serialized-only extension
frozen_aligned_vs_full_native,LaBraM,PhysioNet-MI,channel_patch,3407,frozen_native_channel_patch,native_channel_patch,weighted_f1,0.26194032125215694,0.6159926365705106,-0.3540523153183537,0,98.53359406083078,PAIR_ARTIFACT_UNVERIFIED,True,False,full configuration-level nuisance matching not yet manually confirmed,physio_mi_frozen_channel_patch_lowrank_locked_lr5e4_s3407_b64_e40,physio_mi_full_channel_patch_lowrank_locked_lr5e4_s3407_b64_e40,serialized-only extension
frozen_aligned_vs_full_native,LaBraM,PhysioNet-MI,channel_patch,42,frozen_native_channel_patch,native_channel_patch,balanced_accuracy,0.28914047739135995,0.6297170793176202,-0.34057660192626027,0,98.53359406083078,PAIR_ARTIFACT_UNVERIFIED,True,False,full configuration-level nuisance matching not yet manually confirmed,physio_mi_frozen_channel_patch_lowrank_locked_lr5e4_s42_b64_e40,physio_mi_full_channel_patch_lowrank_locked_lr5e4_s42_b64_e40,serialized-only extension
frozen_aligned_vs_full_native,LaBraM,PhysioNet-MI,channel_patch,42,frozen_native_channel_patch,native_channel_patch,cohen_kappa,0.052272578992569985,0.5060737876723087,-0.4538012086797387,0,98.53359406083078,PAIR_ARTIFACT_UNVERIFIED,True,False,full configuration-level nuisance matching not yet manually confirmed,physio_mi_frozen_channel_patch_lowrank_locked_lr5e4_s42_b64_e40,physio_mi_full_channel_patch_lowrank_locked_lr5e4_s42_b64_e40,serialized-only extension
frozen_aligned_vs_full_native,LaBraM,PhysioNet-MI,channel_patch,42,frozen_native_channel_patch,native_channel_patch,weighted_f1,0.2782369231757911,0.6309687148760922,-0.3527317917003011,0,98.53359406083078,PAIR_ARTIFACT_UNVERIFIED,True,False,full configuration-level nuisance matching not yet manually confirmed,physio_mi_frozen_channel_patch_lowrank_locked_lr5e4_s42_b64_e40,physio_mi_full_channel_patch_lowrank_locked_lr5e4_s42_b64_e40,serialized-only extension
frozen_aligned_vs_full_native,LaBraM,TUEV,channel,1024,frozen_native_channel,native_channel,balanced_accuracy,0.4154078220257804,0.6055153049067213,-0.19010748288094093,0,99.24777205912572,PAIR_ARTIFACT_UNVERIFIED,True,False,full configuration-level nuisance matching not yet manually confirmed,tuev_labram_frozen_channel_lr5e-4_s1024_b64_e15_scale100,tuev_labram_native_channel_lr5e-4_s1024_b64_e15_scale100,
frozen_aligned_vs_full_native,LaBraM,TUEV,channel,1024,frozen_native_channel,native_channel,cohen_kappa,0.4829673290067068,0.5821919995908839,-0.09922467058417705,0,99.24777205912572,PAIR_ARTIFACT_UNVERIFIED,True,False,full configuration-level nuisance matching not yet manually confirmed,tuev_labram_frozen_channel_lr5e-4_s1024_b64_e15_scale100,tuev_labram_native_channel_lr5e-4_s1024_b64_e15_scale100,
frozen_aligned_vs_full_native,LaBraM,TUEV,channel,1024,frozen_native_channel,native_channel,weighted_f1,0.7248009185381545,0.7870359343027892,-0.06223501576463464,0,99.24777205912572,PAIR_ARTIFACT_UNVERIFIED,True,False,full configuration-level nuisance matching not yet manually confirmed,tuev_labram_frozen_channel_lr5e-4_s1024_b64_e15_scale100,tuev_labram_native_channel_lr5e-4_s1024_b64_e15_scale100,
frozen_aligned_vs_full_native,LaBraM,TUEV,channel,3407,frozen_native_channel,native_channel,balanced_accuracy,0.42933198222716656,0.5896620888615157,-0.16033010663434916,0,99.24777205912572,PAIR_ARTIFACT_UNVERIFIED,True,False,full configuration-level nuisance matching not yet manually confirmed,tuev_labram_frozen_channel_lr5e-4_s3407_b64_e15_scale100,tuev_labram_native_channel_lr5e-4_s3407_b64_e15_scale100,
frozen_aligned_vs_full_native,LaBraM,TUEV,channel,3407,frozen_native_channel,native_channel,cohen_kappa,0.42499385484122976,0.5807637609233693,-0.1557699060821396,0,99.24777205912572,PAIR_ARTIFACT_UNVERIFIED,True,False,full configuration-level nuisance matching not yet manually confirmed,tuev_labram_frozen_channel_lr5e-4_s3407_b64_e15_scale100,tuev_labram_native_channel_lr5e-4_s3407_b64_e15_scale100,
frozen_aligned_vs_full_native,LaBraM,TUEV,channel,3407,frozen_native_channel,native_channel,weighted_f1,0.6888490552494598,0.7772626528303568,-0.08841359758089695,0,99.24777205912572,PAIR_ARTIFACT_UNVERIFIED,True,False,full configuration-level nuisance matching not yet manually confirmed,tuev_labram_frozen_channel_lr5e-4_s3407_b64_e15_scale100,tuev_labram_native_channel_lr5e-4_s3407_b64_e15_scale100,
frozen_aligned_vs_full_native,LaBraM,TUEV,channel,42,frozen_native_channel,native_channel,balanced_accuracy,0.4521834354068331,0.5930522386034414,-0.14086880319660827,0,99.24777205912572,PAIR_ARTIFACT_UNVERIFIED,True,False,full configuration-level nuisance matching not yet manually confirmed,tuev_labram_frozen_channel_lr5e-4_s42_b64_e15_scale100,tuev_labram_native_channel_zeroout_lr5e-4_s42_b64_e15_scale100,
frozen_aligned_vs_full_native,LaBraM,TUEV,channel,42,frozen_native_channel,native_channel,cohen_kappa,0.4726116949612613,0.5676871986909722,-0.09507550372971085,0,99.24777205912572,PAIR_ARTIFACT_UNVERIFIED,True,False,full configuration-level nuisance matching not yet manually confirmed,tuev_labram_frozen_channel_lr5e-4_s42_b64_e15_scale100,tuev_labram_native_channel_zeroout_lr5e-4_s42_b64_e15_scale100,
frozen_aligned_vs_full_native,LaBraM,TUEV,channel,42,frozen_native_channel,native_channel,weighted_f1,0.7247374136712004,0.7770607898865947,-0.05232337621539429,0,99.24777205912572,PAIR_ARTIFACT_UNVERIFIED,True,False,full configuration-level nuisance matching not yet manually confirmed,tuev_labram_frozen_channel_lr5e-4_s42_b64_e15_scale100,tuev_labram_native_channel_zeroout_lr5e-4_s42_b64_e15_scale100,
frozen_aligned_vs_full_native,LaBraM,TUEV,channel_patch,1024,frozen_native_channel_patch,native_channel_patch,balanced_accuracy,0.3806402643698943,0.5819094452595186,-0.2012691808896243,0,98.52688831735894,PAIR_ARTIFACT_UNVERIFIED,True,False,full configuration-level nuisance matching not yet manually confirmed,tuev_labram_frozen_channel_patch_lr5e-4_s1024_b64_e15_scale100,tuev_labram_native_channel_patch_lr5e-4_s1024_b64_e15_scale100,
frozen_aligned_vs_full_native,LaBraM,TUEV,channel_patch,1024,frozen_native_channel_patch,native_channel_patch,cohen_kappa,0.45672501143136013,0.5634967974957412,-0.10677178606438109,0,98.52688831735894,PAIR_ARTIFACT_UNVERIFIED,True,False,full configuration-level nuisance matching not yet manually confirmed,tuev_labram_frozen_channel_patch_lr5e-4_s1024_b64_e15_scale100,tuev_labram_native_channel_patch_lr5e-4_s1024_b64_e15_scale100,
frozen_aligned_vs_full_native,LaBraM,TUEV,channel_patch,1024,frozen_native_channel_patch,native_channel_patch,weighted_f1,0.7089334400412954,0.7678019965994775,-0.05886855655818202,0,98.52688831735894,PAIR_ARTIFACT_UNVERIFIED,True,False,full configuration-level nuisance matching not yet manually confirmed,tuev_labram_frozen_channel_patch_lr5e-4_s1024_b64_e15_scale100,tuev_labram_native_channel_patch_lr5e-4_s1024_b64_e15_scale100,
frozen_aligned_vs_full_native,LaBraM,TUEV,channel_patch,3407,frozen_native_channel_patch,native_channel_patch,balanced_accuracy,0.3815180323887642,0.6067759683516318,-0.22525793596286764,0,98.52688831735894,PAIR_ARTIFACT_UNVERIFIED,True,False,full configuration-level nuisance matching not yet manually confirmed,tuev_labram_frozen_channel_patch_lr5e-4_s3407_b64_e15_scale100,tuev_labram_native_channel_patch_lr5e-4_s3407_b64_e15_scale100,
frozen_aligned_vs_full_native,LaBraM,TUEV,channel_patch,3407,frozen_native_channel_patch,native_channel_patch,cohen_kappa,0.41657264005542294,0.5083252302990214,-0.0917525902435985,0,98.52688831735894,PAIR_ARTIFACT_UNVERIFIED,True,False,full configuration-level nuisance matching not yet manually confirmed,tuev_labram_frozen_channel_patch_lr5e-4_s3407_b64_e15_scale100,tuev_labram_native_channel_patch_lr5e-4_s3407_b64_e15_scale100,
frozen_aligned_vs_full_native,LaBraM,TUEV,channel_patch,3407,frozen_native_channel_patch,native_channel_patch,weighted_f1,0.6896527708113209,0.7377922002405405,-0.04813942942921956,0,98.52688831735894,PAIR_ARTIFACT_UNVERIFIED,True,False,full configuration-level nuisance matching not yet manually confirmed,tuev_labram_frozen_channel_patch_lr5e-4_s3407_b64_e15_scale100,tuev_labram_native_channel_patch_lr5e-4_s3407_b64_e15_scale100,
frozen_aligned_vs_full_native,LaBraM,TUEV,channel_patch,42,frozen_native_channel_patch,native_channel_patch,balanced_accuracy,0.41266905925860636,0.5622813647473861,-0.14961230548877974,0,98.52688831735894,PAIR_ARTIFACT_UNVERIFIED,True,False,full configuration-level nuisance matching not yet manually confirmed,tuev_labram_frozen_channel_patch_lr5e-4_s42_b64_e15_scale100,tuev_labram_native_channel_patch_zeroout_lr5e-4_s42_b64_e15_scale100,
frozen_aligned_vs_full_native,LaBraM,TUEV,channel_patch,42,frozen_native_channel_patch,native_channel_patch,cohen_kappa,0.5104404149071955,0.5211067085494356,-0.010666293642240143,0,98.52688831735894,PAIR_ARTIFACT_UNVERIFIED,True,False,full configuration-level nuisance matching not yet manually confirmed,tuev_labram_frozen_channel_patch_lr5e-4_s42_b64_e15_scale100,tuev_labram_native_channel_patch_zeroout_lr5e-4_s42_b64_e15_scale100,
frozen_aligned_vs_full_native,LaBraM,TUEV,channel_patch,42,frozen_native_channel_patch,native_channel_patch,weighted_f1,0.7408350916780715,0.7429030685853735,-0.0020679769073019827,0,98.52688831735894,PAIR_ARTIFACT_UNVERIFIED,True,False,full configuration-level nuisance matching not yet manually confirmed,tuev_labram_frozen_channel_patch_lr5e-4_s42_b64_e15_scale100,tuev_labram_native_channel_patch_zeroout_lr5e-4_s42_b64_e15_scale100,
frozen_aligned_vs_full_native,LaBraM,TUEV,patch,1024,frozen_native_patch,native_patch,balanced_accuracy,0.3947483728958548,0.5350291674571239,-0.14028079456126913,0,99.24777205912572,PAIR_ARTIFACT_UNVERIFIED,True,False,full configuration-level nuisance matching not yet manually confirmed,tuev_labram_frozen_patch_lr5e-4_s1024_b64_e15_scale100,tuev_labram_native_patch_lr5e-4_s1024_b64_e15_scale100,
frozen_aligned_vs_full_native,LaBraM,TUEV,patch,1024,frozen_native_patch,native_patch,cohen_kappa,0.5010763417059159,0.5271813921726334,-0.026105050466717516,0,99.24777205912572,PAIR_ARTIFACT_UNVERIFIED,True,False,full configuration-level nuisance matching not yet manually confirmed,tuev_labram_frozen_patch_lr5e-4_s1024_b64_e15_scale100,tuev_labram_native_patch_lr5e-4_s1024_b64_e15_scale100,
frozen_aligned_vs_full_native,LaBraM,TUEV,patch,1024,frozen_native_patch,native_patch,weighted_f1,0.7382778969362866,0.7567552703996683,-0.01847737346338163,0,99.24777205912572,PAIR_ARTIFACT_UNVERIFIED,True,False,full configuration-level nuisance matching not yet manually confirmed,tuev_labram_frozen_patch_lr5e-4_s1024_b64_e15_scale100,tuev_labram_native_patch_lr5e-4_s1024_b64_e15_scale100,
frozen_aligned_vs_full_native,LaBraM,TUEV,patch,3407,frozen_native_patch,native_patch,balanced_accuracy,0.41867457464451907,0.6524444383780593,-0.23376986373354025,0,99.24777205912572,PAIR_ARTIFACT_UNVERIFIED,True,False,full configuration-level nuisance matching not yet manually confirmed,tuev_labram_frozen_patch_lr5e-4_s3407_b64_e15_scale100,tuev_labram_native_patch_lr5e-4_s3407_b64_e15_scale100,
frozen_aligned_vs_full_native,LaBraM,TUEV,patch,3407,frozen_native_patch,native_patch,cohen_kappa,0.4860200031127988,0.6106894908164991,-0.12466948770370034,0,99.24777205912572,PAIR_ARTIFACT_UNVERIFIED,True,False,full configuration-level nuisance matching not yet manually confirmed,tuev_labram_frozen_patch_lr5e-4_s3407_b64_e15_scale100,tuev_labram_native_patch_lr5e-4_s3407_b64_e15_scale100,
frozen_aligned_vs_full_native,LaBraM,TUEV,patch,3407,frozen_native_patch,native_patch,weighted_f1,0.7299285255408341,0.800392412237172,-0.07046388669633785,0,99.24777205912572,PAIR_ARTIFACT_UNVERIFIED,True,False,full configuration-level nuisance matching not yet manually confirmed,tuev_labram_frozen_patch_lr5e-4_s3407_b64_e15_scale100,tuev_labram_native_patch_lr5e-4_s3407_b64_e15_scale100,
frozen_aligned_vs_full_native,LaBraM,TUEV,patch,42,frozen_native_patch,native_patch,balanced_accuracy,0.3828483756804982,0.5509844021869928,-0.16813602650649467,0,99.24777205912572,PAIR_ARTIFACT_UNVERIFIED,True,False,full configuration-level nuisance matching not yet manually confirmed,tuev_labram_frozen_patch_lr5e-4_s42_b64_e15_scale100,tuev_labram_native_patch_zeroout_lr5e-4_s42_b64_e15_scale100,
frozen_aligned_vs_full_native,LaBraM,TUEV,patch,42,frozen_native_patch,native_patch,cohen_kappa,0.48493135105386387,0.6002883232537916,-0.11535697219992769,0,99.24777205912572,PAIR_ARTIFACT_UNVERIFIED,True,False,full configuration-level nuisance matching not yet manually confirmed,tuev_labram_frozen_patch_lr5e-4_s42_b64_e15_scale100,tuev_labram_native_patch_zeroout_lr5e-4_s42_b64_e15_scale100,
frozen_aligned_vs_full_native,LaBraM,TUEV,patch,42,frozen_native_patch,native_patch,weighted_f1,0.7284932789053812,0.7910367172256644,-0.0625434383202832,0,99.24777205912572,PAIR_ARTIFACT_UNVERIFIED,True,False,full configuration-level nuisance matching not yet manually confirmed,tuev_labram_frozen_patch_lr5e-4_s42_b64_e15_scale100,tuev_labram_native_patch_zeroout_lr5e-4_s42_b64_e15_scale100,
