backbone,dataset,method,variant,seed,run_id,source_artifact,commit,evidence_tier,manuscript_role,paired_control_run_id,paired_variant,pair_valid,parameter_match_pct,trainability_regime,trainable_parameters,selector_metric,selected_epoch,balanced_accuracy,macro_f1,kappa,weighted_f1,audit_status,audit_notes,selection_rule,artifact_final_status,artifact_audit_note,artifact_checks,source_selected_epoch,source_balanced_accuracy,source_macro_f1,source_cohen_kappa,source_weighted_f1,source_trainable_parameter_fraction,source_adapter_parameter_count,source_total_parameters,source_peak_gpu_memory_bytes,source_training_wall_seconds,source_time_per_epoch_seconds
CBraMod,faced,full_finetune,none,1024,faced_cbramod_original_s1024_lr1e-4_b64_e50,/panfs/accrepfs.vampire/data/neurogroup/mingyangjiang/EEGxPlore/CBraMod/results/faced/faced_cbramod_original_s1024_lr1e-4_b64_e50,,PRIMARY_CANDIDATE,RQ3,,,,,trainable,133287809,validation_kappa,18,0.5619967793880838,0.5675525451894428,0.505205399428345,0.5641155910561543,UNREVIEWED,,complete_three_seed:full_finetune:none,VERIFIED,all required checks passed,summary.json=true;test_metrics.json=true;resolved_config.json=true;provenance.json=true;dataset_audit.json=true;checkpoint_load_report.json=true;optimizer_groups.json=true;trainability_report.json=true;metrics_by_epoch.jsonl=true;completed=true;test_evaluation_completed=true;strict_checkpoint_load=true;finite_dataset=true;validation_selector=true;frozen_mode=true;seed=true;selected_epoch=true;finite_balanced_accuracy=true;finite_macro_f1=true;finite_cohen_kappa=true;finite_weighted_f1=true,18,0.561996779388,0.567552545189,0.505205399428,0.564115591056,1.0,0,133287809,7221187072,2698.1616625785828,52.79349050045013
CBraMod,faced,full_finetune,none,3407,faced_cbramod_original_s3407_lr1e-4_b64_e50,/panfs/accrepfs.vampire/data/neurogroup/mingyangjiang/EEGxPlore/CBraMod/results/faced/faced_cbramod_original_s3407_lr1e-4_b64_e50,,PRIMARY_CANDIDATE,RQ3,,,,,trainable,133287809,validation_kappa,27,0.5701825013419217,0.5772939497719034,0.5139172891541126,0.5732697153020277,UNREVIEWED,,complete_three_seed:full_finetune:none,VERIFIED,all required checks passed,summary.json=true;test_metrics.json=true;resolved_config.json=true;provenance.json=true;dataset_audit.json=true;checkpoint_load_report.json=true;optimizer_groups.json=true;trainability_report.json=true;metrics_by_epoch.jsonl=true;completed=true;test_evaluation_completed=true;strict_checkpoint_load=true;finite_dataset=true;validation_selector=true;frozen_mode=true;seed=true;selected_epoch=true;finite_balanced_accuracy=true;finite_macro_f1=true;finite_cohen_kappa=true;finite_weighted_f1=true,27,0.570182501342,0.577293949772,0.513917289154,0.573269715302,1.0,0,133287809,7221187072,2722.102634906769,53.256713438034055
CBraMod,faced,full_finetune,none,42,faced_cbramod_original_s42_lr1e-4_b64_e50_r3,/panfs/accrepfs.vampire/data/neurogroup/mingyangjiang/EEGxPlore/CBraMod/results/faced/faced_cbramod_original_s42_lr1e-4_b64_e50_r3,,PRIMARY_CANDIDATE,RQ3,,,,,trainable,133287809,validation_kappa,25,0.5831991411701556,0.5909614301650772,0.5271355002814669,0.5864019244151826,UNREVIEWED,,complete_three_seed:full_finetune:none,VERIFIED,all required checks passed,summary.json=true;test_metrics.json=true;resolved_config.json=true;provenance.json=true;dataset_audit.json=true;checkpoint_load_report.json=true;optimizer_groups.json=true;trainability_report.json=true;metrics_by_epoch.jsonl=true;completed=true;test_evaluation_completed=true;strict_checkpoint_load=true;finite_dataset=true;validation_selector=true;frozen_mode=true;seed=true;selected_epoch=true;finite_balanced_accuracy=true;finite_macro_f1=true;finite_cohen_kappa=true;finite_weighted_f1=true,25,0.58319914117,0.590961430165,0.527135500281,0.586401924415,1.0,0,133287809,7221187072,2665.690556049347,52.173524103164674
CBraMod,faced,axis_blind,generic_token_control,1024,faced_evalmode_frozen_axis_blind_s1024_20260804,/panfs/accrepfs.vampire/data/neurogroup/mingyangjiang/EEGxPlore/CBraMod/results/faced/faced_evalmode_frozen_axis_blind_s1024_20260804,,PRIMARY_CANDIDATE,RQ2,faced_evalmode_frozen_axis_blind_s1024_20260804,channel_patch,PAIR_ARTIFACT_UNVERIFIED,0.5654806585597758,frozen,128463958,validation_kappa,32,0.3852657004830918,0.38599831322065864,0.3065033537474482,0.3848693007810737,UNREVIEWED,,complete_three_seed:axis_blind:generic_token_control,VERIFIED,all required checks passed,summary.json=true;test_metrics.json=true;resolved_config.json=true;provenance.json=true;dataset_audit.json=true;checkpoint_load_report.json=true;optimizer_groups.json=true;trainability_report.json=true;metrics_by_epoch.jsonl=true;completed=true;test_evaluation_completed=true;strict_checkpoint_load=true;finite_dataset=true;validation_selector=true;frozen_mode=true;seed=true;selected_epoch=true;finite_balanced_accuracy=true;finite_macro_f1=true;finite_cohen_kappa=true;finite_weighted_f1=true,32,0.385265700483,0.385998313221,0.306503353747,0.384869300781,0.9633754622256191,59949,133347758,3176823296,1170.383778333664,22.88411006450653
CBraMod,faced,axis_blind,generic_token_control,3407,faced_evalmode_frozen_axis_blind_s3407_20260804,/panfs/accrepfs.vampire/data/neurogroup/mingyangjiang/EEGxPlore/CBraMod/results/faced/faced_evalmode_frozen_axis_blind_s3407_20260804,,PRIMARY_CANDIDATE,RQ2,faced_evalmode_frozen_axis_blind_s3407_20260804,channel_patch,PAIR_ARTIFACT_UNVERIFIED,0.5654806585597758,frozen,128463958,validation_kappa,34,0.3913043478260869,0.38906197842338075,0.31424045356011343,0.38850024109873615,UNREVIEWED,,complete_three_seed:axis_blind:generic_token_control,VERIFIED,all required checks passed,summary.json=true;test_metrics.json=true;resolved_config.json=true;provenance.json=true;dataset_audit.json=true;checkpoint_load_report.json=true;optimizer_groups.json=true;trainability_report.json=true;metrics_by_epoch.jsonl=true;completed=true;test_evaluation_completed=true;strict_checkpoint_load=true;finite_dataset=true;validation_selector=true;frozen_mode=true;seed=true;selected_epoch=true;finite_balanced_accuracy=true;finite_macro_f1=true;finite_cohen_kappa=true;finite_weighted_f1=true,34,0.391304347826,0.389061978423,0.31424045356,0.388500241099,0.9633754622256191,59949,133347758,3176823296,2090.2861795425415,40.62250948429108
CBraMod,faced,axis_blind,generic_token_control,42,faced_evalmode_frozen_axis_blind_s42_20260804,/panfs/accrepfs.vampire/data/neurogroup/mingyangjiang/EEGxPlore/CBraMod/results/faced/faced_evalmode_frozen_axis_blind_s42_20260804,,PRIMARY_CANDIDATE,RQ2,faced_evalmode_frozen_axis_blind_s42_20260804,channel_patch,PAIR_ARTIFACT_UNVERIFIED,0.5654806585597758,frozen,128463958,validation_kappa,27,0.38727858293075684,0.38725319859351187,0.30842600691407396,0.38596753008255563,UNREVIEWED,,complete_three_seed:axis_blind:generic_token_control,VERIFIED,all required checks passed,summary.json=true;test_metrics.json=true;resolved_config.json=true;provenance.json=true;dataset_audit.json=true;checkpoint_load_report.json=true;optimizer_groups.json=true;trainability_report.json=true;metrics_by_epoch.jsonl=true;completed=true;test_evaluation_completed=true;strict_checkpoint_load=true;finite_dataset=true;validation_selector=true;frozen_mode=true;seed=true;selected_epoch=true;finite_balanced_accuracy=true;finite_macro_f1=true;finite_cohen_kappa=true;finite_weighted_f1=true,27,0.387278582931,0.387253198594,0.308426006914,0.385967530083,0.9633754622256191,59949,133347758,3176823296,1115.9301543235779,21.804071526527405
CBraMod,faced,interaction_aligned,channel_patch,1024,faced_evalmode_frozen_channel_patch_s1024_lr5e-4_20260804,/panfs/accrepfs.vampire/data/neurogroup/mingyangjiang/EEGxPlore/CBraMod/results/faced/faced_evalmode_frozen_channel_patch_s1024_lr5e-4_20260804,,PRIMARY_CANDIDATE,RQ1;RQ2,faced_evalmode_frozen_axis_blind_s1024_20260804,channel_patch,PAIR_ARTIFACT_UNVERIFIED,0.5654806585597758,frozen,128463619,validation_kappa,44,0.3875469672571122,0.387896632331497,0.3088363954505686,0.3865745094976027,UNREVIEWED,,complete_three_seed:interaction_aligned:channel_patch,VERIFIED,all required checks passed,summary.json=true;test_metrics.json=true;resolved_config.json=true;provenance.json=true;dataset_audit.json=true;checkpoint_load_report.json=true;optimizer_groups.json=true;trainability_report.json=true;metrics_by_epoch.jsonl=true;completed=true;test_evaluation_completed=true;strict_checkpoint_load=true;finite_dataset=true;validation_selector=true;frozen_mode=true;seed=true;selected_epoch=true;finite_balanced_accuracy=true;finite_macro_f1=true;finite_cohen_kappa=true;finite_weighted_f1=true,44,0.387546967257,0.387896632331,0.308836395451,0.386574509498,0.963375369117568,59610,133347419,3176689152,1152.376662015915,22.5273229265213
CBraMod,faced,interaction_aligned,channel_patch,3407,faced_evalmode_frozen_channel_patch_s3407_lr5e-4_20260804,/panfs/accrepfs.vampire/data/neurogroup/mingyangjiang/EEGxPlore/CBraMod/results/faced/faced_evalmode_frozen_channel_patch_s3407_lr5e-4_20260804,,PRIMARY_CANDIDATE,RQ1;RQ2,faced_evalmode_frozen_axis_blind_s3407_20260804,channel_patch,PAIR_ARTIFACT_UNVERIFIED,0.5654806585597758,frozen,128463619,validation_kappa,18,0.39023081052066555,0.389112028967704,0.31227865505603936,0.3881569328609679,UNREVIEWED,,complete_three_seed:interaction_aligned:channel_patch,VERIFIED,all required checks passed,summary.json=true;test_metrics.json=true;resolved_config.json=true;provenance.json=true;dataset_audit.json=true;checkpoint_load_report.json=true;optimizer_groups.json=true;trainability_report.json=true;metrics_by_epoch.jsonl=true;completed=true;test_evaluation_completed=true;strict_checkpoint_load=true;finite_dataset=true;validation_selector=true;frozen_mode=true;seed=true;selected_epoch=true;finite_balanced_accuracy=true;finite_macro_f1=true;finite_cohen_kappa=true;finite_weighted_f1=true,18,0.390230810521,0.389112028968,0.312278655056,0.388156932861,0.963375369117568,59610,133347419,3176689152,1154.4216539859772,22.549000601768494
CBraMod,faced,interaction_aligned,channel_patch,42,faced_evalmode_frozen_channel_patch_s42_lr5e-4_20260804,/panfs/accrepfs.vampire/data/neurogroup/mingyangjiang/EEGxPlore/CBraMod/results/faced/faced_evalmode_frozen_channel_patch_s42_lr5e-4_20260804,,PRIMARY_CANDIDATE,RQ1;RQ2,faced_evalmode_frozen_axis_blind_s42_20260804,channel_patch,PAIR_ARTIFACT_UNVERIFIED,0.5654806585597758,frozen,128463619,validation_kappa,37,0.3951959205582394,0.39505783033163044,0.31846788646688606,0.3943868787640964,UNREVIEWED,,complete_three_seed:interaction_aligned:channel_patch,VERIFIED,all required checks passed,summary.json=true;test_metrics.json=true;resolved_config.json=true;provenance.json=true;dataset_audit.json=true;checkpoint_load_report.json=true;optimizer_groups.json=true;trainability_report.json=true;metrics_by_epoch.jsonl=true;completed=true;test_evaluation_completed=true;strict_checkpoint_load=true;finite_dataset=true;validation_selector=true;frozen_mode=true;seed=true;selected_epoch=true;finite_balanced_accuracy=true;finite_macro_f1=true;finite_cohen_kappa=true;finite_weighted_f1=true,37,0.395195920558,0.395057830332,0.318467886467,0.394386878764,0.963375369117568,59610,133347419,3176689152,2077.0287511348724,40.39530251979828
CBraMod,faced,generic_bottleneck,none,1024,faced_evalmode_frozen_generic_s1024_20260804,/panfs/accrepfs.vampire/data/neurogroup/mingyangjiang/EEGxPlore/CBraMod/results/faced/faced_evalmode_frozen_generic_s1024_20260804,,PRIMARY_CANDIDATE,CONTEXT,,,,,trainable,128430274,validation_kappa,18,0.38754696725711213,0.3863050278036913,0.31001125797439844,0.38562317376620586,UNREVIEWED,,complete_three_seed:generic_bottleneck:none,VERIFIED,all required checks passed,summary.json=true;test_metrics.json=true;resolved_config.json=true;provenance.json=true;dataset_audit.json=true;checkpoint_load_report.json=true;optimizer_groups.json=true;trainability_report.json=true;metrics_by_epoch.jsonl=true;completed=true;test_evaluation_completed=true;strict_checkpoint_load=true;finite_dataset=true;validation_selector=true;frozen_mode=true;seed=true;selected_epoch=true;finite_balanced_accuracy=true;finite_macro_f1=true;finite_cohen_kappa=true;finite_weighted_f1=true,18,0.387546967257,0.386305027804,0.310011257974,0.385623173766,0.963366208431977,26265,133314074,3176009216,1105.7834374904633,21.602909603118896
CBraMod,faced,generic_bottleneck,none,3407,faced_evalmode_frozen_generic_s3407_20260804,/panfs/accrepfs.vampire/data/neurogroup/mingyangjiang/EEGxPlore/CBraMod/results/faced/faced_evalmode_frozen_generic_s3407_20260804,,PRIMARY_CANDIDATE,CONTEXT,,,,,trainable,128430274,validation_kappa,30,0.3894256575415996,0.38823561659221256,0.3110546272761364,0.3869751008735831,UNREVIEWED,,complete_three_seed:generic_bottleneck:none,VERIFIED,all required checks passed,summary.json=true;test_metrics.json=true;resolved_config.json=true;provenance.json=true;dataset_audit.json=true;checkpoint_load_report.json=true;optimizer_groups.json=true;trainability_report.json=true;metrics_by_epoch.jsonl=true;completed=true;test_evaluation_completed=true;strict_checkpoint_load=true;finite_dataset=true;validation_selector=true;frozen_mode=true;seed=true;selected_epoch=true;finite_balanced_accuracy=true;finite_macro_f1=true;finite_cohen_kappa=true;finite_weighted_f1=true,30,0.389425657542,0.388235616592,0.311054627276,0.386975100874,0.963366208431977,26265,133314074,3176009216,2080.5948581695557,40.45126903533936
CBraMod,faced,generic_bottleneck,none,42,faced_evalmode_frozen_generic_s42_20260804,/panfs/accrepfs.vampire/data/neurogroup/mingyangjiang/EEGxPlore/CBraMod/results/faced/faced_evalmode_frozen_generic_s42_20260804,,PRIMARY_CANDIDATE,CONTEXT,,,,,trainable,128430274,validation_kappa,35,0.3935856146001073,0.39315171255028436,0.31580701608199313,0.39197271782134063,UNREVIEWED,,complete_three_seed:generic_bottleneck:none,VERIFIED,all required checks passed,summary.json=true;test_metrics.json=true;resolved_config.json=true;provenance.json=true;dataset_audit.json=true;checkpoint_load_report.json=true;optimizer_groups.json=true;trainability_report.json=true;metrics_by_epoch.jsonl=true;completed=true;test_evaluation_completed=true;strict_checkpoint_load=true;finite_dataset=true;validation_selector=true;frozen_mode=true;seed=true;selected_epoch=true;finite_balanced_accuracy=true;finite_macro_f1=true;finite_cohen_kappa=true;finite_weighted_f1=true,35,0.3935856146,0.39315171255,0.315807016082,0.391972717821,0.963366208431977,26265,133314074,3176009216,1192.967366218567,23.322476563453673
CBraMod,faced,lora,none,1024,faced_evalmode_frozen_lora_qkv_r8_s1024_20260804,/panfs/accrepfs.vampire/data/neurogroup/mingyangjiang/EEGxPlore/CBraMod/results/faced/faced_evalmode_frozen_lora_qkv_r8_s1024_20260804,,PRIMARY_CANDIDATE,CONTEXT,,,,,trainable,128480809,validation_kappa,21,0.42243692968330643,0.4235914236304431,0.3471683960495061,0.42122702693475605,UNREVIEWED,,complete_three_seed:lora:none,VERIFIED,all required checks passed,summary.json=true;test_metrics.json=true;resolved_config.json=true;provenance.json=true;dataset_audit.json=true;checkpoint_load_report.json=true;optimizer_groups.json=true;trainability_report.json=true;metrics_by_epoch.jsonl=true;completed=true;test_evaluation_completed=true;strict_checkpoint_load=true;finite_dataset=true;validation_selector=true;frozen_mode=true;seed=true;selected_epoch=true;finite_balanced_accuracy=true;finite_macro_f1=true;finite_cohen_kappa=true;finite_weighted_f1=true,21,0.422436929683,0.42359142363,0.34716839605,0.421227026935,0.9633800898407763,0,133364609,5325818880,1647.28138589859,32.337723240852355
CBraMod,faced,lora,none,3407,faced_evalmode_frozen_lora_qkv_r8_s3407_20260804,/panfs/accrepfs.vampire/data/neurogroup/mingyangjiang/EEGxPlore/CBraMod/results/faced/faced_evalmode_frozen_lora_qkv_r8_s3407_20260804,,PRIMARY_CANDIDATE,CONTEXT,,,,,trainable,128480809,validation_kappa,11,0.4088835212023618,0.4084876718194134,0.3318340829585207,0.4064505862316601,UNREVIEWED,,complete_three_seed:lora:none,VERIFIED,all required checks passed,summary.json=true;test_metrics.json=true;resolved_config.json=true;provenance.json=true;dataset_audit.json=true;checkpoint_load_report.json=true;optimizer_groups.json=true;trainability_report.json=true;metrics_by_epoch.jsonl=true;completed=true;test_evaluation_completed=true;strict_checkpoint_load=true;finite_dataset=true;validation_selector=true;frozen_mode=true;seed=true;selected_epoch=true;finite_balanced_accuracy=true;finite_macro_f1=true;finite_cohen_kappa=true;finite_weighted_f1=true,11,0.408883521202,0.408487671819,0.331834082959,0.406450586232,0.9633800898407763,0,133364609,5325818880,2430.417889356613,47.44795843601227
CBraMod,faced,lora,none,42,faced_evalmode_frozen_lora_qkv_r8_s42_20260804,/panfs/accrepfs.vampire/data/neurogroup/mingyangjiang/EEGxPlore/CBraMod/results/faced/faced_evalmode_frozen_lora_qkv_r8_s42_20260804,,PRIMARY_CANDIDATE,CONTEXT,,,,,trainable,128480809,validation_kappa,12,0.42096081588835216,0.4224268573722585,0.34605608567023616,0.4205631201279947,UNREVIEWED,,complete_three_seed:lora:none,VERIFIED,all required checks passed,summary.json=true;test_metrics.json=true;resolved_config.json=true;provenance.json=true;dataset_audit.json=true;checkpoint_load_report.json=true;optimizer_groups.json=true;trainability_report.json=true;metrics_by_epoch.jsonl=true;completed=true;test_evaluation_completed=true;strict_checkpoint_load=true;finite_dataset=true;validation_selector=true;frozen_mode=true;seed=true;selected_epoch=true;finite_balanced_accuracy=true;finite_macro_f1=true;finite_cohen_kappa=true;finite_weighted_f1=true,12,0.420960815888,0.422426857372,0.34605608567,0.420563120128,0.9633800898407763,0,133364609,5325818880,1499.228530406952,29.455029048919677
CBraMod,faced,frozen_probe,none,1024,faced_evalmode_frozen_probe_s1024_20260804,/panfs/accrepfs.vampire/data/neurogroup/mingyangjiang/EEGxPlore/CBraMod/results/faced/faced_evalmode_frozen_probe_s1024_20260804,,PRIMARY_CANDIDATE,RQ1,,,,,frozen,128404009,validation_kappa,17,0.37909286097691897,0.3795963124311903,0.2997519954984057,0.3784459502731745,UNREVIEWED,,complete_three_seed:frozen_probe:none,VERIFIED,all required checks passed,summary.json=true;test_metrics.json=true;resolved_config.json=true;provenance.json=true;dataset_audit.json=true;checkpoint_load_report.json=true;optimizer_groups.json=true;trainability_report.json=true;metrics_by_epoch.jsonl=true;completed=true;test_evaluation_completed=true;strict_checkpoint_load=true;finite_dataset=true;validation_selector=true;frozen_mode=true;seed=true;selected_epoch=true;finite_balanced_accuracy=true;finite_macro_f1=true;finite_cohen_kappa=true;finite_weighted_f1=true,17,0.379092860977,0.379596312431,0.299751995498,0.378445950273,0.9633589895682058,0,133287809,3175501312,1157.1910212039948,22.618705949783326
CBraMod,faced,frozen_probe,none,3407,faced_evalmode_frozen_probe_s3407_20260804,/panfs/accrepfs.vampire/data/neurogroup/mingyangjiang/EEGxPlore/CBraMod/results/faced/faced_evalmode_frozen_probe_s3407_20260804,,PRIMARY_CANDIDATE,RQ1,,,,,frozen,128404009,validation_kappa,43,0.3789586688137413,0.38084727771879767,0.30011674449633086,0.3799335591536526,UNREVIEWED,,complete_three_seed:frozen_probe:none,VERIFIED,all required checks passed,summary.json=true;test_metrics.json=true;resolved_config.json=true;provenance.json=true;dataset_audit.json=true;checkpoint_load_report.json=true;optimizer_groups.json=true;trainability_report.json=true;metrics_by_epoch.jsonl=true;completed=true;test_evaluation_completed=true;strict_checkpoint_load=true;finite_dataset=true;validation_selector=true;frozen_mode=true;seed=true;selected_epoch=true;finite_balanced_accuracy=true;finite_macro_f1=true;finite_cohen_kappa=true;finite_weighted_f1=true,43,0.378958668814,0.380847277719,0.300116744496,0.379933559154,0.9633589895682058,0,133287809,3175501312,1115.9672946929932,21.79527430534363
CBraMod,faced,frozen_probe,none,42,faced_evalmode_frozen_probe_s42_20260804,/panfs/accrepfs.vampire/data/neurogroup/mingyangjiang/EEGxPlore/CBraMod/results/faced/faced_evalmode_frozen_probe_s42_20260804,,PRIMARY_CANDIDATE,RQ1,,,,,frozen,128404009,validation_kappa,46,0.3750670960815888,0.37618588879858567,0.2979704219770135,0.3768114208915497,UNREVIEWED,,complete_three_seed:frozen_probe:none,VERIFIED,all required checks passed,summary.json=true;test_metrics.json=true;resolved_config.json=true;provenance.json=true;dataset_audit.json=true;checkpoint_load_report.json=true;optimizer_groups.json=true;trainability_report.json=true;metrics_by_epoch.jsonl=true;completed=true;test_evaluation_completed=true;strict_checkpoint_load=true;finite_dataset=true;validation_selector=true;frozen_mode=true;seed=true;selected_epoch=true;finite_balanced_accuracy=true;finite_macro_f1=true;finite_cohen_kappa=true;finite_weighted_f1=true,46,0.375067096082,0.376185888799,0.297970421977,0.376811420892,0.9633589895682058,0,133287809,3175501312,1229.4960215091705,24.04890105724335
CBraMod,faced,upper_k_finetune,none,1024,faced_evalmode_frozen_upper2_s1024_20260804,/panfs/accrepfs.vampire/data/neurogroup/mingyangjiang/EEGxPlore/CBraMod/results/faced/faced_evalmode_frozen_upper2_s1024_20260804,,PRIMARY_CANDIDATE,RQ3,,,,,trainable,129209209,validation_kappa,46,0.4017713365539452,0.4027601491103256,0.3246330887258172,0.40082886558946806,UNREVIEWED,,complete_three_seed:upper_k_finetune:none,VERIFIED,all required checks passed,summary.json=true;test_metrics.json=true;resolved_config.json=true;provenance.json=true;dataset_audit.json=true;checkpoint_load_report.json=true;optimizer_groups.json=true;trainability_report.json=true;metrics_by_epoch.jsonl=true;completed=true;test_evaluation_completed=true;strict_checkpoint_load=true;finite_dataset=true;validation_selector=true;frozen_mode=true;seed=true;selected_epoch=true;finite_balanced_accuracy=true;finite_macro_f1=true;finite_cohen_kappa=true;finite_weighted_f1=true,46,0.401771336554,0.40276014911,0.324633088726,0.400828865589,0.969400052183317,0,133287809,3482974720,1214.5390408039093,23.762016248703002
CBraMod,faced,upper_k_finetune,none,3407,faced_evalmode_frozen_upper2_s3407_20260804,/panfs/accrepfs.vampire/data/neurogroup/mingyangjiang/EEGxPlore/CBraMod/results/faced/faced_evalmode_frozen_upper2_s3407_20260804,,PRIMARY_CANDIDATE,RQ3,,,,,trainable,129209209,validation_kappa,17,0.39989264626945786,0.3991059502450864,0.32133933033483253,0.39675692821252384,UNREVIEWED,,complete_three_seed:upper_k_finetune:none,VERIFIED,all required checks passed,summary.json=true;test_metrics.json=true;resolved_config.json=true;provenance.json=true;dataset_audit.json=true;checkpoint_load_report.json=true;optimizer_groups.json=true;trainability_report.json=true;metrics_by_epoch.jsonl=true;completed=true;test_evaluation_completed=true;strict_checkpoint_load=true;finite_dataset=true;validation_selector=true;frozen_mode=true;seed=true;selected_epoch=true;finite_balanced_accuracy=true;finite_macro_f1=true;finite_cohen_kappa=true;finite_weighted_f1=true,17,0.399892646269,0.399105950245,0.321339330335,0.396756928213,0.969400052183317,0,133287809,3482974720,2144.3071722984314,41.73197434902191
CBraMod,faced,upper_k_finetune,none,42,faced_evalmode_frozen_upper2_s42_20260804,/panfs/accrepfs.vampire/data/neurogroup/mingyangjiang/EEGxPlore/CBraMod/results/faced/faced_evalmode_frozen_upper2_s42_20260804,,PRIMARY_CANDIDATE,RQ3,,,,,trainable,129209209,validation_kappa,41,0.4087493290391841,0.4090537794941171,0.3330832708177044,0.40780720379303953,UNREVIEWED,,complete_three_seed:upper_k_finetune:none,VERIFIED,all required checks passed,summary.json=true;test_metrics.json=true;resolved_config.json=true;provenance.json=true;dataset_audit.json=true;checkpoint_load_report.json=true;optimizer_groups.json=true;trainability_report.json=true;metrics_by_epoch.jsonl=true;completed=true;test_evaluation_completed=true;strict_checkpoint_load=true;finite_dataset=true;validation_selector=true;frozen_mode=true;seed=true;selected_epoch=true;finite_balanced_accuracy=true;finite_macro_f1=true;finite_cohen_kappa=true;finite_weighted_f1=true,41,0.408749329039,0.409053779494,0.333083270818,0.407807203793,0.969400052183317,0,133287809,3482974720,1205.9845113754272,23.566048741340637
CBraMod,faced,native_full_finetune,channel_patch,1024,faced_native_full_channel_patch_s1024_lr1e-4_b64_e50,/panfs/accrepfs.vampire/data/neurogroup/mingyangjiang/EEGxPlore/CBraMod/results/faced/faced_native_full_channel_patch_s1024_lr1e-4_b64_e50,,PRIMARY_CANDIDATE,RQ3,,,,,trainable,133347419,validation_kappa,27,0.5605206655931293,0.5674772928421377,0.5024402452759354,0.5634233985966418,UNREVIEWED,,complete_three_seed:native_full_finetune:channel_patch,VERIFIED,all required checks passed,summary.json=true;test_metrics.json=true;resolved_config.json=true;provenance.json=true;dataset_audit.json=true;checkpoint_load_report.json=true;optimizer_groups.json=true;trainability_report.json=true;metrics_by_epoch.jsonl=true;completed=true;test_evaluation_completed=true;strict_checkpoint_load=true;finite_dataset=true;validation_selector=true;frozen_mode=true;seed=true;selected_epoch=true;finite_balanced_accuracy=true;finite_macro_f1=true;finite_cohen_kappa=true;finite_weighted_f1=true,27,0.560520665593,0.567477292842,0.502440245276,0.563423398597,1.0,59610,133347419,7404007936,2825.9033007621765,53.114405136108395
CBraMod,faced,native_full_finetune,channel_patch,3407,faced_native_full_channel_patch_s3407_lr1e-4_b64_e50,/panfs/accrepfs.vampire/data/neurogroup/mingyangjiang/EEGxPlore/CBraMod/results/faced/faced_native_full_channel_patch_s3407_lr1e-4_b64_e50,,PRIMARY_CANDIDATE,RQ3,,,,,trainable,133347419,validation_kappa,30,0.5683038110574343,0.5731034658075461,0.5101547187122065,0.568469974021308,UNREVIEWED,,complete_three_seed:native_full_finetune:channel_patch,VERIFIED,all required checks passed,summary.json=true;test_metrics.json=true;resolved_config.json=true;provenance.json=true;dataset_audit.json=true;checkpoint_load_report.json=true;optimizer_groups.json=true;trainability_report.json=true;metrics_by_epoch.jsonl=true;completed=true;test_evaluation_completed=true;strict_checkpoint_load=true;finite_dataset=true;validation_selector=true;frozen_mode=true;seed=true;selected_epoch=true;finite_balanced_accuracy=true;finite_macro_f1=true;finite_cohen_kappa=true;finite_weighted_f1=true,30,0.568303811057,0.573103465808,0.510154718712,0.568469974021,1.0,59610,133347419,7404007936,3456.896856546402,61.612052178382875
CBraMod,faced,native_full_finetune,channel_patch,42,faced_native_full_channel_patch_s42_lr1e-4_b64_e50,/panfs/accrepfs.vampire/data/neurogroup/mingyangjiang/EEGxPlore/CBraMod/results/faced/faced_native_full_channel_patch_s42_lr1e-4_b64_e50,,PRIMARY_CANDIDATE,RQ3,,,,,trainable,133347419,validation_kappa,23,0.5672302737520128,0.5733905560015712,0.5090996268423358,0.5690337621975613,UNREVIEWED,,complete_three_seed:native_full_finetune:channel_patch,VERIFIED,all required checks passed,summary.json=true;test_metrics.json=true;resolved_config.json=true;provenance.json=true;dataset_audit.json=true;checkpoint_load_report.json=true;optimizer_groups.json=true;trainability_report.json=true;metrics_by_epoch.jsonl=true;completed=true;test_evaluation_completed=true;strict_checkpoint_load=true;finite_dataset=true;validation_selector=true;frozen_mode=true;seed=true;selected_epoch=true;finite_balanced_accuracy=true;finite_macro_f1=true;finite_cohen_kappa=true;finite_weighted_f1=true,23,0.567230273752,0.573390556002,0.509099626842,0.569033762198,1.0,59610,133347419,7404007936,1801.675103187561,35.47653481960297
LaBraM,FACED,frozen_probe,none,1024,faced_reviewer_r2_frozen_dense_seed1024,/panfs/accrepfs.vampire/data/neurogroup/mingyangjiang/EEGxPlore/LaBraM/checkpoints/faced_reviewer_r2_frozen_dense_seed1024,,PRIMARY_CANDIDATE,RQ1,,,,,frozen,1809,validation_kappa,38,0.1379495437466452,,0.03298363407469562,0.11280109814543286,UNREVIEWED,,complete_three_seed:frozen_probe:none,SUPPORTING,legacy frozen packet lacks explicit eval-mode provenance,run_config.json=true;final_test.json=true;checkpoint-best.pth=true;log.txt=true;strict_checkpoint_load=true;validation_selector=true;frozen_mode=true;frozen_eval_mode=false;seed=true;primary_checkpoint=true;epoch_log=true;finite_balanced_accuracy=true;finite_macro_f1=true;finite_cohen_kappa=true;finite_weighted_f1=true,,0.137949543747,0.107598356996,0.0329836340747,0.112801098145,0.0003107315761854908,0,5821745,,,
LaBraM,FACED,frozen_probe,none,3407,faced_reviewer_r2_frozen_dense_seed3407,/panfs/accrepfs.vampire/data/neurogroup/mingyangjiang/EEGxPlore/LaBraM/checkpoints/faced_reviewer_r2_frozen_dense_seed3407,,PRIMARY_CANDIDATE,RQ1,,,,,frozen,1809,validation_kappa,14,0.13808373590982287,,0.03389688650820222,0.08290504585186034,UNREVIEWED,,complete_three_seed:frozen_probe:none,SUPPORTING,legacy frozen packet lacks explicit eval-mode provenance,run_config.json=true;final_test.json=true;checkpoint-best.pth=true;log.txt=true;strict_checkpoint_load=true;validation_selector=true;frozen_mode=true;frozen_eval_mode=false;seed=true;primary_checkpoint=true;epoch_log=true;finite_balanced_accuracy=true;finite_macro_f1=true;finite_cohen_kappa=true;finite_weighted_f1=true,,0.13808373591,0.0762439326597,0.0338968865082,0.0829050458519,0.0003107315761854908,0,5821745,,,
LaBraM,FACED,frozen_probe,none,42,faced_reviewer_r2_frozen_dense_seed42,/panfs/accrepfs.vampire/data/neurogroup/mingyangjiang/EEGxPlore/LaBraM/checkpoints/faced_reviewer_r2_frozen_dense_seed42,,PRIMARY_CANDIDATE,RQ1,,,,,frozen,1809,validation_kappa,38,0.1439881910896404,,0.03878759969020151,0.11379690817177396,UNREVIEWED,,complete_three_seed:frozen_probe:none,SUPPORTING,legacy frozen packet lacks explicit eval-mode provenance,run_config.json=true;final_test.json=true;checkpoint-best.pth=true;log.txt=true;strict_checkpoint_load=true;validation_selector=true;frozen_mode=true;frozen_eval_mode=false;seed=true;primary_checkpoint=true;epoch_log=true;finite_balanced_accuracy=true;finite_macro_f1=true;finite_cohen_kappa=true;finite_weighted_f1=true,,0.14398819109,0.109248175053,0.0387875996902,0.113796908172,0.0003107315761854908,0,5821745,,,
LaBraM,FACED,frozen_native_generic,generic,1024,faced_reviewer_r2_frozen_generic_seed1024,/panfs/accrepfs.vampire/data/neurogroup/mingyangjiang/EEGxPlore/LaBraM/checkpoints/faced_reviewer_r2_frozen_generic_seed1024,,PRIMARY_CANDIDATE,CONTEXT,,,,,frozen,28074,validation_kappa,62,0.17901234567901234,,0.07853447011751902,0.17218057617635846,UNREVIEWED,,complete_three_seed:frozen_native_generic:generic,SUPPORTING,legacy frozen packet lacks explicit eval-mode provenance,run_config.json=true;final_test.json=true;checkpoint-best.pth=true;log.txt=true;strict_checkpoint_load=true;validation_selector=true;frozen_mode=true;frozen_eval_mode=false;seed=true;primary_checkpoint=true;epoch_log=true;finite_balanced_accuracy=true;finite_macro_f1=true;finite_cohen_kappa=true;finite_weighted_f1=true,,0.179012345679,0.168845896594,0.0785344701175,0.172180576176,0.004800607386102281,26265,5848010,,,
LaBraM,FACED,frozen_native_generic,generic,3407,faced_reviewer_r2_frozen_generic_seed3407,/panfs/accrepfs.vampire/data/neurogroup/mingyangjiang/EEGxPlore/LaBraM/checkpoints/faced_reviewer_r2_frozen_generic_seed3407,,PRIMARY_CANDIDATE,CONTEXT,,,,,frozen,28074,validation_kappa,73,0.1802200751476114,,0.08000753406023076,0.175537123733614,UNREVIEWED,,complete_three_seed:frozen_native_generic:generic,SUPPORTING,legacy frozen packet lacks explicit eval-mode provenance,run_config.json=true;final_test.json=true;checkpoint-best.pth=true;log.txt=true;strict_checkpoint_load=true;validation_selector=true;frozen_mode=true;frozen_eval_mode=false;seed=true;primary_checkpoint=true;epoch_log=true;finite_balanced_accuracy=true;finite_macro_f1=true;finite_cohen_kappa=true;finite_weighted_f1=true,,0.180220075148,0.172230456092,0.0800075340602,0.175537123734,0.004800607386102281,26265,5848010,,,
LaBraM,FACED,frozen_native_generic,generic,42,faced_reviewer_r2_frozen_generic_seed42,/panfs/accrepfs.vampire/data/neurogroup/mingyangjiang/EEGxPlore/LaBraM/checkpoints/faced_reviewer_r2_frozen_generic_seed42,,PRIMARY_CANDIDATE,CONTEXT,,,,,frozen,28074,validation_kappa,73,0.17525496511003757,,0.07405081836828664,0.17003171692657595,UNREVIEWED,,complete_three_seed:frozen_native_generic:generic,SUPPORTING,legacy frozen packet lacks explicit eval-mode provenance,run_config.json=true;final_test.json=true;checkpoint-best.pth=true;log.txt=true;strict_checkpoint_load=true;validation_selector=true;frozen_mode=true;frozen_eval_mode=false;seed=true;primary_checkpoint=true;epoch_log=true;finite_balanced_accuracy=true;finite_macro_f1=true;finite_cohen_kappa=true;finite_weighted_f1=true,,0.17525496511,0.166861073193,0.0740508183683,0.170031716927,0.004800607386102281,26265,5848010,,,
LaBraM,FACED,frozen_native_patch,patch,1024,faced_reviewer_r2_frozen_patch_seed1024,/panfs/accrepfs.vampire/data/neurogroup/mingyangjiang/EEGxPlore/LaBraM/checkpoints/faced_reviewer_r2_frozen_patch_seed1024,,PRIMARY_CANDIDATE,RQ1,,,,,frozen,163010,validation_kappa,42,0.15901771336553944,,0.05539212618138567,0.1565857611009523,UNREVIEWED,,complete_three_seed:frozen_native_patch:patch,SUPPORTING,legacy frozen packet lacks explicit eval-mode provenance,run_config.json=true;final_test.json=true;checkpoint-best.pth=true;log.txt=true;strict_checkpoint_load=true;validation_selector=true;frozen_mode=true;frozen_eval_mode=false;seed=true;primary_checkpoint=true;epoch_log=true;finite_balanced_accuracy=true;finite_macro_f1=true;finite_cohen_kappa=true;finite_weighted_f1=true,,0.159017713366,0.153771969307,0.0553921261814,0.156585761101,0.027245774907545546,161201,5982946,,,
LaBraM,FACED,frozen_native_patch,patch,3407,faced_reviewer_r2_frozen_patch_seed3407,/panfs/accrepfs.vampire/data/neurogroup/mingyangjiang/EEGxPlore/LaBraM/checkpoints/faced_reviewer_r2_frozen_patch_seed3407,,PRIMARY_CANDIDATE,RQ1,,,,,frozen,163010,validation_kappa,38,0.1728395061728395,,0.07052245034217985,0.15699171474116658,UNREVIEWED,,complete_three_seed:frozen_native_patch:patch,SUPPORTING,legacy frozen packet lacks explicit eval-mode provenance,run_config.json=true;final_test.json=true;checkpoint-best.pth=true;log.txt=true;strict_checkpoint_load=true;validation_selector=true;frozen_mode=true;frozen_eval_mode=false;seed=true;primary_checkpoint=true;epoch_log=true;finite_balanced_accuracy=true;finite_macro_f1=true;finite_cohen_kappa=true;finite_weighted_f1=true,,0.172839506173,0.154118522649,0.0705224503422,0.156991714741,0.027245774907545546,161201,5982946,,,
LaBraM,FACED,frozen_native_patch,patch,42,faced_reviewer_r2_frozen_patch_seed42,/panfs/accrepfs.vampire/data/neurogroup/mingyangjiang/EEGxPlore/LaBraM/checkpoints/faced_reviewer_r2_frozen_patch_seed42,,PRIMARY_CANDIDATE,RQ1,,,,,frozen,163010,validation_kappa,38,0.17028985507246375,,0.06693915001876793,0.15555694587822905,UNREVIEWED,,complete_three_seed:frozen_native_patch:patch,SUPPORTING,legacy frozen packet lacks explicit eval-mode provenance,run_config.json=true;final_test.json=true;checkpoint-best.pth=true;log.txt=true;strict_checkpoint_load=true;validation_selector=true;frozen_mode=true;frozen_eval_mode=false;seed=true;primary_checkpoint=true;epoch_log=true;finite_balanced_accuracy=true;finite_macro_f1=true;finite_cohen_kappa=true;finite_weighted_f1=true,,0.170289855072,0.153339274111,0.0669391500188,0.155556945878,0.027245774907545546,161201,5982946,,,
LaBraM,FACED,lora,qkv,1024,faced_reviewer_r2_lora_qkv_r8_seed1024,/panfs/accrepfs.vampire/data/neurogroup/mingyangjiang/EEGxPlore/LaBraM/checkpoints/faced_reviewer_r2_lora_qkv_r8_seed1024,,PRIMARY_CANDIDATE,CONTEXT,,,,,trainable,78609,validation_kappa,45,0.27281266774020396,,0.18078602620087336,0.2702981365613395,UNREVIEWED,,complete_three_seed:lora:qkv,VERIFIED,all required checks passed,run_config.json=true;final_test.json=true;checkpoint-best.pth=true;log.txt=true;strict_checkpoint_load=true;validation_selector=true;frozen_mode=true;frozen_eval_mode=true;seed=true;primary_checkpoint=true;epoch_log=true;finite_balanced_accuracy=true;finite_macro_f1=true;finite_cohen_kappa=true;finite_weighted_f1=true,,0.27281266774,0.270097320708,0.180786026201,0.270298136561,0.013326845857749665,0,5898545,,,
LaBraM,FACED,lora,qkv,3407,faced_reviewer_r2_lora_qkv_r8_seed3407,/panfs/accrepfs.vampire/data/neurogroup/mingyangjiang/EEGxPlore/LaBraM/checkpoints/faced_reviewer_r2_lora_qkv_r8_seed3407,,PRIMARY_CANDIDATE,CONTEXT,,,,,trainable,78609,validation_kappa,63,0.2557702630166398,,0.16233333333333333,0.2543449127780626,UNREVIEWED,,complete_three_seed:lora:qkv,VERIFIED,all required checks passed,run_config.json=true;final_test.json=true;checkpoint-best.pth=true;log.txt=true;strict_checkpoint_load=true;validation_selector=true;frozen_mode=true;frozen_eval_mode=true;seed=true;primary_checkpoint=true;epoch_log=true;finite_balanced_accuracy=true;finite_macro_f1=true;finite_cohen_kappa=true;finite_weighted_f1=true,,0.255770263017,0.253734230535,0.162333333333,0.254344912778,0.013326845857749665,0,5898545,,,
LaBraM,FACED,lora,qkv,42,faced_reviewer_r2_lora_qkv_r8_seed42,/panfs/accrepfs.vampire/data/neurogroup/mingyangjiang/EEGxPlore/LaBraM/checkpoints/faced_reviewer_r2_lora_qkv_r8_seed42,,PRIMARY_CANDIDATE,CONTEXT,,,,,trainable,78609,validation_kappa,79,0.3184380032206119,,0.2321978845673357,0.3157336048813044,UNREVIEWED,,complete_three_seed:lora:qkv,VERIFIED,all required checks passed,run_config.json=true;final_test.json=true;checkpoint-best.pth=true;log.txt=true;strict_checkpoint_load=true;validation_selector=true;frozen_mode=true;frozen_eval_mode=true;seed=true;primary_checkpoint=true;epoch_log=true;finite_balanced_accuracy=true;finite_macro_f1=true;finite_cohen_kappa=true;finite_weighted_f1=true,,0.318438003221,0.315667506982,0.232197884567,0.315733604881,0.013326845857749665,0,5898545,,,
LaBraM,FACED,upper2,upper,1024,faced_reviewer_r2_upper2_seed1024,/panfs/accrepfs.vampire/data/neurogroup/mingyangjiang/EEGxPlore/LaBraM/checkpoints/faced_reviewer_r2_upper2_seed1024,,PRIMARY_CANDIDATE,RQ3,,,,,trainable,967169,validation_kappa,61,0.2966988727858293,,0.2087133991419885,0.2970314602486105,UNREVIEWED,,complete_three_seed:upper2:upper,VERIFIED,all required checks passed,run_config.json=true;final_test.json=true;checkpoint-best.pth=true;log.txt=true;strict_checkpoint_load=true;validation_selector=true;frozen_mode=true;frozen_eval_mode=true;seed=true;primary_checkpoint=true;epoch_log=true;finite_balanced_accuracy=true;finite_macro_f1=true;finite_cohen_kappa=true;finite_weighted_f1=true,,0.296698872786,0.296217943377,0.208713399142,0.297031460249,0.1661304299655859,0,5821745,,,
LaBraM,FACED,upper2,upper,3407,faced_reviewer_r2_upper2_seed3407,/panfs/accrepfs.vampire/data/neurogroup/mingyangjiang/EEGxPlore/LaBraM/checkpoints/faced_reviewer_r2_upper2_seed3407,,PRIMARY_CANDIDATE,RQ3,,,,,trainable,967169,validation_kappa,64,0.298040794417606,,0.20891759558287337,0.29791769205599455,UNREVIEWED,,complete_three_seed:upper2:upper,VERIFIED,all required checks passed,run_config.json=true;final_test.json=true;checkpoint-best.pth=true;log.txt=true;strict_checkpoint_load=true;validation_selector=true;frozen_mode=true;frozen_eval_mode=true;seed=true;primary_checkpoint=true;epoch_log=true;finite_balanced_accuracy=true;finite_macro_f1=true;finite_cohen_kappa=true;finite_weighted_f1=true,,0.298040794418,0.298369670069,0.208917595583,0.297917692056,0.1661304299655859,0,5821745,,,
LaBraM,FACED,upper2,upper,42,faced_reviewer_r2_upper2_seed42,/panfs/accrepfs.vampire/data/neurogroup/mingyangjiang/EEGxPlore/LaBraM/checkpoints/faced_reviewer_r2_upper2_seed42,,PRIMARY_CANDIDATE,RQ3,,,,,trainable,967169,validation_kappa,75,0.29589371980676327,,0.20666666666666655,0.29495016549037856,UNREVIEWED,,complete_three_seed:upper2:upper,VERIFIED,all required checks passed,run_config.json=true;final_test.json=true;checkpoint-best.pth=true;log.txt=true;strict_checkpoint_load=true;validation_selector=true;frozen_mode=true;frozen_eval_mode=true;seed=true;primary_checkpoint=true;epoch_log=true;finite_balanced_accuracy=true;finite_macro_f1=true;finite_cohen_kappa=true;finite_weighted_f1=true,,0.295893719807,0.295200377381,0.206666666667,0.29495016549,0.1661304299655859,0,5821745,,,
CBraMod,isruc,generic_bottleneck,none,1024,isruc_cbramod_alpha0_frozen_generic_r64_s1024,/panfs/accrepfs.vampire/data/neurogroup/mingyangjiang/EEGxPlore/CBraMod/results/isruc/isruc_cbramod_alpha0_frozen_generic_r64_s1024,,PRIMARY_CANDIDATE,CONTEXT,,,,,trainable,21613726,validation_kappa,19,0.7438227429921227,0.7448189227043173,0.7000894256682084,0.7683882913514379,UNREVIEWED,,complete_three_seed:generic_bottleneck:none,VERIFIED,all required checks passed,summary.json=true;test_metrics.json=true;resolved_config.json=true;provenance.json=true;dataset_audit.json=true;checkpoint_load_report.json=true;optimizer_groups.json=true;trainability_report.json=true;metrics_by_epoch.jsonl=true;completed=true;test_evaluation_completed=true;strict_checkpoint_load=true;finite_dataset=true;validation_selector=true;frozen_mode=true;seed=true;selected_epoch=true;finite_balanced_accuracy=true;finite_macro_f1=true;finite_cohen_kappa=true;finite_weighted_f1=true,19,0.743822742992,0.744818922704,0.700089425668,0.768388291351,,26264,,812717568,1228.4834070205688,61.004607272148135
CBraMod,isruc,generic_bottleneck,none,3407,isruc_cbramod_alpha0_frozen_generic_r64_s3407,/panfs/accrepfs.vampire/data/neurogroup/mingyangjiang/EEGxPlore/CBraMod/results/isruc/isruc_cbramod_alpha0_frozen_generic_r64_s3407,,PRIMARY_CANDIDATE,CONTEXT,,,,,trainable,21613726,validation_kappa,16,0.7398393134590322,0.737684351925253,0.6974637430867696,0.7631038849593457,UNREVIEWED,,complete_three_seed:generic_bottleneck:none,VERIFIED,all required checks passed,summary.json=true;test_metrics.json=true;resolved_config.json=true;provenance.json=true;dataset_audit.json=true;checkpoint_load_report.json=true;optimizer_groups.json=true;trainability_report.json=true;metrics_by_epoch.jsonl=true;completed=true;test_evaluation_completed=true;strict_checkpoint_load=true;finite_dataset=true;validation_selector=true;frozen_mode=true;seed=true;selected_epoch=true;finite_balanced_accuracy=true;finite_macro_f1=true;finite_cohen_kappa=true;finite_weighted_f1=true,16,0.739839313459,0.737684351925,0.697463743087,0.763103884959,,26264,,812717568,968.6613693237305,48.10827656984329
CBraMod,isruc,generic_bottleneck,none,42,isruc_cbramod_frozen_generic_s42_lr2e-4_b8_e20,/panfs/accrepfs.vampire/data/neurogroup/mingyangjiang/EEGxPlore/CBraMod/results/isruc/isruc_cbramod_frozen_generic_s42_lr2e-4_b8_e20,,PRIMARY_CANDIDATE,CONTEXT,,,,,trainable,21613726,validation_kappa,9,0.752260738681068,0.7437807301070515,0.7114092871489754,0.771384657073822,UNREVIEWED,,complete_three_seed:generic_bottleneck:none,VERIFIED,all required checks passed,summary.json=true;test_metrics.json=true;resolved_config.json=true;provenance.json=true;dataset_audit.json=true;checkpoint_load_report.json=true;optimizer_groups.json=true;trainability_report.json=true;metrics_by_epoch.jsonl=true;completed=true;test_evaluation_completed=true;strict_checkpoint_load=true;finite_dataset=true;validation_selector=true;frozen_mode=true;seed=true;selected_epoch=true;finite_balanced_accuracy=true;finite_macro_f1=true;finite_cohen_kappa=true;finite_weighted_f1=true,9,0.752260738681,0.743780730107,0.711409287149,0.771384657074,,26265,,812717568,1246.5170121192932,61.8996062874794
CBraMod,isruc,frozen_probe,none,1024,isruc_cbramod_frozen_probe_s1024_lr2e-4_b8_e20,/panfs/accrepfs.vampire/data/neurogroup/mingyangjiang/EEGxPlore/CBraMod/results/isruc/isruc_cbramod_frozen_probe_s1024_lr2e-4_b8_e20,,PRIMARY_CANDIDATE,RQ1,,,,,frozen,21587461,validation_kappa,20,0.7543855637013218,0.7509045801707795,0.7069015499765529,0.7720601779743427,UNREVIEWED,,complete_three_seed:frozen_probe:none,VERIFIED,all required checks passed,summary.json=true;test_metrics.json=true;resolved_config.json=true;provenance.json=true;dataset_audit.json=true;checkpoint_load_report.json=true;optimizer_groups.json=true;trainability_report.json=true;metrics_by_epoch.jsonl=true;completed=true;test_evaluation_completed=true;strict_checkpoint_load=true;finite_dataset=true;validation_selector=true;frozen_mode=true;seed=true;selected_epoch=true;finite_balanced_accuracy=true;finite_macro_f1=true;finite_cohen_kappa=true;finite_weighted_f1=true,20,0.754385563701,0.750904580171,0.706901549977,0.772060177974,,0,,809702400,1174.7435388565063,58.32177778482437
CBraMod,isruc,frozen_probe,none,3407,isruc_cbramod_frozen_probe_s3407_lr2e-4_b8_e20,/panfs/accrepfs.vampire/data/neurogroup/mingyangjiang/EEGxPlore/CBraMod/results/isruc/isruc_cbramod_frozen_probe_s3407_lr2e-4_b8_e20,,PRIMARY_CANDIDATE,RQ1,,,,,frozen,21587461,validation_kappa,10,0.7599638783089742,0.7574594748575196,0.7225676263771739,0.7853328223561034,UNREVIEWED,,complete_three_seed:frozen_probe:none,VERIFIED,all required checks passed,summary.json=true;test_metrics.json=true;resolved_config.json=true;provenance.json=true;dataset_audit.json=true;checkpoint_load_report.json=true;optimizer_groups.json=true;trainability_report.json=true;metrics_by_epoch.jsonl=true;completed=true;test_evaluation_completed=true;strict_checkpoint_load=true;finite_dataset=true;validation_selector=true;frozen_mode=true;seed=true;selected_epoch=true;finite_balanced_accuracy=true;finite_macro_f1=true;finite_cohen_kappa=true;finite_weighted_f1=true,10,0.759963878309,0.757459474858,0.722567626377,0.785332822356,,0,,809702400,1158.9428555965424,57.54140366315842
CBraMod,isruc,frozen_probe,none,42,isruc_cbramod_frozen_probe_s42_lr2e-4_b8_e20,/panfs/accrepfs.vampire/data/neurogroup/mingyangjiang/EEGxPlore/CBraMod/results/isruc/isruc_cbramod_frozen_probe_s42_lr2e-4_b8_e20,,PRIMARY_CANDIDATE,RQ1,,,,,frozen,21587461,validation_kappa,16,0.7542625984571867,0.7465727382575784,0.7041219340097529,0.767764261252889,UNREVIEWED,,complete_three_seed:frozen_probe:none,VERIFIED,all required checks passed,summary.json=true;test_metrics.json=true;resolved_config.json=true;provenance.json=true;dataset_audit.json=true;checkpoint_load_report.json=true;optimizer_groups.json=true;trainability_report.json=true;metrics_by_epoch.jsonl=true;completed=true;test_evaluation_completed=true;strict_checkpoint_load=true;finite_dataset=true;validation_selector=true;frozen_mode=true;seed=true;selected_epoch=true;finite_balanced_accuracy=true;finite_macro_f1=true;finite_cohen_kappa=true;finite_weighted_f1=true,16,0.754262598457,0.746572738258,0.70412193401,0.767764261253,,0,,809702400,1494.8143694400787,74.19049808979034
CBraMod,isruc,lora,none,1024,isruc_cbramod_lora_qkv_r8_s1024_lr2e-4_b8_e20,/panfs/accrepfs.vampire/data/neurogroup/mingyangjiang/EEGxPlore/CBraMod/results/isruc/isruc_cbramod_lora_qkv_r8_s1024_lr2e-4_b8_e20,,PRIMARY_CANDIDATE,CONTEXT,,,,,trainable,21664261,validation_kappa,10,0.7521066099568637,0.7486022387534367,0.7171117679540066,0.7779990264540873,UNREVIEWED,,complete_three_seed:lora:none,VERIFIED,all required checks passed,summary.json=true;test_metrics.json=true;resolved_config.json=true;provenance.json=true;dataset_audit.json=true;checkpoint_load_report.json=true;optimizer_groups.json=true;trainability_report.json=true;metrics_by_epoch.jsonl=true;completed=true;test_evaluation_completed=true;strict_checkpoint_load=true;finite_dataset=true;validation_selector=true;frozen_mode=true;seed=true;selected_epoch=true;finite_balanced_accuracy=true;finite_macro_f1=true;finite_cohen_kappa=true;finite_weighted_f1=true,10,0.752106609957,0.748602238753,0.717111767954,0.777999026454,,0,,4233985536,2148.470366001129,106.98964315652847
CBraMod,isruc,lora,none,3407,isruc_cbramod_lora_qkv_r8_s3407_lr2e-4_b8_e20,/panfs/accrepfs.vampire/data/neurogroup/mingyangjiang/EEGxPlore/CBraMod/results/isruc/isruc_cbramod_lora_qkv_r8_s3407_lr2e-4_b8_e20,,PRIMARY_CANDIDATE,CONTEXT,,,,,trainable,21664261,validation_kappa,19,0.7554935179435303,0.7524173765741068,0.711312713982995,0.776195704146789,UNREVIEWED,,complete_three_seed:lora:none,VERIFIED,all required checks passed,summary.json=true;test_metrics.json=true;resolved_config.json=true;provenance.json=true;dataset_audit.json=true;checkpoint_load_report.json=true;optimizer_groups.json=true;trainability_report.json=true;metrics_by_epoch.jsonl=true;completed=true;test_evaluation_completed=true;strict_checkpoint_load=true;finite_dataset=true;validation_selector=true;frozen_mode=true;seed=true;selected_epoch=true;finite_balanced_accuracy=true;finite_macro_f1=true;finite_cohen_kappa=true;finite_weighted_f1=true,19,0.755493517944,0.752417376574,0.711312713983,0.776195704147,,0,,4233985536,2066.1322734355927,102.89023840427399
CBraMod,isruc,lora,none,42,isruc_cbramod_lora_qkv_r8_s42_lr2e-4_b8_e20,/panfs/accrepfs.vampire/data/neurogroup/mingyangjiang/EEGxPlore/CBraMod/results/isruc/isruc_cbramod_lora_qkv_r8_s42_lr2e-4_b8_e20,,PRIMARY_CANDIDATE,CONTEXT,,,,,trainable,21664261,validation_kappa,9,0.746508729374732,0.7387823196824165,0.700463382439486,0.7662418302422025,UNREVIEWED,,complete_three_seed:lora:none,VERIFIED,all required checks passed,summary.json=true;test_metrics.json=true;resolved_config.json=true;provenance.json=true;dataset_audit.json=true;checkpoint_load_report.json=true;optimizer_groups.json=true;trainability_report.json=true;metrics_by_epoch.jsonl=true;completed=true;test_evaluation_completed=true;strict_checkpoint_load=true;finite_dataset=true;validation_selector=true;frozen_mode=true;seed=true;selected_epoch=true;finite_balanced_accuracy=true;finite_macro_f1=true;finite_cohen_kappa=true;finite_weighted_f1=true,9,0.746508729375,0.738782319682,0.700463382439,0.766241830242,,0,,4233985536,2080.881277322769,103.64164983034134
CBraMod,isruc,upper_k_finetune,none,1024,isruc_cbramod_upper2_s1024_lr2e-4_b8_e20,/panfs/accrepfs.vampire/data/neurogroup/mingyangjiang/EEGxPlore/CBraMod/results/isruc/isruc_cbramod_upper2_s1024_lr2e-4_b8_e20,,PRIMARY_CANDIDATE,RQ3,,,,,trainable,22392661,validation_kappa,9,0.7791125899125213,0.7694528410103383,0.7315814124027624,0.7890267635356137,UNREVIEWED,,complete_three_seed:upper_k_finetune:none,VERIFIED,all required checks passed,summary.json=true;test_metrics.json=true;resolved_config.json=true;provenance.json=true;dataset_audit.json=true;checkpoint_load_report.json=true;optimizer_groups.json=true;trainability_report.json=true;metrics_by_epoch.jsonl=true;completed=true;test_evaluation_completed=true;strict_checkpoint_load=true;finite_dataset=true;validation_selector=true;frozen_mode=true;seed=true;selected_epoch=true;finite_balanced_accuracy=true;finite_macro_f1=true;finite_cohen_kappa=true;finite_weighted_f1=true,9,0.779112589913,0.76945284101,0.731581412403,0.789026763536,,0,,1676089344,1361.96524143219,67.69455145597458
CBraMod,isruc,upper_k_finetune,none,3407,isruc_cbramod_upper2_s3407_lr2e-4_b8_e20,/panfs/accrepfs.vampire/data/neurogroup/mingyangjiang/EEGxPlore/CBraMod/results/isruc/isruc_cbramod_upper2_s3407_lr2e-4_b8_e20,,PRIMARY_CANDIDATE,RQ3,,,,,trainable,22392661,validation_kappa,6,0.7770745360613545,0.7749668864201185,0.7404410496499066,0.8003940544110134,UNREVIEWED,,complete_three_seed:upper_k_finetune:none,VERIFIED,all required checks passed,summary.json=true;test_metrics.json=true;resolved_config.json=true;provenance.json=true;dataset_audit.json=true;checkpoint_load_report.json=true;optimizer_groups.json=true;trainability_report.json=true;metrics_by_epoch.jsonl=true;completed=true;test_evaluation_completed=true;strict_checkpoint_load=true;finite_dataset=true;validation_selector=true;frozen_mode=true;seed=true;selected_epoch=true;finite_balanced_accuracy=true;finite_macro_f1=true;finite_cohen_kappa=true;finite_weighted_f1=true,6,0.777074536061,0.77496688642,0.74044104965,0.800394054411,,0,,1676089344,1151.8784840106964,57.28602463006973
CBraMod,isruc,upper_k_finetune,none,42,isruc_cbramod_upper2_s42_lr2e-4_b8_e20,/panfs/accrepfs.vampire/data/neurogroup/mingyangjiang/EEGxPlore/CBraMod/results/isruc/isruc_cbramod_upper2_s42_lr2e-4_b8_e20,,PRIMARY_CANDIDATE,RQ3,,,,,trainable,22392661,validation_kappa,6,0.7758898107736814,0.7730561327112506,0.7495102855404923,0.8021801735659505,UNREVIEWED,,complete_three_seed:upper_k_finetune:none,VERIFIED,all required checks passed,summary.json=true;test_metrics.json=true;resolved_config.json=true;provenance.json=true;dataset_audit.json=true;checkpoint_load_report.json=true;optimizer_groups.json=true;trainability_report.json=true;metrics_by_epoch.jsonl=true;completed=true;test_evaluation_completed=true;strict_checkpoint_load=true;finite_dataset=true;validation_selector=true;frozen_mode=true;seed=true;selected_epoch=true;finite_balanced_accuracy=true;finite_macro_f1=true;finite_cohen_kappa=true;finite_weighted_f1=true,6,0.775889810774,0.773056132711,0.74951028554,0.802180173566,,0,,1676089344,1405.7378158569336,69.8719333410263
LaBraM,PhysioNet-MI,frozen_native_channel_patch,channel_patch,1024,physio_mi_frozen_channel_patch_lowrank_locked_lr5e4_s1024_b64_e40,/panfs/accrepfs.vampire/data/neurogroup/mingyangjiang/EEGxPlore/LaBraM/checkpoints/physio_mi_frozen_channel_patch_lowrank_locked_lr5e4_s1024_b64_e40,,PRIMARY_CANDIDATE,BOUNDARY;RQ1,,,,,frozen,86614,validation_kappa,23,0.27920721937012916,,0.03904783513665111,0.26154024467936204,UNREVIEWED,,complete_three_seed:frozen_native_channel_patch:channel_patch,VERIFIED,all required checks passed,run_config.json=true;final_test.json=true;checkpoint-best.pth=true;log.txt=true;strict_checkpoint_load=true;validation_selector=true;frozen_mode=true;frozen_eval_mode=true;seed=true;primary_checkpoint=true;epoch_log=true;finite_balanced_accuracy=true;finite_macro_f1=true;finite_cohen_kappa=true;finite_weighted_f1=true,,0.27920721937,0.26130891273,0.0390478351367,0.261540244679,0.014664059391692274,85810,5906550,,,
LaBraM,PhysioNet-MI,frozen_native_channel_patch,channel_patch,3407,physio_mi_frozen_channel_patch_lowrank_locked_lr5e4_s3407_b64_e40,/panfs/accrepfs.vampire/data/neurogroup/mingyangjiang/EEGxPlore/LaBraM/checkpoints/physio_mi_frozen_channel_patch_lowrank_locked_lr5e4_s3407_b64_e40,,PRIMARY_CANDIDATE,BOUNDARY;RQ1,,,,,frozen,86614,validation_kappa,23,0.2814281606695931,,0.042012783091985195,0.26194032125215694,UNREVIEWED,,complete_three_seed:frozen_native_channel_patch:channel_patch,VERIFIED,all required checks passed,run_config.json=true;final_test.json=true;checkpoint-best.pth=true;log.txt=true;strict_checkpoint_load=true;validation_selector=true;frozen_mode=true;frozen_eval_mode=true;seed=true;primary_checkpoint=true;epoch_log=true;finite_balanced_accuracy=true;finite_macro_f1=true;finite_cohen_kappa=true;finite_weighted_f1=true,,0.28142816067,0.261701172995,0.042012783092,0.261940321252,0.014664059391692274,85810,5906550,,,
LaBraM,PhysioNet-MI,frozen_native_channel_patch,channel_patch,42,physio_mi_frozen_channel_patch_lowrank_locked_lr5e4_s42_b64_e40,/panfs/accrepfs.vampire/data/neurogroup/mingyangjiang/EEGxPlore/LaBraM/checkpoints/physio_mi_frozen_channel_patch_lowrank_locked_lr5e4_s42_b64_e40,,PRIMARY_CANDIDATE,BOUNDARY;RQ1,,,,,frozen,86614,validation_kappa,28,0.28914047739135995,,0.052272578992569985,0.2782369231757911,UNREVIEWED,,complete_three_seed:frozen_native_channel_patch:channel_patch,VERIFIED,all required checks passed,run_config.json=true;final_test.json=true;checkpoint-best.pth=true;log.txt=true;strict_checkpoint_load=true;validation_selector=true;frozen_mode=true;frozen_eval_mode=true;seed=true;primary_checkpoint=true;epoch_log=true;finite_balanced_accuracy=true;finite_macro_f1=true;finite_cohen_kappa=true;finite_weighted_f1=true,,0.289140477391,0.278062987965,0.0522725789926,0.278236923176,0.014664059391692274,85810,5906550,,,
LaBraM,PhysioNet-MI,frozen_probe,none,1024,physio_mi_frozen_dense_locked_lr5e4_s1024_b64_e40,/panfs/accrepfs.vampire/data/neurogroup/mingyangjiang/EEGxPlore/LaBraM/checkpoints/physio_mi_frozen_dense_locked_lr5e4_s1024_b64_e40,,PRIMARY_CANDIDATE,BOUNDARY;RQ1,,,,,frozen,804,validation_kappa,23,0.2699090531941725,,0.02662003135822455,0.256095490387544,UNREVIEWED,,complete_three_seed:frozen_probe:none,VERIFIED,all required checks passed,run_config.json=true;final_test.json=true;checkpoint-best.pth=true;log.txt=true;strict_checkpoint_load=true;validation_selector=true;frozen_mode=true;frozen_eval_mode=true;seed=true;primary_checkpoint=true;epoch_log=true;finite_balanced_accuracy=true;finite_macro_f1=true;finite_cohen_kappa=true;finite_weighted_f1=true,,0.269909053194,0.255934215679,0.0266200313582,0.256095490388,0.00013812676738696455,0,5820740,,,
LaBraM,PhysioNet-MI,frozen_probe,none,3407,physio_mi_frozen_dense_locked_lr5e4_s3407_b64_e40,/panfs/accrepfs.vampire/data/neurogroup/mingyangjiang/EEGxPlore/LaBraM/checkpoints/physio_mi_frozen_dense_locked_lr5e4_s3407_b64_e40,,PRIMARY_CANDIDATE,BOUNDARY;RQ1,,,,,frozen,804,validation_kappa,20,0.2693969181057666,,0.02591434711819185,0.2648999125148436,UNREVIEWED,,complete_three_seed:frozen_probe:none,VERIFIED,all required checks passed,run_config.json=true;final_test.json=true;checkpoint-best.pth=true;log.txt=true;strict_checkpoint_load=true;validation_selector=true;frozen_mode=true;frozen_eval_mode=true;seed=true;primary_checkpoint=true;epoch_log=true;finite_balanced_accuracy=true;finite_macro_f1=true;finite_cohen_kappa=true;finite_weighted_f1=true,,0.269396918106,0.264803464086,0.0259143471182,0.264899912515,0.00013812676738696455,0,5820740,,,
LaBraM,PhysioNet-MI,frozen_probe,none,42,physio_mi_frozen_dense_locked_lr5e4_s42_b64_e40,/panfs/accrepfs.vampire/data/neurogroup/mingyangjiang/EEGxPlore/LaBraM/checkpoints/physio_mi_frozen_dense_locked_lr5e4_s42_b64_e40,,PRIMARY_CANDIDATE,BOUNDARY;RQ1,,,,,frozen,804,validation_kappa,20,0.2688425943807112,,0.025175522259483718,0.2643087026465435,UNREVIEWED,,complete_three_seed:frozen_probe:none,VERIFIED,all required checks passed,run_config.json=true;final_test.json=true;checkpoint-best.pth=true;log.txt=true;strict_checkpoint_load=true;validation_selector=true;frozen_mode=true;frozen_eval_mode=true;seed=true;primary_checkpoint=true;epoch_log=true;finite_balanced_accuracy=true;finite_macro_f1=true;finite_cohen_kappa=true;finite_weighted_f1=true,,0.268842594381,0.264212274236,0.0251755222595,0.264308702647,0.00013812676738696455,0,5820740,,,
LaBraM,PhysioNet-MI,native_channel_patch,channel_patch,1024,physio_mi_full_channel_patch_lowrank_locked_lr5e4_s1024_b64_e40,/panfs/accrepfs.vampire/data/neurogroup/mingyangjiang/EEGxPlore/LaBraM/checkpoints/physio_mi_full_channel_patch_lowrank_locked_lr5e4_s1024_b64_e40,,PRIMARY_CANDIDATE,RQ3,,,,,trainable,5906550,validation_kappa,9,0.6302398003829567,,0.5067903421869848,0.6330909482318485,UNREVIEWED,,complete_three_seed:native_channel_patch:channel_patch,VERIFIED,all required checks passed,run_config.json=true;final_test.json=true;checkpoint-best.pth=true;log.txt=true;strict_checkpoint_load=true;validation_selector=true;frozen_mode=true;frozen_eval_mode=true;seed=true;primary_checkpoint=true;epoch_log=true;finite_balanced_accuracy=true;finite_macro_f1=true;finite_cohen_kappa=true;finite_weighted_f1=true,,0.630239800383,0.633190698449,0.506790342187,0.633090948232,1.0,85810,5906550,,,
LaBraM,PhysioNet-MI,native_channel_patch,channel_patch,3407,physio_mi_full_channel_patch_lowrank_locked_lr5e4_s3407_b64_e40,/panfs/accrepfs.vampire/data/neurogroup/mingyangjiang/EEGxPlore/LaBraM/checkpoints/physio_mi_full_channel_patch_lowrank_locked_lr5e4_s3407_b64_e40,,PRIMARY_CANDIDATE,RQ3,,,,,trainable,5906550,validation_kappa,15,0.6158282889039495,,0.48760575613560897,0.6159926365705106,UNREVIEWED,,complete_three_seed:native_channel_patch:channel_patch,VERIFIED,all required checks passed,run_config.json=true;final_test.json=true;checkpoint-best.pth=true;log.txt=true;strict_checkpoint_load=true;validation_selector=true;frozen_mode=true;frozen_eval_mode=true;seed=true;primary_checkpoint=true;epoch_log=true;finite_balanced_accuracy=true;finite_macro_f1=true;finite_cohen_kappa=true;finite_weighted_f1=true,,0.615828288904,0.616030310415,0.487605756136,0.615992636571,1.0,85810,5906550,,,
LaBraM,PhysioNet-MI,native_channel_patch,channel_patch,42,physio_mi_full_channel_patch_lowrank_locked_lr5e4_s42_b64_e40,/panfs/accrepfs.vampire/data/neurogroup/mingyangjiang/EEGxPlore/LaBraM/checkpoints/physio_mi_full_channel_patch_lowrank_locked_lr5e4_s42_b64_e40,,PRIMARY_CANDIDATE,RQ3,,,,,trainable,5906550,validation_kappa,11,0.6297170793176202,,0.5060737876723087,0.6309687148760922,UNREVIEWED,,complete_three_seed:native_channel_patch:channel_patch,VERIFIED,all required checks passed,run_config.json=true;final_test.json=true;checkpoint-best.pth=true;log.txt=true;strict_checkpoint_load=true;validation_selector=true;frozen_mode=true;frozen_eval_mode=true;seed=true;primary_checkpoint=true;epoch_log=true;finite_balanced_accuracy=true;finite_macro_f1=true;finite_cohen_kappa=true;finite_weighted_f1=true,,0.629717079318,0.631064491165,0.506073787672,0.630968714876,1.0,85810,5906550,,,
LaBraM,PhysioNet-MI,frozen_native_generic,generic,1024,physio_mi_generic_locked_lr5e4_s1024_b64_e40,/panfs/accrepfs.vampire/data/neurogroup/mingyangjiang/EEGxPlore/LaBraM/checkpoints/physio_mi_generic_locked_lr5e4_s1024_b64_e40,,PRIMARY_CANDIDATE,CONTEXT,,,,,frozen,27069,validation_kappa,20,0.2697106347141692,,0.02640075926648555,0.25764757770551155,UNREVIEWED,,complete_three_seed:frozen_native_generic:generic,VERIFIED,all required checks passed,run_config.json=true;final_test.json=true;checkpoint-best.pth=true;log.txt=true;strict_checkpoint_load=true;validation_selector=true;frozen_mode=true;frozen_eval_mode=true;seed=true;primary_checkpoint=true;epoch_log=true;finite_balanced_accuracy=true;finite_macro_f1=true;finite_cohen_kappa=true;finite_weighted_f1=true,,0.269710634714,0.257434671362,0.0264007592665,0.257647577706,0.0046295496583293495,26265,5847005,,,
LaBraM,PhysioNet-MI,frozen_native_generic,generic,3407,physio_mi_generic_locked_lr5e4_s3407_b64_e40,/panfs/accrepfs.vampire/data/neurogroup/mingyangjiang/EEGxPlore/LaBraM/checkpoints/physio_mi_generic_locked_lr5e4_s3407_b64_e40,,PRIMARY_CANDIDATE,CONTEXT,,,,,frozen,27069,validation_kappa,20,0.26861923318176184,,0.024927126622417473,0.257323653155011,UNREVIEWED,,complete_three_seed:frozen_native_generic:generic,VERIFIED,all required checks passed,run_config.json=true;final_test.json=true;checkpoint-best.pth=true;log.txt=true;strict_checkpoint_load=true;validation_selector=true;frozen_mode=true;frozen_eval_mode=true;seed=true;primary_checkpoint=true;epoch_log=true;finite_balanced_accuracy=true;finite_macro_f1=true;finite_cohen_kappa=true;finite_weighted_f1=true,,0.268619233182,0.257127138463,0.0249271266224,0.257323653155,0.0046295496583293495,26265,5847005,,,
LaBraM,PhysioNet-MI,frozen_native_generic,generic,42,physio_mi_generic_locked_lr5e4_s42_b64_e40,/panfs/accrepfs.vampire/data/neurogroup/mingyangjiang/EEGxPlore/LaBraM/checkpoints/physio_mi_generic_locked_lr5e4_s42_b64_e40,,PRIMARY_CANDIDATE,CONTEXT,,,,,frozen,27069,validation_kappa,20,0.2713674956837422,,0.02860745563193645,0.25894625578852154,UNREVIEWED,,complete_three_seed:frozen_native_generic:generic,VERIFIED,all required checks passed,run_config.json=true;final_test.json=true;checkpoint-best.pth=true;log.txt=true;strict_checkpoint_load=true;validation_selector=true;frozen_mode=true;frozen_eval_mode=true;seed=true;primary_checkpoint=true;epoch_log=true;finite_balanced_accuracy=true;finite_macro_f1=true;finite_cohen_kappa=true;finite_weighted_f1=true,,0.271367495684,0.258733468368,0.0286074556319,0.258946255789,0.0046295496583293495,26265,5847005,,,
LaBraM,PhysioNet-MI,dense,none,1024,physio_mi_labram_dense_locked_lr5e4_s1024_b64_e40_scale100,/panfs/accrepfs.vampire/data/neurogroup/mingyangjiang/EEGxPlore/LaBraM/checkpoints/physio_mi_labram_dense_locked_lr5e4_s1024_b64_e40_scale100,,PRIMARY_CANDIDATE,BOUNDARY;RQ3,,,,,trainable,5820740,validation_kappa,16,0.6223072517575746,,0.4963901982048199,0.6232948413059111,UNREVIEWED,,complete_three_seed:dense:none,VERIFIED,all required checks passed,run_config.json=true;final_test.json=true;checkpoint-best.pth=true;log.txt=true;strict_checkpoint_load=true;validation_selector=true;frozen_mode=true;frozen_eval_mode=true;seed=true;primary_checkpoint=true;epoch_log=true;finite_balanced_accuracy=true;finite_macro_f1=true;finite_cohen_kappa=true;finite_weighted_f1=true,,0.622307251758,0.62331267894,0.496390198205,0.623294841306,1.0,0,5820740,,,
LaBraM,PhysioNet-MI,dense,none,3407,physio_mi_labram_dense_locked_lr5e4_s3407_b64_e40_scale100,/panfs/accrepfs.vampire/data/neurogroup/mingyangjiang/EEGxPlore/LaBraM/checkpoints/physio_mi_labram_dense_locked_lr5e4_s3407_b64_e40_scale100,,PRIMARY_CANDIDATE,BOUNDARY;RQ3,,,,,trainable,5820740,validation_kappa,17,0.5933300625025842,,0.4578504673663968,0.5933492955145299,UNREVIEWED,,complete_three_seed:dense:none,VERIFIED,all required checks passed,run_config.json=true;final_test.json=true;checkpoint-best.pth=true;log.txt=true;strict_checkpoint_load=true;validation_selector=true;frozen_mode=true;frozen_eval_mode=true;seed=true;primary_checkpoint=true;epoch_log=true;finite_balanced_accuracy=true;finite_macro_f1=true;finite_cohen_kappa=true;finite_weighted_f1=true,,0.593330062503,0.593357832956,0.457850467366,0.593349295515,1.0,0,5820740,,,
LaBraM,PhysioNet-MI,dense,none,42,physio_mi_labram_dense_sweep_lr5e4_s42_b64_e40_scale100,/panfs/accrepfs.vampire/data/neurogroup/mingyangjiang/EEGxPlore/LaBraM/checkpoints/physio_mi_labram_dense_sweep_lr5e4_s42_b64_e40_scale100,,PRIMARY_CANDIDATE,BOUNDARY;RQ3,,,,,trainable,5820740,validation_kappa,21,0.6123109472490749,,0.4830437282960296,0.6142119774327689,UNREVIEWED,,complete_three_seed:dense:none,VERIFIED,all required checks passed,run_config.json=true;final_test.json=true;checkpoint-best.pth=true;log.txt=true;strict_checkpoint_load=true;validation_selector=true;frozen_mode=true;frozen_eval_mode=true;seed=true;primary_checkpoint=true;epoch_log=true;finite_balanced_accuracy=true;finite_macro_f1=true;finite_cohen_kappa=true;finite_weighted_f1=true,,0.612310947249,0.614276579829,0.483043728296,0.614211977433,1.0,0,5820740,,,
LaBraM,PhysioNet-MI,lora,qkv,1024,physio_mi_lora_locked_lr5e4_s1024_b64_e40,/panfs/accrepfs.vampire/data/neurogroup/mingyangjiang/EEGxPlore/LaBraM/checkpoints/physio_mi_lora_locked_lr5e4_s1024_b64_e40,,PRIMARY_CANDIDATE,CONTEXT,,,,,trainable,77604,validation_kappa,30,0.531337027959996,,0.3750689623347724,0.5293968411562315,UNREVIEWED,,complete_three_seed:lora:qkv,VERIFIED,all required checks passed,run_config.json=true;final_test.json=true;checkpoint-best.pth=true;log.txt=true;strict_checkpoint_load=true;validation_selector=true;frozen_mode=true;frozen_eval_mode=true;seed=true;primary_checkpoint=true;epoch_log=true;finite_balanced_accuracy=true;finite_macro_f1=true;finite_cohen_kappa=true;finite_weighted_f1=true,,0.53133702796,0.529446462282,0.375068962335,0.529396841156,0.013158706850652985,0,5897540,,,
LaBraM,PhysioNet-MI,lora,qkv,3407,physio_mi_lora_locked_lr5e4_s3407_b64_e40,/panfs/accrepfs.vampire/data/neurogroup/mingyangjiang/EEGxPlore/LaBraM/checkpoints/physio_mi_lora_locked_lr5e4_s3407_b64_e40,,PRIMARY_CANDIDATE,CONTEXT,,,,,trainable,77604,validation_kappa,25,0.5268508642895542,,0.3690807696599345,0.5271852842834744,UNREVIEWED,,complete_three_seed:lora:qkv,VERIFIED,all required checks passed,run_config.json=true;final_test.json=true;checkpoint-best.pth=true;log.txt=true;strict_checkpoint_load=true;validation_selector=true;frozen_mode=true;frozen_eval_mode=true;seed=true;primary_checkpoint=true;epoch_log=true;finite_balanced_accuracy=true;finite_macro_f1=true;finite_cohen_kappa=true;finite_weighted_f1=true,,0.52685086429,0.527268575034,0.36908076966,0.527185284283,0.013158706850652985,0,5897540,,,
LaBraM,PhysioNet-MI,lora,qkv,42,physio_mi_lora_locked_lr5e4_s42_b64_e40,/panfs/accrepfs.vampire/data/neurogroup/mingyangjiang/EEGxPlore/LaBraM/checkpoints/physio_mi_lora_locked_lr5e4_s42_b64_e40,,PRIMARY_CANDIDATE,CONTEXT,,,,,trainable,77604,validation_kappa,33,0.5723966199257133,,0.4298109177001016,0.5745333680908417,UNREVIEWED,,complete_three_seed:lora:qkv,VERIFIED,all required checks passed,run_config.json=true;final_test.json=true;checkpoint-best.pth=true;log.txt=true;strict_checkpoint_load=true;validation_selector=true;frozen_mode=true;frozen_eval_mode=true;seed=true;primary_checkpoint=true;epoch_log=true;finite_balanced_accuracy=true;finite_macro_f1=true;finite_cohen_kappa=true;finite_weighted_f1=true,,0.572396619926,0.574589544449,0.4298109177,0.574533368091,0.013158706850652985,0,5897540,,,
LaBraM,PhysioNet-MI,upper2,upper,1024,physio_mi_upper2_locked_lr5e4_s1024_b64_e40,/panfs/accrepfs.vampire/data/neurogroup/mingyangjiang/EEGxPlore/LaBraM/checkpoints/physio_mi_upper2_locked_lr5e4_s1024_b64_e40,,PRIMARY_CANDIDATE,BOUNDARY;RQ3,,,,,trainable,966164,validation_kappa,29,0.4937348798433915,,0.3248495497257996,0.4928994821391977,UNREVIEWED,,complete_three_seed:upper2:upper,VERIFIED,all required checks passed,run_config.json=true;final_test.json=true;checkpoint-best.pth=true;log.txt=true;strict_checkpoint_load=true;validation_selector=true;frozen_mode=true;frozen_eval_mode=true;seed=true;primary_checkpoint=true;epoch_log=true;finite_balanced_accuracy=true;finite_macro_f1=true;finite_cohen_kappa=true;finite_weighted_f1=true,,0.493734879843,0.492979116215,0.324849549726,0.492899482139,0.16598645533042192,0,5820740,,,
LaBraM,PhysioNet-MI,upper2,upper,3407,physio_mi_upper2_locked_lr5e4_s3407_b64_e40,/panfs/accrepfs.vampire/data/neurogroup/mingyangjiang/EEGxPlore/LaBraM/checkpoints/physio_mi_upper2_locked_lr5e4_s3407_b64_e40,,PRIMARY_CANDIDATE,BOUNDARY;RQ3,,,,,trainable,966164,validation_kappa,14,0.5193809766394943,,0.3589713202180611,0.5156858650542416,UNREVIEWED,,complete_three_seed:upper2:upper,VERIFIED,all required checks passed,run_config.json=true;final_test.json=true;checkpoint-best.pth=true;log.txt=true;strict_checkpoint_load=true;validation_selector=true;frozen_mode=true;frozen_eval_mode=true;seed=true;primary_checkpoint=true;epoch_log=true;finite_balanced_accuracy=true;finite_macro_f1=true;finite_cohen_kappa=true;finite_weighted_f1=true,,0.519380976639,0.515791955694,0.358971320218,0.515685865054,0.16598645533042192,0,5820740,,,
LaBraM,PhysioNet-MI,upper2,upper,42,physio_mi_upper2_locked_lr5e4_s42_b64_e40,/panfs/accrepfs.vampire/data/neurogroup/mingyangjiang/EEGxPlore/LaBraM/checkpoints/physio_mi_upper2_locked_lr5e4_s42_b64_e40,,PRIMARY_CANDIDATE,BOUNDARY;RQ3,,,,,trainable,966164,validation_kappa,11,0.5335640136211067,,0.37803410403486215,0.534769702802344,UNREVIEWED,,complete_three_seed:upper2:upper,VERIFIED,all required checks passed,run_config.json=true;final_test.json=true;checkpoint-best.pth=true;log.txt=true;strict_checkpoint_load=true;validation_selector=true;frozen_mode=true;frozen_eval_mode=true;seed=true;primary_checkpoint=true;epoch_log=true;finite_balanced_accuracy=true;finite_macro_f1=true;finite_cohen_kappa=true;finite_weighted_f1=true,,0.533564013621,0.5348256117,0.378034104035,0.534769702802,0.16598645533042192,0,5820740,,,
CBraMod,physionet_mi,interaction_aligned,channel,42,physionet_mi_cbramod_frozen_channel_r64_s42_lr2e-4_b64_e40,/panfs/accrepfs.vampire/data/neurogroup/mingyangjiang/EEGxPlore/CBraMod/results/physionet_mi/physionet_mi_cbramod_frozen_channel_r64_s42_lr2e-4_b64_e40,,PRIMARY_CANDIDATE,BOUNDARY;RQ1,physionet_mi_cbramod_frozen_axisblind_s42_lr2e-4_b64_e40,channel,PAIR_STRUCTURALLY_INVALID,50.2835791018883,frozen,41151609,validation_kappa,7,0.5392313995057074,0.541705919662576,0.38554458482747767,0.5416744180025194,UNREVIEWED,,complete_three_seed:interaction_aligned:channel,VERIFIED,all required checks passed,summary.json=true;test_metrics.json=true;resolved_config.json=true;provenance.json=true;dataset_audit.json=true;checkpoint_load_report.json=true;optimizer_groups.json=true;trainability_report.json=true;metrics_by_epoch.jsonl=true;completed=true;test_evaluation_completed=true;strict_checkpoint_load=true;finite_dataset=true;validation_selector=true;frozen_mode=true;seed=true;selected_epoch=true;finite_balanced_accuracy=true;finite_macro_f1=true;finite_cohen_kappa=true;finite_weighted_f1=true,7,0.539231399506,0.541705919663,0.385544584827,0.541674418003,0.8939120970989961,29804,46035409,1069621248,979.3441755771637,22.941322535276413
CBraMod,physionet_mi,interaction_aligned,channel,1024,physionet_mi_cbramod_frozen_channel_s1024_r64_lr2e-4_b64_e40,/panfs/accrepfs.vampire/data/neurogroup/mingyangjiang/EEGxPlore/CBraMod/results/physionet_mi/physionet_mi_cbramod_frozen_channel_s1024_r64_lr2e-4_b64_e40,,PRIMARY_CANDIDATE,BOUNDARY;RQ1,physionet_mi_cbramod_frozen_axisblind_s1024_r148_lr2e-4_b64_e40,channel,PAIR_STRUCTURALLY_INVALID,50.2835791018883,frozen,41151609,validation_kappa,2,0.5552695052871399,0.5545717673204273,0.40693927386864703,0.5545100653436812,UNREVIEWED,,complete_three_seed:interaction_aligned:channel,VERIFIED,all required checks passed,summary.json=true;test_metrics.json=true;resolved_config.json=true;provenance.json=true;dataset_audit.json=true;checkpoint_load_report.json=true;optimizer_groups.json=true;trainability_report.json=true;metrics_by_epoch.jsonl=true;completed=true;test_evaluation_completed=true;strict_checkpoint_load=true;finite_dataset=true;validation_selector=true;frozen_mode=true;seed=true;selected_epoch=true;finite_balanced_accuracy=true;finite_macro_f1=true;finite_cohen_kappa=true;finite_weighted_f1=true,2,0.555269505287,0.55457176732,0.406939273869,0.554510065344,0.8939120970989961,29804,46035409,1069621248,592.3978090286255,14.443268287181855
CBraMod,physionet_mi,interaction_aligned,channel,3407,physionet_mi_cbramod_frozen_channel_s3407_r64_lr2e-4_b64_e40,/panfs/accrepfs.vampire/data/neurogroup/mingyangjiang/EEGxPlore/CBraMod/results/physionet_mi/physionet_mi_cbramod_frozen_channel_s3407_r64_lr2e-4_b64_e40,,PRIMARY_CANDIDATE,BOUNDARY;RQ1,physionet_mi_cbramod_frozen_axisblind_s3407_r148_lr2e-4_b64_e40,channel,PAIR_STRUCTURALLY_INVALID,50.2835791018883,frozen,41151609,validation_kappa,11,0.5402712924306594,0.5432412332908125,0.386977160424965,0.5432178800623216,UNREVIEWED,,complete_three_seed:interaction_aligned:channel,VERIFIED,all required checks passed,summary.json=true;test_metrics.json=true;resolved_config.json=true;provenance.json=true;dataset_audit.json=true;checkpoint_load_report.json=true;optimizer_groups.json=true;trainability_report.json=true;metrics_by_epoch.jsonl=true;completed=true;test_evaluation_completed=true;strict_checkpoint_load=true;finite_dataset=true;validation_selector=true;frozen_mode=true;seed=true;selected_epoch=true;finite_balanced_accuracy=true;finite_macro_f1=true;finite_cohen_kappa=true;finite_weighted_f1=true,11,0.540271292431,0.543241233291,0.386977160425,0.543217880062,0.8939120970989961,29804,46035409,1069621248,619.2061877250671,15.088371282815933
CBraMod,physionet_mi,generic_bottleneck,none,42,physionet_mi_cbramod_frozen_generic_r64_s42_lr2e-4_b64_e40,/panfs/accrepfs.vampire/data/neurogroup/mingyangjiang/EEGxPlore/CBraMod/results/physionet_mi/physionet_mi_cbramod_frozen_generic_r64_s42_lr2e-4_b64_e40,,PRIMARY_CANDIDATE,CONTEXT,,,,,trainable,41148069,validation_kappa,4,0.5425707668081,0.5449031234091855,0.38997207973188663,0.5448459749237149,UNREVIEWED,,complete_three_seed:generic_bottleneck:none,VERIFIED,all required checks passed,summary.json=true;test_metrics.json=true;resolved_config.json=true;provenance.json=true;dataset_audit.json=true;checkpoint_load_report.json=true;optimizer_groups.json=true;trainability_report.json=true;metrics_by_epoch.jsonl=true;completed=true;test_evaluation_completed=true;strict_checkpoint_load=true;finite_dataset=true;validation_selector=true;frozen_mode=true;seed=true;selected_epoch=true;finite_balanced_accuracy=true;finite_macro_f1=true;finite_cohen_kappa=true;finite_weighted_f1=true,4,0.542570766808,0.544903123409,0.389972079732,0.544845974924,0.8939039385952371,26264,46031869,1069535232,436.2256577014923,10.665612757205963
CBraMod,physionet_mi,generic_bottleneck,none,1024,physionet_mi_cbramod_frozen_generic_s1024_r64_lr2e-4_b64_e40,/panfs/accrepfs.vampire/data/neurogroup/mingyangjiang/EEGxPlore/CBraMod/results/physionet_mi/physionet_mi_cbramod_frozen_generic_s1024_r64_lr2e-4_b64_e40,,PRIMARY_CANDIDATE,CONTEXT,,,,,trainable,41148069,validation_kappa,2,0.562441614470168,0.5627679789379954,0.41653022251607386,0.5627192578897148,UNREVIEWED,,complete_three_seed:generic_bottleneck:none,VERIFIED,all required checks passed,summary.json=true;test_metrics.json=true;resolved_config.json=true;provenance.json=true;dataset_audit.json=true;checkpoint_load_report.json=true;optimizer_groups.json=true;trainability_report.json=true;metrics_by_epoch.jsonl=true;completed=true;test_evaluation_completed=true;strict_checkpoint_load=true;finite_dataset=true;validation_selector=true;frozen_mode=true;seed=true;selected_epoch=true;finite_balanced_accuracy=true;finite_macro_f1=true;finite_cohen_kappa=true;finite_weighted_f1=true,2,0.56244161447,0.562767978938,0.416530222516,0.56271925789,0.8939039385952371,26264,46031869,1069535232,834.7121493816376,19.459209549427033
CBraMod,physionet_mi,generic_bottleneck,none,3407,physionet_mi_cbramod_frozen_generic_s3407_r64_lr2e-4_b64_e40,/panfs/accrepfs.vampire/data/neurogroup/mingyangjiang/EEGxPlore/CBraMod/results/physionet_mi/physionet_mi_cbramod_frozen_generic_s3407_r64_lr2e-4_b64_e40,,PRIMARY_CANDIDATE,CONTEXT,,,,,trainable,41148069,validation_kappa,8,0.5473733390214944,0.5503297619207032,0.39653585474018915,0.5503428286183412,UNREVIEWED,,complete_three_seed:generic_bottleneck:none,VERIFIED,all required checks passed,summary.json=true;test_metrics.json=true;resolved_config.json=true;provenance.json=true;dataset_audit.json=true;checkpoint_load_report.json=true;optimizer_groups.json=true;trainability_report.json=true;metrics_by_epoch.jsonl=true;completed=true;test_evaluation_completed=true;strict_checkpoint_load=true;finite_dataset=true;validation_selector=true;frozen_mode=true;seed=true;selected_epoch=true;finite_balanced_accuracy=true;finite_macro_f1=true;finite_cohen_kappa=true;finite_weighted_f1=true,8,0.547373339021,0.550329761921,0.39653585474,0.550342828618,0.8939039385952371,26264,46031869,1069535232,397.3218324184418,9.71706166267395
CBraMod,physionet_mi,frozen_probe,none,1024,physionet_mi_cbramod_frozen_probe_s1024_lr2e-4_b64_e40,/panfs/accrepfs.vampire/data/neurogroup/mingyangjiang/EEGxPlore/CBraMod/results/physionet_mi/physionet_mi_cbramod_frozen_probe_s1024_lr2e-4_b64_e40,,PRIMARY_CANDIDATE,BOUNDARY;RQ1,,,,,frozen,41121804,validation_kappa,12,0.5425242785108676,0.5440738589439391,0.38996257280585844,0.5440560821872225,UNREVIEWED,,complete_three_seed:frozen_probe:none,VERIFIED,all required checks passed,summary.json=true;test_metrics.json=true;resolved_config.json=true;provenance.json=true;dataset_audit.json=true;checkpoint_load_report.json=true;optimizer_groups.json=true;trainability_report.json=true;metrics_by_epoch.jsonl=true;completed=true;test_evaluation_completed=true;strict_checkpoint_load=true;finite_dataset=true;validation_selector=true;frozen_mode=true;seed=true;selected_epoch=true;finite_balanced_accuracy=true;finite_macro_f1=true;finite_cohen_kappa=true;finite_weighted_f1=true,12,0.542524278511,0.544073858944,0.389962572806,0.544056082187,0.8938433674297592,0,46005604,1068470272,569.2520546913147,13.86819851398468
CBraMod,physionet_mi,frozen_probe,none,3407,physionet_mi_cbramod_frozen_probe_s3407_lr2e-4_b64_e40,/panfs/accrepfs.vampire/data/neurogroup/mingyangjiang/EEGxPlore/CBraMod/results/physionet_mi/physionet_mi_cbramod_frozen_probe_s3407_lr2e-4_b64_e40,,PRIMARY_CANDIDATE,BOUNDARY;RQ1,,,,,frozen,41121804,validation_kappa,7,0.5475023720990332,0.5497823368589918,0.39661282484010474,0.5497720365342724,UNREVIEWED,,complete_three_seed:frozen_probe:none,VERIFIED,all required checks passed,summary.json=true;test_metrics.json=true;resolved_config.json=true;provenance.json=true;dataset_audit.json=true;checkpoint_load_report.json=true;optimizer_groups.json=true;trainability_report.json=true;metrics_by_epoch.jsonl=true;completed=true;test_evaluation_completed=true;strict_checkpoint_load=true;finite_dataset=true;validation_selector=true;frozen_mode=true;seed=true;selected_epoch=true;finite_balanced_accuracy=true;finite_macro_f1=true;finite_cohen_kappa=true;finite_weighted_f1=true,7,0.547502372099,0.549782336859,0.39661282484,0.549772036534,0.8938433674297592,0,46005604,1068470272,585.4243874549866,14.255691426992417
CBraMod,physionet_mi,frozen_probe,none,42,physionet_mi_cbramod_frozen_probe_s42_lr2e-4_b64_e40,/panfs/accrepfs.vampire/data/neurogroup/mingyangjiang/EEGxPlore/CBraMod/results/physionet_mi/physionet_mi_cbramod_frozen_probe_s42_lr2e-4_b64_e40,,PRIMARY_CANDIDATE,BOUNDARY;RQ1,,,,,frozen,41121804,validation_kappa,7,0.5404099732452281,0.542561038807855,0.38705358314524163,0.5424948095549804,UNREVIEWED,,complete_three_seed:frozen_probe:none,VERIFIED,all required checks passed,summary.json=true;test_metrics.json=true;resolved_config.json=true;provenance.json=true;dataset_audit.json=true;checkpoint_load_report.json=true;optimizer_groups.json=true;trainability_report.json=true;metrics_by_epoch.jsonl=true;completed=true;test_evaluation_completed=true;strict_checkpoint_load=true;finite_dataset=true;validation_selector=true;frozen_mode=true;seed=true;selected_epoch=true;finite_balanced_accuracy=true;finite_macro_f1=true;finite_cohen_kappa=true;finite_weighted_f1=true,7,0.540409973245,0.542561038808,0.387053583145,0.542494809555,0.8938433674297592,0,46005604,1068470272,952.9510817527771,22.41769142150879
CBraMod,physionet_mi,lora,none,1024,physionet_mi_cbramod_lora_qkv_r8_s1024_lr2e-4_b64_e40,/panfs/accrepfs.vampire/data/neurogroup/mingyangjiang/EEGxPlore/CBraMod/results/physionet_mi/physionet_mi_cbramod_lora_qkv_r8_s1024_lr2e-4_b64_e40,,PRIMARY_CANDIDATE,CONTEXT,,,,,trainable,41198604,validation_kappa,16,0.5446692651842091,0.5464679282043813,0.39286829018200453,0.5464545266921237,UNREVIEWED,,complete_three_seed:lora:none,VERIFIED,all required checks passed,summary.json=true;test_metrics.json=true;resolved_config.json=true;provenance.json=true;dataset_audit.json=true;checkpoint_load_report.json=true;optimizer_groups.json=true;trainability_report.json=true;metrics_by_epoch.jsonl=true;completed=true;test_evaluation_completed=true;strict_checkpoint_load=true;finite_dataset=true;validation_selector=true;frozen_mode=true;seed=true;selected_epoch=true;finite_balanced_accuracy=true;finite_macro_f1=true;finite_cohen_kappa=true;finite_weighted_f1=true,16,0.544669265184,0.546467928204,0.392868290182,0.546454526692,0.8940202859208474,0,46082404,3104910336,909.2202417850494,22.28768985271454
CBraMod,physionet_mi,lora,none,3407,physionet_mi_cbramod_lora_qkv_r8_s3407_lr2e-4_b64_e40,/panfs/accrepfs.vampire/data/neurogroup/mingyangjiang/EEGxPlore/CBraMod/results/physionet_mi/physionet_mi_cbramod_lora_qkv_r8_s3407_lr2e-4_b64_e40,,PRIMARY_CANDIDATE,CONTEXT,,,,,trainable,41198604,validation_kappa,9,0.5502713419589702,0.5528088623564995,0.4002994743818573,0.5527869870397326,UNREVIEWED,,complete_three_seed:lora:none,VERIFIED,all required checks passed,summary.json=true;test_metrics.json=true;resolved_config.json=true;provenance.json=true;dataset_audit.json=true;checkpoint_load_report.json=true;optimizer_groups.json=true;trainability_report.json=true;metrics_by_epoch.jsonl=true;completed=true;test_evaluation_completed=true;strict_checkpoint_load=true;finite_dataset=true;validation_selector=true;frozen_mode=true;seed=true;selected_epoch=true;finite_balanced_accuracy=true;finite_macro_f1=true;finite_cohen_kappa=true;finite_weighted_f1=true,9,0.550271341959,0.552808862356,0.400299474382,0.55278698704,0.8940202859208474,0,46082404,3104910336,674.8617627620697,16.636608159542085
CBraMod,physionet_mi,lora,none,42,physionet_mi_cbramod_lora_qkv_r8_s42_lr2e-4_b64_e40,/panfs/accrepfs.vampire/data/neurogroup/mingyangjiang/EEGxPlore/CBraMod/results/physionet_mi/physionet_mi_cbramod_lora_qkv_r8_s42_lr2e-4_b64_e40,,PRIMARY_CANDIDATE,CONTEXT,,,,,trainable,41198604,validation_kappa,7,0.5530676793538323,0.5556002063418632,0.40402194084174914,0.5555925729578591,UNREVIEWED,,complete_three_seed:lora:none,VERIFIED,all required checks passed,summary.json=true;test_metrics.json=true;resolved_config.json=true;provenance.json=true;dataset_audit.json=true;checkpoint_load_report.json=true;optimizer_groups.json=true;trainability_report.json=true;metrics_by_epoch.jsonl=true;completed=true;test_evaluation_completed=true;strict_checkpoint_load=true;finite_dataset=true;validation_selector=true;frozen_mode=true;seed=true;selected_epoch=true;finite_balanced_accuracy=true;finite_macro_f1=true;finite_cohen_kappa=true;finite_weighted_f1=true,7,0.553067679354,0.555600206342,0.404021940842,0.555592572958,0.8940202859208474,0,46082404,3104910336,1188.4072320461273,29.276566290855406
CBraMod,physionet_mi,upper_k_finetune,none,1024,physionet_mi_cbramod_upper2_s1024_lr2e-4_b64_e40,/panfs/accrepfs.vampire/data/neurogroup/mingyangjiang/EEGxPlore/CBraMod/results/physionet_mi/physionet_mi_cbramod_upper2_s1024_lr2e-4_b64_e40,,PRIMARY_CANDIDATE,BOUNDARY;RQ3,,,,,trainable,41927004,validation_kappa,2,0.6073146476461674,0.6100689882889578,0.4764028877898957,0.6100326232833504,UNREVIEWED,,complete_three_seed:upper_k_finetune:none,VERIFIED,all required checks passed,summary.json=true;test_metrics.json=true;resolved_config.json=true;provenance.json=true;dataset_audit.json=true;checkpoint_load_report.json=true;optimizer_groups.json=true;trainability_report.json=true;metrics_by_epoch.jsonl=true;completed=true;test_evaluation_completed=true;strict_checkpoint_load=true;finite_dataset=true;validation_selector=true;frozen_mode=true;seed=true;selected_epoch=true;finite_balanced_accuracy=true;finite_macro_f1=true;finite_cohen_kappa=true;finite_weighted_f1=true,2,0.607314647646,0.610068988289,0.47640288779,0.610032623283,0.9113455830294066,0,46005604,1592367616,711.7532479763031,17.35143311023712
CBraMod,physionet_mi,upper_k_finetune,none,3407,physionet_mi_cbramod_upper2_s3407_lr2e-4_b64_e40,/panfs/accrepfs.vampire/data/neurogroup/mingyangjiang/EEGxPlore/CBraMod/results/physionet_mi/physionet_mi_cbramod_upper2_s3407_lr2e-4_b64_e40,,PRIMARY_CANDIDATE,BOUNDARY;RQ3,,,,,trainable,41927004,validation_kappa,2,0.5924414030391509,0.5917255311482967,0.45648424724869774,0.5916796896741513,UNREVIEWED,,complete_three_seed:upper_k_finetune:none,VERIFIED,all required checks passed,summary.json=true;test_metrics.json=true;resolved_config.json=true;provenance.json=true;dataset_audit.json=true;checkpoint_load_report.json=true;optimizer_groups.json=true;trainability_report.json=true;metrics_by_epoch.jsonl=true;completed=true;test_evaluation_completed=true;strict_checkpoint_load=true;finite_dataset=true;validation_selector=true;frozen_mode=true;seed=true;selected_epoch=true;finite_balanced_accuracy=true;finite_macro_f1=true;finite_cohen_kappa=true;finite_weighted_f1=true,2,0.592441403039,0.591725531148,0.456484247249,0.591679689674,0.9113455830294066,0,46005604,1592367616,457.7189402580261,11.2197205722332
CBraMod,physionet_mi,upper_k_finetune,none,42,physionet_mi_cbramod_upper2_s42_lr2e-4_b64_e40,/panfs/accrepfs.vampire/data/neurogroup/mingyangjiang/EEGxPlore/CBraMod/results/physionet_mi/physionet_mi_cbramod_upper2_s42_lr2e-4_b64_e40,,PRIMARY_CANDIDATE,BOUNDARY;RQ3,,,,,trainable,41927004,validation_kappa,22,0.5956809083125915,0.5982934210075351,0.4608932509680761,0.598278840454946,UNREVIEWED,,complete_three_seed:upper_k_finetune:none,VERIFIED,all required checks passed,summary.json=true;test_metrics.json=true;resolved_config.json=true;provenance.json=true;dataset_audit.json=true;checkpoint_load_report.json=true;optimizer_groups.json=true;trainability_report.json=true;metrics_by_epoch.jsonl=true;completed=true;test_evaluation_completed=true;strict_checkpoint_load=true;finite_dataset=true;validation_selector=true;frozen_mode=true;seed=true;selected_epoch=true;finite_balanced_accuracy=true;finite_macro_f1=true;finite_cohen_kappa=true;finite_weighted_f1=true,22,0.595680908313,0.598293421008,0.460893250968,0.598278840455,0.9113455830294066,0,46005604,1592367616,535.3265347480774,13.128681153059006
CBraMod,seedv,full_finetune,none,1024,seedv_dense_full_s1024,/panfs/accrepfs.vampire/data/neurogroup/mingyangjiang/EEGxPlore/CBraMod/results/seedv/seedv_dense_full_s1024,,PRIMARY_CANDIDATE,BOUNDARY;RQ3,,,,,trainable,14965805,validation_kappa,30,0.40081481657183937,0.40128780632006417,0.25889433768476644,0.41190772635308864,UNREVIEWED,,complete_three_seed:full_finetune:none,VERIFIED,all required checks passed,summary.json=true;test_metrics.json=true;resolved_config.json=true;provenance.json=true;dataset_audit.json=true;checkpoint_load_report.json=true;optimizer_groups.json=true;trainability_report.json=true;metrics_by_epoch.jsonl=true;completed=true;test_evaluation_completed=true;strict_checkpoint_load=true;finite_dataset=true;validation_selector=true;frozen_mode=true;seed=true;selected_epoch=true;finite_balanced_accuracy=true;finite_macro_f1=true;finite_cohen_kappa=true;finite_weighted_f1=true,30,0.400814816572,0.40128780632,0.258894337685,0.411907726353,,0,,766588928,7806.116677045822,179.94180874824525
CBraMod,seedv,full_finetune,none,3407,seedv_dense_full_s3407,/panfs/accrepfs.vampire/data/neurogroup/mingyangjiang/EEGxPlore/CBraMod/results/seedv/seedv_dense_full_s3407,,PRIMARY_CANDIDATE,BOUNDARY;RQ3,,,,,trainable,14965805,validation_kappa,8,0.37974486759455534,0.3748987106346814,0.22847346591378603,0.38409382809430226,UNREVIEWED,,complete_three_seed:full_finetune:none,VERIFIED,all required checks passed,summary.json=true;test_metrics.json=true;resolved_config.json=true;provenance.json=true;dataset_audit.json=true;checkpoint_load_report.json=true;optimizer_groups.json=true;trainability_report.json=true;metrics_by_epoch.jsonl=true;completed=true;test_evaluation_completed=true;strict_checkpoint_load=true;finite_dataset=true;validation_selector=true;frozen_mode=true;seed=true;selected_epoch=true;finite_balanced_accuracy=true;finite_macro_f1=true;finite_cohen_kappa=true;finite_weighted_f1=true,8,0.379744867595,0.374898710635,0.228473465914,0.384093828094,,0,,766588928,6657.170177698135,154.3689190030098
CBraMod,seedv,full_finetune,none,42,seedv_dense_full_s42,/panfs/accrepfs.vampire/data/neurogroup/mingyangjiang/EEGxPlore/CBraMod/results/seedv/seedv_dense_full_s42,,PRIMARY_CANDIDATE,BOUNDARY;RQ3,,,,,trainable,14965805,validation_kappa,7,0.3822997605071836,0.38217977400782005,0.2350441210048685,0.3931424184699292,UNREVIEWED,,complete_three_seed:full_finetune:none,VERIFIED,all required checks passed,summary.json=true;test_metrics.json=true;resolved_config.json=true;provenance.json=true;dataset_audit.json=true;checkpoint_load_report.json=true;optimizer_groups.json=true;trainability_report.json=true;metrics_by_epoch.jsonl=true;completed=true;test_evaluation_completed=true;strict_checkpoint_load=true;finite_dataset=true;validation_selector=true;frozen_mode=true;seed=true;selected_epoch=true;finite_balanced_accuracy=true;finite_macro_f1=true;finite_cohen_kappa=true;finite_weighted_f1=true,7,0.382299760507,0.382179774008,0.235044121005,0.39314241847,,0,,766588928,5923.75572514534,143.4183678984642
CBraMod,seedv,interaction_aligned,channel,1024,seedv_evalmode_frozen_channel_s1024_lr1e-5_20260804,/panfs/accrepfs.vampire/data/neurogroup/mingyangjiang/EEGxPlore/CBraMod/results/seedv/seedv_evalmode_frozen_channel_s1024_lr1e-5_20260804,,PRIMARY_CANDIDATE,BOUNDARY;RQ1,seedv_evalmode_frozen_axis_blind_s1024_20260804,channel,PAIR_STRUCTURALLY_INVALID,50.28274032927988,frozen,10111810,validation_kappa,13,0.2911470986043746,0.29075242309834515,0.11102726904709448,0.2947268347376295,UNREVIEWED,,complete_three_seed:interaction_aligned:channel,VERIFIED,all required checks passed,summary.json=true;test_metrics.json=true;resolved_config.json=true;provenance.json=true;dataset_audit.json=true;checkpoint_load_report.json=true;optimizer_groups.json=true;trainability_report.json=true;metrics_by_epoch.jsonl=true;completed=true;test_evaluation_completed=true;strict_checkpoint_load=true;finite_dataset=true;validation_selector=true;frozen_mode=true;seed=true;selected_epoch=true;finite_balanced_accuracy=true;finite_macro_f1=true;finite_cohen_kappa=true;finite_weighted_f1=true,13,0.291147098604,0.290752423098,0.111027269047,0.294726834738,,29805,,321086464,2016.4179186820984,49.94314054250717
CBraMod,seedv,interaction_aligned,channel,3407,seedv_evalmode_frozen_channel_s3407_lr1e-5_20260804,/panfs/accrepfs.vampire/data/neurogroup/mingyangjiang/EEGxPlore/CBraMod/results/seedv/seedv_evalmode_frozen_channel_s3407_lr1e-5_20260804,,PRIMARY_CANDIDATE,BOUNDARY;RQ1,seedv_evalmode_frozen_axis_blind_s3407_requeue_20260805,channel,PAIR_STRUCTURALLY_INVALID,50.28274032927988,frozen,10111810,validation_kappa,10,0.296139844846257,0.28097478179789287,0.11836499239636145,0.28848139295612957,UNREVIEWED,,complete_three_seed:interaction_aligned:channel,VERIFIED,all required checks passed,summary.json=true;test_metrics.json=true;resolved_config.json=true;provenance.json=true;dataset_audit.json=true;checkpoint_load_report.json=true;optimizer_groups.json=true;trainability_report.json=true;metrics_by_epoch.jsonl=true;completed=true;test_evaluation_completed=true;strict_checkpoint_load=true;finite_dataset=true;validation_selector=true;frozen_mode=true;seed=true;selected_epoch=true;finite_balanced_accuracy=true;finite_macro_f1=true;finite_cohen_kappa=true;finite_weighted_f1=true,10,0.296139844846,0.280974781798,0.118364992396,0.288481392956,,29805,,321086464,2019.6432161331177,50.032736223936084
CBraMod,seedv,interaction_aligned,channel,42,seedv_evalmode_frozen_channel_s42_lr1e-5_20260804,/panfs/accrepfs.vampire/data/neurogroup/mingyangjiang/EEGxPlore/CBraMod/results/seedv/seedv_evalmode_frozen_channel_s42_lr1e-5_20260804,,PRIMARY_CANDIDATE,BOUNDARY;RQ1,seedv_evalmode_frozen_axis_blind_s42_20260804,channel,PAIR_STRUCTURALLY_INVALID,50.28274032927988,frozen,10111810,validation_kappa,5,0.288196999934955,0.28532104252684387,0.108617838060861,0.29184776948437363,UNREVIEWED,,complete_three_seed:interaction_aligned:channel,VERIFIED,all required checks passed,summary.json=true;test_metrics.json=true;resolved_config.json=true;provenance.json=true;dataset_audit.json=true;checkpoint_load_report.json=true;optimizer_groups.json=true;trainability_report.json=true;metrics_by_epoch.jsonl=true;completed=true;test_evaluation_completed=true;strict_checkpoint_load=true;finite_dataset=true;validation_selector=true;frozen_mode=true;seed=true;selected_epoch=true;finite_balanced_accuracy=true;finite_macro_f1=true;finite_cohen_kappa=true;finite_weighted_f1=true,5,0.288196999935,0.285321042527,0.108617838061,0.291847769484,,29805,,321086464,2975.4666447639465,67.95695593953133
CBraMod,seedv,frozen_probe,none,1024,seedv_evalmode_frozen_dense_s1024_20260804,/panfs/accrepfs.vampire/data/neurogroup/mingyangjiang/EEGxPlore/CBraMod/results/seedv/seedv_evalmode_frozen_dense_s1024_20260804,,PRIMARY_CANDIDATE,BOUNDARY;RQ1,,,,,frozen,10082005,validation_kappa,13,0.2974509276419053,0.2943688133968042,0.11955363242396444,0.29968074285288016,UNREVIEWED,,complete_three_seed:frozen_probe:none,VERIFIED,all required checks passed,summary.json=true;test_metrics.json=true;resolved_config.json=true;provenance.json=true;dataset_audit.json=true;checkpoint_load_report.json=true;optimizer_groups.json=true;trainability_report.json=true;metrics_by_epoch.jsonl=true;completed=true;test_evaluation_completed=true;strict_checkpoint_load=true;finite_dataset=true;validation_selector=true;frozen_mode=true;seed=true;selected_epoch=true;finite_balanced_accuracy=true;finite_macro_f1=true;finite_cohen_kappa=true;finite_weighted_f1=true,13,0.297450927642,0.294368813397,0.119553632424,0.299680742853,,0,,320361472,1836.587341785431,45.47799204587936
CBraMod,seedv,frozen_probe,none,3407,seedv_evalmode_frozen_dense_s3407_20260804,/panfs/accrepfs.vampire/data/neurogroup/mingyangjiang/EEGxPlore/CBraMod/results/seedv/seedv_evalmode_frozen_dense_s3407_20260804,,PRIMARY_CANDIDATE,BOUNDARY;RQ1,,,,,frozen,10082005,validation_kappa,10,0.29973132813597125,0.28764286457921145,0.1228544096555827,0.2948582455688621,UNREVIEWED,,complete_three_seed:frozen_probe:none,VERIFIED,all required checks passed,summary.json=true;test_metrics.json=true;resolved_config.json=true;provenance.json=true;dataset_audit.json=true;checkpoint_load_report.json=true;optimizer_groups.json=true;trainability_report.json=true;metrics_by_epoch.jsonl=true;completed=true;test_evaluation_completed=true;strict_checkpoint_load=true;finite_dataset=true;validation_selector=true;frozen_mode=true;seed=true;selected_epoch=true;finite_balanced_accuracy=true;finite_macro_f1=true;finite_cohen_kappa=true;finite_weighted_f1=true,10,0.299731328136,0.287642864579,0.122854409656,0.294858245569,,0,,320361472,1886.697231054306,46.72473435997963
CBraMod,seedv,frozen_probe,none,42,seedv_evalmode_frozen_dense_s42_20260804,/panfs/accrepfs.vampire/data/neurogroup/mingyangjiang/EEGxPlore/CBraMod/results/seedv/seedv_evalmode_frozen_dense_s42_20260804,,PRIMARY_CANDIDATE,BOUNDARY;RQ1,,,,,frozen,10082005,validation_kappa,18,0.29887356868193465,0.2972422535706719,0.12037805964392967,0.3009894967006879,UNREVIEWED,,complete_three_seed:frozen_probe:none,VERIFIED,all required checks passed,summary.json=true;test_metrics.json=true;resolved_config.json=true;provenance.json=true;dataset_audit.json=true;checkpoint_load_report.json=true;optimizer_groups.json=true;trainability_report.json=true;metrics_by_epoch.jsonl=true;completed=true;test_evaluation_completed=true;strict_checkpoint_load=true;finite_dataset=true;validation_selector=true;frozen_mode=true;seed=true;selected_epoch=true;finite_balanced_accuracy=true;finite_macro_f1=true;finite_cohen_kappa=true;finite_weighted_f1=true,18,0.298873568682,0.297242253571,0.120378059644,0.300989496701,,0,,320361472,2054.656343460083,50.88990254998207
CBraMod,seedv,generic_bottleneck,none,1024,seedv_evalmode_frozen_generic_s1024_20260804,/panfs/accrepfs.vampire/data/neurogroup/mingyangjiang/EEGxPlore/CBraMod/results/seedv/seedv_evalmode_frozen_generic_s1024_20260804,,PRIMARY_CANDIDATE,CONTEXT,,,,,trainable,10108270,validation_kappa,5,0.294764441240966,0.2948937702590357,0.11541017041287605,0.29902430687271664,UNREVIEWED,,complete_three_seed:generic_bottleneck:none,VERIFIED,all required checks passed,summary.json=true;test_metrics.json=true;resolved_config.json=true;provenance.json=true;dataset_audit.json=true;checkpoint_load_report.json=true;optimizer_groups.json=true;trainability_report.json=true;metrics_by_epoch.jsonl=true;completed=true;test_evaluation_completed=true;strict_checkpoint_load=true;finite_dataset=true;validation_selector=true;frozen_mode=true;seed=true;selected_epoch=true;finite_balanced_accuracy=true;finite_macro_f1=true;finite_cohen_kappa=true;finite_weighted_f1=true,5,0.294764441241,0.294893770259,0.115410170413,0.299024306873,,26265,,321000448,1915.4188768863678,47.4356353521347
CBraMod,seedv,generic_bottleneck,none,3407,seedv_evalmode_frozen_generic_s3407_20260804,/panfs/accrepfs.vampire/data/neurogroup/mingyangjiang/EEGxPlore/CBraMod/results/seedv/seedv_evalmode_frozen_generic_s3407_20260804,,PRIMARY_CANDIDATE,CONTEXT,,,,,trainable,10108270,validation_kappa,14,0.293487994219922,0.29012982862273634,0.11169233784283494,0.290626152617409,UNREVIEWED,,complete_three_seed:generic_bottleneck:none,VERIFIED,all required checks passed,summary.json=true;test_metrics.json=true;resolved_config.json=true;provenance.json=true;dataset_audit.json=true;checkpoint_load_report.json=true;optimizer_groups.json=true;trainability_report.json=true;metrics_by_epoch.jsonl=true;completed=true;test_evaluation_completed=true;strict_checkpoint_load=true;finite_dataset=true;validation_selector=true;frozen_mode=true;seed=true;selected_epoch=true;finite_balanced_accuracy=true;finite_macro_f1=true;finite_cohen_kappa=true;finite_weighted_f1=true,14,0.29348799422,0.290129828623,0.111692337843,0.290626152617,,26265,,321000448,1962.528779745102,48.60620494484901
CBraMod,seedv,generic_bottleneck,none,42,seedv_evalmode_frozen_generic_s42_20260804,/panfs/accrepfs.vampire/data/neurogroup/mingyangjiang/EEGxPlore/CBraMod/results/seedv/seedv_evalmode_frozen_generic_s42_20260804,,PRIMARY_CANDIDATE,CONTEXT,,,,,trainable,10108270,validation_kappa,5,0.29327278088386477,0.2892504477598282,0.11305587634891845,0.2935554378212802,UNREVIEWED,,complete_three_seed:generic_bottleneck:none,VERIFIED,all required checks passed,summary.json=true;test_metrics.json=true;resolved_config.json=true;provenance.json=true;dataset_audit.json=true;checkpoint_load_report.json=true;optimizer_groups.json=true;trainability_report.json=true;metrics_by_epoch.jsonl=true;completed=true;test_evaluation_completed=true;strict_checkpoint_load=true;finite_dataset=true;validation_selector=true;frozen_mode=true;seed=true;selected_epoch=true;finite_balanced_accuracy=true;finite_macro_f1=true;finite_cohen_kappa=true;finite_weighted_f1=true,5,0.293272780884,0.28925044776,0.113055876349,0.293555437821,,26265,,321000448,1942.0533640384674,48.10064022541046
CBraMod,seedv,lora,none,1024,seedv_evalmode_frozen_lora_qkv_r8_s1024_20260804,/panfs/accrepfs.vampire/data/neurogroup/mingyangjiang/EEGxPlore/CBraMod/results/seedv/seedv_evalmode_frozen_lora_qkv_r8_s1024_20260804,,PRIMARY_CANDIDATE,CONTEXT,,,,,trainable,10158805,validation_kappa,16,0.3867902250139227,0.3862253754203979,0.2350602402969746,0.39334285536144853,UNREVIEWED,,complete_three_seed:lora:none,VERIFIED,all required checks passed,summary.json=true;test_metrics.json=true;resolved_config.json=true;provenance.json=true;dataset_audit.json=true;checkpoint_load_report.json=true;optimizer_groups.json=true;trainability_report.json=true;metrics_by_epoch.jsonl=true;completed=true;test_evaluation_completed=true;strict_checkpoint_load=true;finite_dataset=true;validation_selector=true;frozen_mode=true;seed=true;selected_epoch=true;finite_balanced_accuracy=true;finite_macro_f1=true;finite_cohen_kappa=true;finite_weighted_f1=true,16,0.386790225014,0.38622537542,0.235060240297,0.393342855361,,0,,540692992,3621.3655018806458,89.90900362730027
CBraMod,seedv,lora,none,3407,seedv_evalmode_frozen_lora_qkv_r8_s3407_20260804,/panfs/accrepfs.vampire/data/neurogroup/mingyangjiang/EEGxPlore/CBraMod/results/seedv/seedv_evalmode_frozen_lora_qkv_r8_s3407_20260804,,PRIMARY_CANDIDATE,CONTEXT,,,,,trainable,10158805,validation_kappa,21,0.38314387377183884,0.38374999623511946,0.23386297981557047,0.3927679570764286,UNREVIEWED,,complete_three_seed:lora:none,VERIFIED,all required checks passed,summary.json=true;test_metrics.json=true;resolved_config.json=true;provenance.json=true;dataset_audit.json=true;checkpoint_load_report.json=true;optimizer_groups.json=true;trainability_report.json=true;metrics_by_epoch.jsonl=true;completed=true;test_evaluation_completed=true;strict_checkpoint_load=true;finite_dataset=true;validation_selector=true;frozen_mode=true;seed=true;selected_epoch=true;finite_balanced_accuracy=true;finite_macro_f1=true;finite_cohen_kappa=true;finite_weighted_f1=true,21,0.383143873772,0.383749996235,0.233862979816,0.392767957076,,0,,540692992,3543.708383321762,87.9901117682457
CBraMod,seedv,lora,none,42,seedv_evalmode_frozen_lora_qkv_r8_s42_20260804,/panfs/accrepfs.vampire/data/neurogroup/mingyangjiang/EEGxPlore/CBraMod/results/seedv/seedv_evalmode_frozen_lora_qkv_r8_s42_20260804,,PRIMARY_CANDIDATE,CONTEXT,,,,,trainable,10158805,validation_kappa,17,0.3815379686624684,0.38342825703241834,0.23047322396546233,0.39145469335203414,UNREVIEWED,,complete_three_seed:lora:none,VERIFIED,all required checks passed,summary.json=true;test_metrics.json=true;resolved_config.json=true;provenance.json=true;dataset_audit.json=true;checkpoint_load_report.json=true;optimizer_groups.json=true;trainability_report.json=true;metrics_by_epoch.jsonl=true;completed=true;test_evaluation_completed=true;strict_checkpoint_load=true;finite_dataset=true;validation_selector=true;frozen_mode=true;seed=true;selected_epoch=true;finite_balanced_accuracy=true;finite_macro_f1=true;finite_cohen_kappa=true;finite_weighted_f1=true,17,0.381537968662,0.383428257032,0.230473223965,0.391454693352,,0,,540692992,3579.982323408127,88.87444438934327
CBraMod,seedv,upper_k_finetune,none,1024,seedv_evalmode_frozen_upper2_s1024_20260804,/panfs/accrepfs.vampire/data/neurogroup/mingyangjiang/EEGxPlore/CBraMod/results/seedv/seedv_evalmode_frozen_upper2_s1024_20260804,,PRIMARY_CANDIDATE,BOUNDARY;RQ3,,,,,trainable,10887205,validation_kappa,17,0.3892243661120306,0.389832491222247,0.23905169859105813,0.3972784537978518,UNREVIEWED,,complete_three_seed:upper_k_finetune:none,VERIFIED,all required checks passed,summary.json=true;test_metrics.json=true;resolved_config.json=true;provenance.json=true;dataset_audit.json=true;checkpoint_load_report.json=true;optimizer_groups.json=true;trainability_report.json=true;metrics_by_epoch.jsonl=true;completed=true;test_evaluation_completed=true;strict_checkpoint_load=true;finite_dataset=true;validation_selector=true;frozen_mode=true;seed=true;selected_epoch=true;finite_balanced_accuracy=true;finite_macro_f1=true;finite_cohen_kappa=true;finite_weighted_f1=true,17,0.389224366112,0.389832491222,0.239051698591,0.397278453798,,0,,352935424,3449.2707617282867,79.49561393857002
CBraMod,seedv,upper_k_finetune,none,3407,seedv_evalmode_frozen_upper2_s3407_requeue_20260805,/panfs/accrepfs.vampire/data/neurogroup/mingyangjiang/EEGxPlore/CBraMod/results/seedv/seedv_evalmode_frozen_upper2_s3407_requeue_20260805,,PRIMARY_CANDIDATE,BOUNDARY;RQ3,,,,,trainable,10887205,validation_kappa,9,0.38883403702200003,0.3818443075764133,0.23642263336649239,0.38919665572669876,UNREVIEWED,,complete_three_seed:upper_k_finetune:none,VERIFIED,all required checks passed,summary.json=true;test_metrics.json=true;resolved_config.json=true;provenance.json=true;dataset_audit.json=true;checkpoint_load_report.json=true;optimizer_groups.json=true;trainability_report.json=true;metrics_by_epoch.jsonl=true;completed=true;test_evaluation_completed=true;strict_checkpoint_load=true;finite_dataset=true;validation_selector=true;frozen_mode=true;seed=true;selected_epoch=true;finite_balanced_accuracy=true;finite_macro_f1=true;finite_cohen_kappa=true;finite_weighted_f1=true,9,0.388834037022,0.381844307576,0.236422633366,0.389196655727,,0,,352935424,3263.300274848938,75.13623157739639
CBraMod,seedv,upper_k_finetune,none,42,seedv_evalmode_frozen_upper2_s42_20260804,/panfs/accrepfs.vampire/data/neurogroup/mingyangjiang/EEGxPlore/CBraMod/results/seedv/seedv_evalmode_frozen_upper2_s42_20260804,,PRIMARY_CANDIDATE,BOUNDARY;RQ3,,,,,trainable,10887205,validation_kappa,14,0.3913698888844211,0.3927003265206678,0.242431646016815,0.4009271779362901,UNREVIEWED,,complete_three_seed:upper_k_finetune:none,VERIFIED,all required checks passed,summary.json=true;test_metrics.json=true;resolved_config.json=true;provenance.json=true;dataset_audit.json=true;checkpoint_load_report.json=true;optimizer_groups.json=true;trainability_report.json=true;metrics_by_epoch.jsonl=true;completed=true;test_evaluation_completed=true;strict_checkpoint_load=true;finite_dataset=true;validation_selector=true;frozen_mode=true;seed=true;selected_epoch=true;finite_balanced_accuracy=true;finite_macro_f1=true;finite_cohen_kappa=true;finite_weighted_f1=true,14,0.391369888884,0.392700326521,0.242431646017,0.400927177936,,0,,352935424,2214.251074552536,54.91393035650253
LaBraM,SEED-V,frozen_native_generic,generic,1024,seedv_final_generic_frozen_s1024_b16_lr3e-4_e40_test_r3,/panfs/accrepfs.vampire/data/neurogroup/mingyangjiang/EEGxPlore/LaBraM/checkpoints/seedv_final_generic_frozen_s1024_b16_lr3e-4_e40_test_r3,,PRIMARY_CANDIDATE,CONTEXT,,,,,frozen,27270,validation_kappa,28,0.2948071243135587,,0.1148411716101041,0.2797795110917704,UNREVIEWED,,complete_three_seed:frozen_native_generic:generic,SUPPORTING,legacy frozen packet lacks explicit eval-mode provenance,run_config.json=true;final_test.json=true;checkpoint-best.pth=true;log.txt=true;strict_checkpoint_load=true;validation_selector=true;frozen_mode=true;frozen_eval_mode=false;seed=true;primary_checkpoint=true;epoch_log=true;finite_balanced_accuracy=true;finite_macro_f1=true;finite_cohen_kappa=true;finite_weighted_f1=true,,0.294807124314,0.276195233959,0.11484117161,0.279779511092,0.004663765908025132,26265,5847206,,,
LaBraM,SEED-V,frozen_native_generic,generic,3407,seedv_final_generic_frozen_s3407_b16_lr3e-4_e40_test_r3,/panfs/accrepfs.vampire/data/neurogroup/mingyangjiang/EEGxPlore/LaBraM/checkpoints/seedv_final_generic_frozen_s3407_b16_lr3e-4_e40_test_r3,,PRIMARY_CANDIDATE,CONTEXT,,,,,frozen,27270,validation_kappa,28,0.29642443578781263,,0.11693206444222493,0.28245073340299764,UNREVIEWED,,complete_three_seed:frozen_native_generic:generic,SUPPORTING,legacy frozen packet lacks explicit eval-mode provenance,run_config.json=true;final_test.json=true;checkpoint-best.pth=true;log.txt=true;strict_checkpoint_load=true;validation_selector=true;frozen_mode=true;frozen_eval_mode=false;seed=true;primary_checkpoint=true;epoch_log=true;finite_balanced_accuracy=true;finite_macro_f1=true;finite_cohen_kappa=true;finite_weighted_f1=true,,0.296424435788,0.278587487547,0.116932064442,0.282450733403,0.004663765908025132,26265,5847206,,,
LaBraM,SEED-V,frozen_native_generic,generic,42,seedv_final_generic_frozen_s42_b16_lr3e-4_e40_test_r3,/panfs/accrepfs.vampire/data/neurogroup/mingyangjiang/EEGxPlore/LaBraM/checkpoints/seedv_final_generic_frozen_s42_b16_lr3e-4_e40_test_r3,,PRIMARY_CANDIDATE,CONTEXT,,,,,frozen,27270,validation_kappa,28,0.29490536142074136,,0.11518778578330846,0.28000393688923325,UNREVIEWED,,complete_three_seed:frozen_native_generic:generic,SUPPORTING,legacy frozen packet lacks explicit eval-mode provenance,run_config.json=true;final_test.json=true;checkpoint-best.pth=true;log.txt=true;strict_checkpoint_load=true;validation_selector=true;frozen_mode=true;frozen_eval_mode=false;seed=true;primary_checkpoint=true;epoch_log=true;finite_balanced_accuracy=true;finite_macro_f1=true;finite_cohen_kappa=true;finite_weighted_f1=true,,0.294905361421,0.276343131312,0.115187785783,0.280003936889,0.004663765908025132,26265,5847206,,,
LaBraM,SEED-V,lora,qkv,1024,seedv_final_lora_qkv_r8_s1024_b16_lr3e-4_e40_test_r3,/panfs/accrepfs.vampire/data/neurogroup/mingyangjiang/EEGxPlore/LaBraM/checkpoints/seedv_final_lora_qkv_r8_s1024_b16_lr3e-4_e40_test_r3,,PRIMARY_CANDIDATE,CONTEXT,,,,,trainable,77805,validation_kappa,33,0.287573850219264,,0.11126640723965231,0.28106262259083997,UNREVIEWED,,complete_three_seed:lora:qkv,VERIFIED,all required checks passed,run_config.json=true;final_test.json=true;checkpoint-best.pth=true;log.txt=true;strict_checkpoint_load=true;validation_selector=true;frozen_mode=true;frozen_eval_mode=true;seed=true;primary_checkpoint=true;epoch_log=true;finite_balanced_accuracy=true;finite_macro_f1=true;finite_cohen_kappa=true;finite_weighted_f1=true,,0.287573850219,0.271347064632,0.11126640724,0.281062622591,0.013192339236327942,0,5897741,,,
LaBraM,SEED-V,lora,qkv,3407,seedv_final_lora_qkv_r8_s3407_b16_lr3e-4_e40_test_r3,/panfs/accrepfs.vampire/data/neurogroup/mingyangjiang/EEGxPlore/LaBraM/checkpoints/seedv_final_lora_qkv_r8_s3407_b16_lr3e-4_e40_test_r3,,PRIMARY_CANDIDATE,CONTEXT,,,,,trainable,77805,validation_kappa,28,0.2814287786933532,,0.10189204009778197,0.2706965939282741,UNREVIEWED,,complete_three_seed:lora:qkv,VERIFIED,all required checks passed,run_config.json=true;final_test.json=true;checkpoint-best.pth=true;log.txt=true;strict_checkpoint_load=true;validation_selector=true;frozen_mode=true;frozen_eval_mode=true;seed=true;primary_checkpoint=true;epoch_log=true;finite_balanced_accuracy=true;finite_macro_f1=true;finite_cohen_kappa=true;finite_weighted_f1=true,,0.281428778693,0.262670585986,0.101892040098,0.270696593928,0.013192339236327942,0,5897741,,,
LaBraM,SEED-V,lora,qkv,42,seedv_final_lora_qkv_r8_s42_b16_lr3e-4_e40_test_r3,/panfs/accrepfs.vampire/data/neurogroup/mingyangjiang/EEGxPlore/LaBraM/checkpoints/seedv_final_lora_qkv_r8_s42_b16_lr3e-4_e40_test_r3,,PRIMARY_CANDIDATE,CONTEXT,,,,,trainable,77805,validation_kappa,33,0.28794075948298564,,0.11072582874879411,0.2843296914928396,UNREVIEWED,,complete_three_seed:lora:qkv,VERIFIED,all required checks passed,run_config.json=true;final_test.json=true;checkpoint-best.pth=true;log.txt=true;strict_checkpoint_load=true;validation_selector=true;frozen_mode=true;frozen_eval_mode=true;seed=true;primary_checkpoint=true;epoch_log=true;finite_balanced_accuracy=true;finite_macro_f1=true;finite_cohen_kappa=true;finite_weighted_f1=true,,0.287940759483,0.276124055729,0.110725828749,0.284329691493,0.013192339236327942,0,5897741,,,
LaBraM,SEED-V,upper2,upper,1024,seedv_final_upper2_s1024_b16_lr3e-4_e40_test,/panfs/accrepfs.vampire/data/neurogroup/mingyangjiang/EEGxPlore/LaBraM/checkpoints/seedv_final_upper2_s1024_b16_lr3e-4_e40_test,,PRIMARY_CANDIDATE,BOUNDARY;RQ3,,,,,trainable,966365,validation_kappa,33,0.3814504473898107,,0.22877175383226178,0.3881916002066703,UNREVIEWED,,complete_three_seed:upper2:upper,VERIFIED,all required checks passed,run_config.json=true;final_test.json=true;checkpoint-best.pth=true;log.txt=true;strict_checkpoint_load=true;validation_selector=true;frozen_mode=true;frozen_eval_mode=true;seed=true;primary_checkpoint=true;epoch_log=true;finite_balanced_accuracy=true;finite_macro_f1=true;finite_cohen_kappa=true;finite_weighted_f1=true,,0.38145044739,0.380454463937,0.228771753832,0.388191600207,0.16601525423466756,0,5820941,,,
LaBraM,SEED-V,upper2,upper,3407,seedv_final_upper2_s3407_b16_lr3e-4_e40_test_r3,/panfs/accrepfs.vampire/data/neurogroup/mingyangjiang/EEGxPlore/LaBraM/checkpoints/seedv_final_upper2_s3407_b16_lr3e-4_e40_test_r3,,PRIMARY_CANDIDATE,BOUNDARY;RQ3,,,,,trainable,966365,validation_kappa,30,0.3896273654079126,,0.2395835478364169,0.39865418018498017,UNREVIEWED,,complete_three_seed:upper2:upper,VERIFIED,all required checks passed,run_config.json=true;final_test.json=true;checkpoint-best.pth=true;log.txt=true;strict_checkpoint_load=true;validation_selector=true;frozen_mode=true;frozen_eval_mode=true;seed=true;primary_checkpoint=true;epoch_log=true;finite_balanced_accuracy=true;finite_macro_f1=true;finite_cohen_kappa=true;finite_weighted_f1=true,,0.389627365408,0.39092104492,0.239583547836,0.398654180185,0.16601525423466756,0,5820941,,,
LaBraM,SEED-V,upper2,upper,42,seedv_final_upper2_s42_b16_lr3e-4_e40_test,/panfs/accrepfs.vampire/data/neurogroup/mingyangjiang/EEGxPlore/LaBraM/checkpoints/seedv_final_upper2_s42_b16_lr3e-4_e40_test,,PRIMARY_CANDIDATE,BOUNDARY;RQ3,,,,,trainable,966365,validation_kappa,30,0.3865104415469833,,0.23497558200146218,0.3943653956180901,UNREVIEWED,,complete_three_seed:upper2:upper,VERIFIED,all required checks passed,run_config.json=true;final_test.json=true;checkpoint-best.pth=true;log.txt=true;strict_checkpoint_load=true;validation_selector=true;frozen_mode=true;frozen_eval_mode=true;seed=true;primary_checkpoint=true;epoch_log=true;finite_balanced_accuracy=true;finite_macro_f1=true;finite_cohen_kappa=true;finite_weighted_f1=true,,0.386510441547,0.386908796183,0.234975582001,0.394365395618,0.16601525423466756,0,5820941,,,
CBraMod,seedv,native_full_finetune,channel,1024,seedv_native_full_channel_s1024,/panfs/accrepfs.vampire/data/neurogroup/mingyangjiang/EEGxPlore/CBraMod/results/seedv/seedv_native_full_channel_s1024,,PRIMARY_CANDIDATE,RQ3,,,,,trainable,14995610,validation_kappa,29,0.4031073473273993,0.4030770964656445,0.26016038755037885,0.4128267744576811,UNREVIEWED,,complete_three_seed:native_full_finetune:channel,VERIFIED,all required checks passed,summary.json=true;test_metrics.json=true;resolved_config.json=true;provenance.json=true;dataset_audit.json=true;checkpoint_load_report.json=true;optimizer_groups.json=true;trainability_report.json=true;metrics_by_epoch.jsonl=true;completed=true;test_evaluation_completed=true;strict_checkpoint_load=true;finite_dataset=true;validation_selector=true;frozen_mode=true;seed=true;selected_epoch=true;finite_balanced_accuracy=true;finite_macro_f1=true;finite_cohen_kappa=true;finite_weighted_f1=true,29,0.403107347327,0.403077096466,0.26016038755,0.412826774458,,29805,,767278080,6961.133845090866,147.77044058442115
CBraMod,seedv,native_full_finetune,channel,3407,seedv_native_full_channel_s3407,/panfs/accrepfs.vampire/data/neurogroup/mingyangjiang/EEGxPlore/CBraMod/results/seedv/seedv_native_full_channel_s3407,,PRIMARY_CANDIDATE,RQ3,,,,,trainable,14995610,validation_kappa,18,0.38519024059184903,0.3833441141950308,0.23778118515098023,0.3937867249915951,UNREVIEWED,,complete_three_seed:native_full_finetune:channel,VERIFIED,all required checks passed,summary.json=true;test_metrics.json=true;resolved_config.json=true;provenance.json=true;dataset_audit.json=true;checkpoint_load_report.json=true;optimizer_groups.json=true;trainability_report.json=true;metrics_by_epoch.jsonl=true;completed=true;test_evaluation_completed=true;strict_checkpoint_load=true;finite_dataset=true;validation_selector=true;frozen_mode=true;seed=true;selected_epoch=true;finite_balanced_accuracy=true;finite_macro_f1=true;finite_cohen_kappa=true;finite_weighted_f1=true,18,0.385190240592,0.383344114195,0.237781185151,0.393786724992,,29805,,767278080,4239.717288970947,105.53439068198205
CBraMod,seedv,native_full_finetune,channel,42,seedv_native_full_channel_s42,/panfs/accrepfs.vampire/data/neurogroup/mingyangjiang/EEGxPlore/CBraMod/results/seedv/seedv_native_full_channel_s42,,PRIMARY_CANDIDATE,RQ3,,,,,trainable,14995610,validation_kappa,4,0.39765357730950784,0.39754644853589305,0.25425479008590235,0.40815404010215556,UNREVIEWED,,complete_three_seed:native_full_finetune:channel,VERIFIED,all required checks passed,summary.json=true;test_metrics.json=true;resolved_config.json=true;provenance.json=true;dataset_audit.json=true;checkpoint_load_report.json=true;optimizer_groups.json=true;trainability_report.json=true;metrics_by_epoch.jsonl=true;completed=true;test_evaluation_completed=true;strict_checkpoint_load=true;finite_dataset=true;validation_selector=true;frozen_mode=true;seed=true;selected_epoch=true;finite_balanced_accuracy=true;finite_macro_f1=true;finite_cohen_kappa=true;finite_weighted_f1=true,4,0.39765357731,0.397546448536,0.254254790086,0.408154040102,,29805,,767278080,7635.308076143265,178.88389871120452
CBraMod,tuev,full_finetune,none,1024,tuev_cbramod_dense_s1024_lr1e-4_b8_e20,/panfs/accrepfs.vampire/data/neurogroup/mingyangjiang/EEGxPlore/CBraMod/results/tuev/tuev_cbramod_dense_s1024_lr1e-4_b8_e20,,PRIMARY_CANDIDATE,RQ3,,,,,trainable,21086206,validation_kappa,12,0.6449209384201723,0.6015572180823171,0.6258049121735196,0.8053685026713142,UNREVIEWED,,complete_three_seed:full_finetune:none,VERIFIED,all required checks passed,summary.json=true;test_metrics.json=true;resolved_config.json=true;provenance.json=true;dataset_audit.json=true;checkpoint_load_report.json=true;optimizer_groups.json=true;trainability_report.json=true;metrics_by_epoch.jsonl=true;completed=true;test_evaluation_completed=true;strict_checkpoint_load=true;finite_dataset=true;validation_selector=true;frozen_mode=true;seed=true;selected_epoch=true;finite_balanced_accuracy=true;finite_macro_f1=true;finite_cohen_kappa=true;finite_weighted_f1=true,12,0.64492093842,0.601557218082,0.625804912174,0.805368502671,1.0,0,21086206,560153600,18339.60009741783,874.5037128925323
CBraMod,tuev,full_finetune,none,3407,tuev_cbramod_dense_s3407_lr1e-4_b8_e20,/panfs/accrepfs.vampire/data/neurogroup/mingyangjiang/EEGxPlore/CBraMod/results/tuev/tuev_cbramod_dense_s3407_lr1e-4_b8_e20,,PRIMARY_CANDIDATE,RQ3,,,,,trainable,21086206,validation_kappa,5,0.5967228432909115,0.5670986023891754,0.6688489562887722,0.8252821309519703,UNREVIEWED,,complete_three_seed:full_finetune:none,VERIFIED,all required checks passed,summary.json=true;test_metrics.json=true;resolved_config.json=true;provenance.json=true;dataset_audit.json=true;checkpoint_load_report.json=true;optimizer_groups.json=true;trainability_report.json=true;metrics_by_epoch.jsonl=true;completed=true;test_evaluation_completed=true;strict_checkpoint_load=true;finite_dataset=true;validation_selector=true;frozen_mode=true;seed=true;selected_epoch=true;finite_balanced_accuracy=true;finite_macro_f1=true;finite_cohen_kappa=true;finite_weighted_f1=true,5,0.596722843291,0.567098602389,0.668848956289,0.825282130952,1.0,0,21086206,560153600,18410.047376394272,878.1931935071946
CBraMod,tuev,full_finetune,none,42,tuev_cbramod_dense_s42_lr1e-4_b8_e20,/panfs/accrepfs.vampire/data/neurogroup/mingyangjiang/EEGxPlore/CBraMod/results/tuev/tuev_cbramod_dense_s42_lr1e-4_b8_e20,,PRIMARY_CANDIDATE,RQ3,,,,,trainable,21086206,validation_kappa,5,0.6187851311407706,0.5277150656834997,0.6326770201492334,0.8111272563143976,UNREVIEWED,,complete_three_seed:full_finetune:none,VERIFIED,all required checks passed,summary.json=true;test_metrics.json=true;resolved_config.json=true;provenance.json=true;dataset_audit.json=true;checkpoint_load_report.json=true;optimizer_groups.json=true;trainability_report.json=true;metrics_by_epoch.jsonl=true;completed=true;test_evaluation_completed=true;strict_checkpoint_load=true;finite_dataset=true;validation_selector=true;frozen_mode=true;seed=true;selected_epoch=true;finite_balanced_accuracy=true;finite_macro_f1=true;finite_cohen_kappa=true;finite_weighted_f1=true,5,0.618785131141,0.527715065683,0.632677020149,0.811127256314,1.0,0,21086206,560153600,20444.481753110886,1009.6886075258255
CBraMod,tuev,axis_blind,generic_token_control,1024,tuev_cbramod_frozen_axisblind_s1024_r148_lr1e-4_b8_e20,/panfs/accrepfs.vampire/data/neurogroup/mingyangjiang/EEGxPlore/CBraMod/results/tuev/tuev_cbramod_frozen_axisblind_s1024_r148_lr1e-4_b8_e20,,PRIMARY_CANDIDATE,RQ2,tuev_cbramod_frozen_axisblind_s1024_r148_lr1e-4_b8_e20,channel_patch,PAIR_ARTIFACT_UNVERIFIED,0.5671582037766064,frozen,16262355,validation_kappa,3,0.4631238468124301,0.48207995828534617,0.4634932475667418,0.7250984677993937,UNREVIEWED,,complete_three_seed:axis_blind:generic_token_control,VERIFIED,all required checks passed,summary.json=true;test_metrics.json=true;resolved_config.json=true;provenance.json=true;dataset_audit.json=true;checkpoint_load_report.json=true;optimizer_groups.json=true;trainability_report.json=true;metrics_by_epoch.jsonl=true;completed=true;test_evaluation_completed=true;strict_checkpoint_load=true;finite_dataset=true;validation_selector=true;frozen_mode=true;seed=true;selected_epoch=true;finite_balanced_accuracy=true;finite_macro_f1=true;finite_cohen_kappa=true;finite_weighted_f1=true,3,0.463123846812,0.482079958285,0.463493247567,0.725098467799,0.7690454836824945,59948,21146155,472705024,9630.246838569641,444.2574050068855
CBraMod,tuev,axis_blind,generic_token_control,3407,tuev_cbramod_frozen_axisblind_s3407_r148_lr1e-4_b8_e20,/panfs/accrepfs.vampire/data/neurogroup/mingyangjiang/EEGxPlore/CBraMod/results/tuev/tuev_cbramod_frozen_axisblind_s3407_r148_lr1e-4_b8_e20,,PRIMARY_CANDIDATE,RQ2,tuev_cbramod_frozen_axisblind_s3407_r148_lr1e-4_b8_e20,channel_patch,PAIR_ARTIFACT_UNVERIFIED,0.5671582037766064,frozen,16262355,validation_kappa,5,0.4624084200865434,0.4749475971827315,0.4646100399866223,0.725217672944055,UNREVIEWED,,complete_three_seed:axis_blind:generic_token_control,VERIFIED,all required checks passed,summary.json=true;test_metrics.json=true;resolved_config.json=true;provenance.json=true;dataset_audit.json=true;checkpoint_load_report.json=true;optimizer_groups.json=true;trainability_report.json=true;metrics_by_epoch.jsonl=true;completed=true;test_evaluation_completed=true;strict_checkpoint_load=true;finite_dataset=true;validation_selector=true;frozen_mode=true;seed=true;selected_epoch=true;finite_balanced_accuracy=true;finite_macro_f1=true;finite_cohen_kappa=true;finite_weighted_f1=true,5,0.462408420087,0.474947597183,0.464610039987,0.725217672944,0.7690454836824945,59948,21146155,472705024,11985.913676023483,555.8394511818885
CBraMod,tuev,axis_blind,generic_token_control,42,tuev_cbramod_frozen_axisblind_s42_r148_lr1e-4_b8_e20,/panfs/accrepfs.vampire/data/neurogroup/mingyangjiang/EEGxPlore/CBraMod/results/tuev/tuev_cbramod_frozen_axisblind_s42_r148_lr1e-4_b8_e20,,PRIMARY_CANDIDATE,RQ2,tuev_cbramod_frozen_axisblind_s42_r148_lr1e-4_b8_e20,channel_patch,PAIR_ARTIFACT_UNVERIFIED,0.5671582037766064,frozen,16262355,validation_kappa,13,0.4484764421640722,0.4719184890066499,0.44637853176665965,0.7155010797330563,UNREVIEWED,,complete_three_seed:axis_blind:generic_token_control,VERIFIED,all required checks passed,summary.json=true;test_metrics.json=true;resolved_config.json=true;provenance.json=true;dataset_audit.json=true;checkpoint_load_report.json=true;optimizer_groups.json=true;trainability_report.json=true;metrics_by_epoch.jsonl=true;completed=true;test_evaluation_completed=true;strict_checkpoint_load=true;finite_dataset=true;validation_selector=true;frozen_mode=true;seed=true;selected_epoch=true;finite_balanced_accuracy=true;finite_macro_f1=true;finite_cohen_kappa=true;finite_weighted_f1=true,13,0.448476442164,0.471918489007,0.446378531767,0.715501079733,0.7690454836824945,59948,21146155,472705024,8686.365610599518,432.62422275543213
CBraMod,tuev,interaction_aligned,channel_patch,1024,tuev_cbramod_frozen_channel_patch_s1024_r64_lr1e-4_b8_e20,/panfs/accrepfs.vampire/data/neurogroup/mingyangjiang/EEGxPlore/CBraMod/results/tuev/tuev_cbramod_frozen_channel_patch_s1024_r64_lr1e-4_b8_e20,,PRIMARY_CANDIDATE,RQ1;RQ2,tuev_cbramod_frozen_axisblind_s1024_r148_lr1e-4_b8_e20,channel_patch,PAIR_ARTIFACT_UNVERIFIED,0.5671582037766064,frozen,16262016,validation_kappa,3,0.4804948741238085,0.4964129906723327,0.47188591051178597,0.7290714805482992,UNREVIEWED,,complete_three_seed:interaction_aligned:channel_patch,VERIFIED,all required checks passed,summary.json=true;test_metrics.json=true;resolved_config.json=true;provenance.json=true;dataset_audit.json=true;checkpoint_load_report.json=true;optimizer_groups.json=true;trainability_report.json=true;metrics_by_epoch.jsonl=true;completed=true;test_evaluation_completed=true;strict_checkpoint_load=true;finite_dataset=true;validation_selector=true;frozen_mode=true;seed=true;selected_epoch=true;finite_balanced_accuracy=true;finite_macro_f1=true;finite_cohen_kappa=true;finite_weighted_f1=true,3,0.480494874124,0.496412990672,0.471885910512,0.729071480548,0.7690417811258737,59608,21145816,472701952,8068.621093273163,358.4701196551323
CBraMod,tuev,interaction_aligned,channel_patch,3407,tuev_cbramod_frozen_channel_patch_s3407_r64_lr1e-4_b8_e20,/panfs/accrepfs.vampire/data/neurogroup/mingyangjiang/EEGxPlore/CBraMod/results/tuev/tuev_cbramod_frozen_channel_patch_s3407_r64_lr1e-4_b8_e20,,PRIMARY_CANDIDATE,RQ1;RQ2,tuev_cbramod_frozen_axisblind_s3407_r148_lr1e-4_b8_e20,channel_patch,PAIR_ARTIFACT_UNVERIFIED,0.5671582037766064,frozen,16262016,validation_kappa,5,0.44131067030453225,0.45565671339450664,0.4475318069907215,0.7164435475602838,UNREVIEWED,,complete_three_seed:interaction_aligned:channel_patch,VERIFIED,all required checks passed,summary.json=true;test_metrics.json=true;resolved_config.json=true;provenance.json=true;dataset_audit.json=true;checkpoint_load_report.json=true;optimizer_groups.json=true;trainability_report.json=true;metrics_by_epoch.jsonl=true;completed=true;test_evaluation_completed=true;strict_checkpoint_load=true;finite_dataset=true;validation_selector=true;frozen_mode=true;seed=true;selected_epoch=true;finite_balanced_accuracy=true;finite_macro_f1=true;finite_cohen_kappa=true;finite_weighted_f1=true,5,0.441310670305,0.455656713395,0.447531806991,0.71644354756,0.7690417811258737,59608,21145816,472701952,9038.07327413559,398.26039212942123
CBraMod,tuev,interaction_aligned,channel_patch,42,tuev_cbramod_frozen_channel_patch_s42_r64_lr1e-4_b8_e20,/panfs/accrepfs.vampire/data/neurogroup/mingyangjiang/EEGxPlore/CBraMod/results/tuev/tuev_cbramod_frozen_channel_patch_s42_r64_lr1e-4_b8_e20,,PRIMARY_CANDIDATE,RQ1;RQ2,tuev_cbramod_frozen_axisblind_s42_r148_lr1e-4_b8_e20,channel_patch,PAIR_ARTIFACT_UNVERIFIED,0.5671582037766064,frozen,16262016,validation_kappa,13,0.44257555777800617,0.4638179195160819,0.4296084848679441,0.7066781414404987,UNREVIEWED,,complete_three_seed:interaction_aligned:channel_patch,VERIFIED,all required checks passed,summary.json=true;test_metrics.json=true;resolved_config.json=true;provenance.json=true;dataset_audit.json=true;checkpoint_load_report.json=true;optimizer_groups.json=true;trainability_report.json=true;metrics_by_epoch.jsonl=true;completed=true;test_evaluation_completed=true;strict_checkpoint_load=true;finite_dataset=true;validation_selector=true;frozen_mode=true;seed=true;selected_epoch=true;finite_balanced_accuracy=true;finite_macro_f1=true;finite_cohen_kappa=true;finite_weighted_f1=true,13,0.442575557778,0.463817919516,0.429608484868,0.70667814144,0.7690417811258737,59608,21145816,472701952,10106.67994427681,478.9320394396782
CBraMod,tuev,generic_bottleneck,none,1024,tuev_cbramod_frozen_generic_s1024_r64_lr1e-4_b8_e20,/panfs/accrepfs.vampire/data/neurogroup/mingyangjiang/EEGxPlore/CBraMod/results/tuev/tuev_cbramod_frozen_generic_s1024_r64_lr1e-4_b8_e20,,PRIMARY_CANDIDATE,CONTEXT,,,,,trainable,16228671,validation_kappa,5,0.470090624206543,0.4704185500707072,0.4350475564059423,0.7078262531208811,UNREVIEWED,,complete_three_seed:generic_bottleneck:none,VERIFIED,all required checks passed,summary.json=true;test_metrics.json=true;resolved_config.json=true;provenance.json=true;dataset_audit.json=true;checkpoint_load_report.json=true;optimizer_groups.json=true;trainability_report.json=true;metrics_by_epoch.jsonl=true;completed=true;test_evaluation_completed=true;strict_checkpoint_load=true;finite_dataset=true;validation_selector=true;frozen_mode=true;seed=true;selected_epoch=true;finite_balanced_accuracy=true;finite_macro_f1=true;finite_cohen_kappa=true;finite_weighted_f1=true,5,0.470090624207,0.470418550071,0.435047556406,0.707826253121,0.7686770061164323,26264,21112471,471890944,12756.107530593872,538.354790854454
CBraMod,tuev,generic_bottleneck,none,3407,tuev_cbramod_frozen_generic_s3407_r64_lr1e-4_b8_e20,/panfs/accrepfs.vampire/data/neurogroup/mingyangjiang/EEGxPlore/CBraMod/results/tuev/tuev_cbramod_frozen_generic_s3407_r64_lr1e-4_b8_e20,,PRIMARY_CANDIDATE,CONTEXT,,,,,trainable,16228671,validation_kappa,9,0.4663839073369296,0.48218022065964816,0.4498019458688898,0.7170099526665192,UNREVIEWED,,complete_three_seed:generic_bottleneck:none,VERIFIED,all required checks passed,summary.json=true;test_metrics.json=true;resolved_config.json=true;provenance.json=true;dataset_audit.json=true;checkpoint_load_report.json=true;optimizer_groups.json=true;trainability_report.json=true;metrics_by_epoch.jsonl=true;completed=true;test_evaluation_completed=true;strict_checkpoint_load=true;finite_dataset=true;validation_selector=true;frozen_mode=true;seed=true;selected_epoch=true;finite_balanced_accuracy=true;finite_macro_f1=true;finite_cohen_kappa=true;finite_weighted_f1=true,9,0.466383907337,0.48218022066,0.449801945869,0.717009952667,0.7686770061164323,26264,21112471,471890944,9291.838792562485,423.27883846759795
CBraMod,tuev,generic_bottleneck,none,42,tuev_cbramod_frozen_generic_s42_r64_lr1e-4_b8_e20,/panfs/accrepfs.vampire/data/neurogroup/mingyangjiang/EEGxPlore/CBraMod/results/tuev/tuev_cbramod_frozen_generic_s42_r64_lr1e-4_b8_e20,,PRIMARY_CANDIDATE,CONTEXT,,,,,trainable,16228671,validation_kappa,13,0.4469931134879503,0.4697045270602682,0.4388536472057195,0.7115076694982526,UNREVIEWED,,complete_three_seed:generic_bottleneck:none,VERIFIED,all required checks passed,summary.json=true;test_metrics.json=true;resolved_config.json=true;provenance.json=true;dataset_audit.json=true;checkpoint_load_report.json=true;optimizer_groups.json=true;trainability_report.json=true;metrics_by_epoch.jsonl=true;completed=true;test_evaluation_completed=true;strict_checkpoint_load=true;finite_dataset=true;validation_selector=true;frozen_mode=true;seed=true;selected_epoch=true;finite_balanced_accuracy=true;finite_macro_f1=true;finite_cohen_kappa=true;finite_weighted_f1=true,13,0.446993113488,0.46970452706,0.438853647206,0.711507669498,0.7686770061164323,26264,21112471,471890944,9479.404474496841,465.46214283704757
CBraMod,tuev,lora,none,1024,tuev_cbramod_frozen_lora_qkv_r8_s1024_lr1e-4_b8_e20,/panfs/accrepfs.vampire/data/neurogroup/mingyangjiang/EEGxPlore/CBraMod/results/tuev/tuev_cbramod_frozen_lora_qkv_r8_s1024_lr1e-4_b8_e20,,PRIMARY_CANDIDATE,CONTEXT,,,,,trainable,16279206,validation_kappa,3,0.5510944352881163,0.5203032753126721,0.5481454694624113,0.7650521159912209,UNREVIEWED,,complete_three_seed:lora:none,VERIFIED,all required checks passed,summary.json=true;test_metrics.json=true;resolved_config.json=true;provenance.json=true;dataset_audit.json=true;checkpoint_load_report.json=true;optimizer_groups.json=true;trainability_report.json=true;metrics_by_epoch.jsonl=true;completed=true;test_evaluation_completed=true;strict_checkpoint_load=true;finite_dataset=true;validation_selector=true;frozen_mode=true;seed=true;selected_epoch=true;finite_balanced_accuracy=true;finite_macro_f1=true;finite_cohen_kappa=true;finite_weighted_f1=true,3,0.551094435288,0.520303275313,0.548145469462,0.765052115991,0.7692293807410913,0,21163006,473332736,15815.096925020218,732.9127766370773
CBraMod,tuev,lora,none,3407,tuev_cbramod_frozen_lora_qkv_r8_s3407_lr1e-4_b8_e20_resub,/panfs/accrepfs.vampire/data/neurogroup/mingyangjiang/EEGxPlore/CBraMod/results/tuev/tuev_cbramod_frozen_lora_qkv_r8_s3407_lr1e-4_b8_e20_resub,,PRIMARY_CANDIDATE,CONTEXT,,,,,trainable,16279206,validation_kappa,5,0.5487286893225037,0.5287687307521074,0.5310620215897752,0.7577905390019238,UNREVIEWED,,complete_three_seed:lora:none,VERIFIED,all required checks passed,summary.json=true;test_metrics.json=true;resolved_config.json=true;provenance.json=true;dataset_audit.json=true;checkpoint_load_report.json=true;optimizer_groups.json=true;trainability_report.json=true;metrics_by_epoch.jsonl=true;completed=true;test_evaluation_completed=true;strict_checkpoint_load=true;finite_dataset=true;validation_selector=true;frozen_mode=true;seed=true;selected_epoch=true;finite_balanced_accuracy=true;finite_macro_f1=true;finite_cohen_kappa=true;finite_weighted_f1=true,5,0.548728689323,0.528768730752,0.53106202159,0.757790539002,0.7692293807410913,0,21163006,473332736,16526.810379981995,760.3436931371689
CBraMod,tuev,lora,none,42,tuev_cbramod_frozen_lora_qkv_r8_s42_lr1e-4_b8_e20,/panfs/accrepfs.vampire/data/neurogroup/mingyangjiang/EEGxPlore/CBraMod/results/tuev/tuev_cbramod_frozen_lora_qkv_r8_s42_lr1e-4_b8_e20,,PRIMARY_CANDIDATE,CONTEXT,,,,,trainable,16279206,validation_kappa,12,0.5653152861956737,0.5306642713326668,0.554942498936728,0.7695771453261946,UNREVIEWED,,complete_three_seed:lora:none,VERIFIED,all required checks passed,summary.json=true;test_metrics.json=true;resolved_config.json=true;provenance.json=true;dataset_audit.json=true;checkpoint_load_report.json=true;optimizer_groups.json=true;trainability_report.json=true;metrics_by_epoch.jsonl=true;completed=true;test_evaluation_completed=true;strict_checkpoint_load=true;finite_dataset=true;validation_selector=true;frozen_mode=true;seed=true;selected_epoch=true;finite_balanced_accuracy=true;finite_macro_f1=true;finite_cohen_kappa=true;finite_weighted_f1=true,12,0.565315286196,0.530664271333,0.554942498937,0.769577145326,0.7692293807410913,0,21163006,473332736,15297.18981385231,761.7816763997077
CBraMod,tuev,frozen_probe,none,1024,tuev_cbramod_frozen_probe_s1024_lr1e-4_b8_e20,/panfs/accrepfs.vampire/data/neurogroup/mingyangjiang/EEGxPlore/CBraMod/results/tuev/tuev_cbramod_frozen_probe_s1024_lr1e-4_b8_e20,,PRIMARY_CANDIDATE,RQ1,,,,,frozen,16202406,validation_kappa,12,0.43595292064528185,0.45910019787391104,0.44978759623596287,0.7184126934262124,UNREVIEWED,,complete_three_seed:frozen_probe:none,VERIFIED,all required checks passed,summary.json=true;test_metrics.json=true;resolved_config.json=true;provenance.json=true;dataset_audit.json=true;checkpoint_load_report.json=true;optimizer_groups.json=true;trainability_report.json=true;metrics_by_epoch.jsonl=true;completed=true;test_evaluation_completed=true;strict_checkpoint_load=true;finite_dataset=true;validation_selector=true;frozen_mode=true;seed=true;selected_epoch=true;finite_balanced_accuracy=true;finite_macro_f1=true;finite_cohen_kappa=true;finite_weighted_f1=true,12,0.435952920645,0.459100197874,0.449787596236,0.718412693426,0.7683888699560272,0,21086206,471251968,9193.968410730362,422.1819418787956
CBraMod,tuev,frozen_probe,none,3407,tuev_cbramod_frozen_probe_s3407_lr1e-4_b8_e20,/panfs/accrepfs.vampire/data/neurogroup/mingyangjiang/EEGxPlore/CBraMod/results/tuev/tuev_cbramod_frozen_probe_s3407_lr1e-4_b8_e20,,PRIMARY_CANDIDATE,RQ1,,,,,frozen,16202406,validation_kappa,8,0.4622634660888078,0.4920758607718871,0.4888135786192056,0.737567363919175,UNREVIEWED,,complete_three_seed:frozen_probe:none,VERIFIED,all required checks passed,summary.json=true;test_metrics.json=true;resolved_config.json=true;provenance.json=true;dataset_audit.json=true;checkpoint_load_report.json=true;optimizer_groups.json=true;trainability_report.json=true;metrics_by_epoch.jsonl=true;completed=true;test_evaluation_completed=true;strict_checkpoint_load=true;finite_dataset=true;validation_selector=true;frozen_mode=true;seed=true;selected_epoch=true;finite_balanced_accuracy=true;finite_macro_f1=true;finite_cohen_kappa=true;finite_weighted_f1=true,8,0.462263466089,0.492075860772,0.488813578619,0.737567363919,0.7683888699560272,0,21086206,471251968,9110.534160614014,420.2910777568817
CBraMod,tuev,frozen_probe,none,42,tuev_cbramod_frozen_probe_s42_lr1e-4_b8_e20,/panfs/accrepfs.vampire/data/neurogroup/mingyangjiang/EEGxPlore/CBraMod/results/tuev/tuev_cbramod_frozen_probe_s42_lr1e-4_b8_e20,,PRIMARY_CANDIDATE,RQ1,,,,,frozen,16202406,validation_kappa,5,0.498625760073093,0.49270968095199646,0.47123591970337864,0.7276106191897643,UNREVIEWED,,complete_three_seed:frozen_probe:none,VERIFIED,all required checks passed,summary.json=true;test_metrics.json=true;resolved_config.json=true;provenance.json=true;dataset_audit.json=true;checkpoint_load_report.json=true;optimizer_groups.json=true;trainability_report.json=true;metrics_by_epoch.jsonl=true;completed=true;test_evaluation_completed=true;strict_checkpoint_load=true;finite_dataset=true;validation_selector=true;frozen_mode=true;seed=true;selected_epoch=true;finite_balanced_accuracy=true;finite_macro_f1=true;finite_cohen_kappa=true;finite_weighted_f1=true,5,0.498625760073,0.492709680952,0.471235919703,0.72761061919,0.7683888699560272,0,21086206,471251968,8830.54250407219,439.8483021736145
CBraMod,tuev,native_full_finetune,channel_patch,1024,tuev_cbramod_full_channel_patch_s1024_r64_lr1e-4_b8_e20,/panfs/accrepfs.vampire/data/neurogroup/mingyangjiang/EEGxPlore/CBraMod/results/tuev/tuev_cbramod_full_channel_patch_s1024_r64_lr1e-4_b8_e20,,PRIMARY_CANDIDATE,RQ3,,,,,trainable,21145816,validation_kappa,13,0.6255575977854203,0.5274170275146298,0.5750233439124852,0.7790799522252536,UNREVIEWED,,complete_three_seed:native_full_finetune:channel_patch,VERIFIED,all required checks passed,summary.json=true;test_metrics.json=true;resolved_config.json=true;provenance.json=true;dataset_audit.json=true;checkpoint_load_report.json=true;optimizer_groups.json=true;trainability_report.json=true;metrics_by_epoch.jsonl=true;completed=true;test_evaluation_completed=true;strict_checkpoint_load=true;finite_dataset=true;validation_selector=true;frozen_mode=true;seed=true;selected_epoch=true;finite_balanced_accuracy=true;finite_macro_f1=true;finite_cohen_kappa=true;finite_weighted_f1=true,13,0.625557597785,0.527417027515,0.575023343912,0.779079952225,1.0,59608,21145816,571427840,16655.597826242447,782.3284481287003
CBraMod,tuev,native_full_finetune,channel_patch,3407,tuev_cbramod_full_channel_patch_s3407_r64_lr1e-4_b8_e20,/panfs/accrepfs.vampire/data/neurogroup/mingyangjiang/EEGxPlore/CBraMod/results/tuev/tuev_cbramod_full_channel_patch_s3407_r64_lr1e-4_b8_e20,,PRIMARY_CANDIDATE,RQ3,,,,,trainable,21145816,validation_kappa,3,0.6499741122331651,0.6392993336050192,0.6479007690870572,0.8134913312080638,UNREVIEWED,,complete_three_seed:native_full_finetune:channel_patch,VERIFIED,all required checks passed,summary.json=true;test_metrics.json=true;resolved_config.json=true;provenance.json=true;dataset_audit.json=true;checkpoint_load_report.json=true;optimizer_groups.json=true;trainability_report.json=true;metrics_by_epoch.jsonl=true;completed=true;test_evaluation_completed=true;strict_checkpoint_load=true;finite_dataset=true;validation_selector=true;frozen_mode=true;seed=true;selected_epoch=true;finite_balanced_accuracy=true;finite_macro_f1=true;finite_cohen_kappa=true;finite_weighted_f1=true,3,0.649974112233,0.639299333605,0.647900769087,0.813491331208,1.0,59608,21145816,571427840,16827.57442831993,795.1201564550399
CBraMod,tuev,native_full_finetune,channel_patch,42,tuev_cbramod_full_channel_patch_s42_r64_lr1e-4_b8_e20,/panfs/accrepfs.vampire/data/neurogroup/mingyangjiang/EEGxPlore/CBraMod/results/tuev/tuev_cbramod_full_channel_patch_s42_r64_lr1e-4_b8_e20,,PRIMARY_CANDIDATE,RQ3,,,,,trainable,21145816,validation_kappa,2,0.6231449034225783,0.6044132413580896,0.6321316862110228,0.8071421920319624,UNREVIEWED,,complete_three_seed:native_full_finetune:channel_patch,VERIFIED,all required checks passed,summary.json=true;test_metrics.json=true;resolved_config.json=true;provenance.json=true;dataset_audit.json=true;checkpoint_load_report.json=true;optimizer_groups.json=true;trainability_report.json=true;metrics_by_epoch.jsonl=true;completed=true;test_evaluation_completed=true;strict_checkpoint_load=true;finite_dataset=true;validation_selector=true;frozen_mode=true;seed=true;selected_epoch=true;finite_balanced_accuracy=true;finite_macro_f1=true;finite_cohen_kappa=true;finite_weighted_f1=true,2,0.623144903423,0.604413241358,0.632131686211,0.807142192032,1.0,59608,21145816,571427840,20727.719878673553,1022.687703871727
CBraMod,tuev,upper_k_finetune,none,1024,tuev_cbramod_upper2_s1024_lr1e-4_b8_e20,/panfs/accrepfs.vampire/data/neurogroup/mingyangjiang/EEGxPlore/CBraMod/results/tuev/tuev_cbramod_upper2_s1024_lr1e-4_b8_e20,,PRIMARY_CANDIDATE,RQ3,,,,,trainable,17007606,validation_kappa,5,0.559305063549036,0.5403012667584285,0.5873000330256613,0.7845457193996405,UNREVIEWED,,complete_three_seed:upper_k_finetune:none,VERIFIED,all required checks passed,summary.json=true;test_metrics.json=true;resolved_config.json=true;provenance.json=true;dataset_audit.json=true;checkpoint_load_report.json=true;optimizer_groups.json=true;trainability_report.json=true;metrics_by_epoch.jsonl=true;completed=true;test_evaluation_completed=true;strict_checkpoint_load=true;finite_dataset=true;validation_selector=true;frozen_mode=true;seed=true;selected_epoch=true;finite_balanced_accuracy=true;finite_macro_f1=true;finite_cohen_kappa=true;finite_weighted_f1=true,5,0.559305063549,0.540301266758,0.587300033026,0.7845457194,0.8065749713343405,0,21086206,480937984,10913.823330879211,509.4872102737427
CBraMod,tuev,upper_k_finetune,none,3407,tuev_cbramod_upper2_s3407_lr1e-4_b8_e20,/panfs/accrepfs.vampire/data/neurogroup/mingyangjiang/EEGxPlore/CBraMod/results/tuev/tuev_cbramod_upper2_s3407_lr1e-4_b8_e20,,PRIMARY_CANDIDATE,RQ3,,,,,trainable,17007606,validation_kappa,3,0.5864484905521598,0.5114654896992662,0.5784001052910468,0.77960981233308,UNREVIEWED,,complete_three_seed:upper_k_finetune:none,VERIFIED,all required checks passed,summary.json=true;test_metrics.json=true;resolved_config.json=true;provenance.json=true;dataset_audit.json=true;checkpoint_load_report.json=true;optimizer_groups.json=true;trainability_report.json=true;metrics_by_epoch.jsonl=true;completed=true;test_evaluation_completed=true;strict_checkpoint_load=true;finite_dataset=true;validation_selector=true;frozen_mode=true;seed=true;selected_epoch=true;finite_balanced_accuracy=true;finite_macro_f1=true;finite_cohen_kappa=true;finite_weighted_f1=true,3,0.586448490552,0.511465489699,0.578400105291,0.779609812333,0.8065749713343405,0,21086206,480937984,14334.686820745468,673.4506188392639
CBraMod,tuev,upper_k_finetune,none,42,tuev_cbramod_upper2_s42_lr1e-4_b8_e20,/panfs/accrepfs.vampire/data/neurogroup/mingyangjiang/EEGxPlore/CBraMod/results/tuev/tuev_cbramod_upper2_s42_lr1e-4_b8_e20,,PRIMARY_CANDIDATE,RQ3,,,,,trainable,17007606,validation_kappa,9,0.524402037858733,0.5007928748295982,0.5261791368031639,0.7554505800208469,UNREVIEWED,,complete_three_seed:upper_k_finetune:none,VERIFIED,all required checks passed,summary.json=true;test_metrics.json=true;resolved_config.json=true;provenance.json=true;dataset_audit.json=true;checkpoint_load_report.json=true;optimizer_groups.json=true;trainability_report.json=true;metrics_by_epoch.jsonl=true;completed=true;test_evaluation_completed=true;strict_checkpoint_load=true;finite_dataset=true;validation_selector=true;frozen_mode=true;seed=true;selected_epoch=true;finite_balanced_accuracy=true;finite_macro_f1=true;finite_cohen_kappa=true;finite_weighted_f1=true,9,0.524402037859,0.50079287483,0.526179136803,0.755450580021,0.8065749713343405,0,21086206,480937984,10734.280365943909,521.4182587385178
LaBraM,TUEV,axis_blind,generic_token_control,1024,tuev_labram_axis_blind_b213_s1024_b64_lr5e-4_e15_scale100,/panfs/accrepfs.vampire/data/neurogroup/mingyangjiang/EEGxPlore/LaBraM/checkpoints/tuev_labram_axis_blind_b213_s1024_b64_lr5e-4_e15_scale100,,PRIMARY_CANDIDATE,RQ2,tuev_labram_axis_blind_b213_s1024_b64_lr5e-4_e15_scale100,channel_patch,PAIR_ARTIFACT_UNVERIFIED,0.23717069314297673,frozen,87220,validation_kappa,5,0.4297489266835283,,0.5260672304345931,0.751857384315639,UNREVIEWED,,complete_three_seed:axis_blind:generic_token_control,VERIFIED,all required checks passed,run_config.json=true;final_test.json=true;checkpoint-best.pth=true;log.txt=true;strict_checkpoint_load=true;validation_selector=true;frozen_mode=true;frozen_eval_mode=true;seed=true;primary_checkpoint=true;epoch_log=true;finite_balanced_accuracy=true;finite_macro_f1=true;finite_cohen_kappa=true;finite_weighted_f1=true,,0.429748926684,0.432212488131,0.526067230435,0.751857384316,0.014765142481424225,86014,5907156,,,
LaBraM,TUEV,axis_blind,generic_token_control,3407,tuev_labram_axis_blind_b213_s3407_b64_lr5e-4_e15_scale100,/panfs/accrepfs.vampire/data/neurogroup/mingyangjiang/EEGxPlore/LaBraM/checkpoints/tuev_labram_axis_blind_b213_s3407_b64_lr5e-4_e15_scale100,,PRIMARY_CANDIDATE,RQ2,tuev_labram_axis_blind_b213_s3407_b64_lr5e-4_e15_scale100,channel_patch,PAIR_ARTIFACT_UNVERIFIED,0.23717069314297673,frozen,87220,validation_kappa,5,0.43082288210020714,,0.5260089006630086,0.7517128976491558,UNREVIEWED,,complete_three_seed:axis_blind:generic_token_control,VERIFIED,all required checks passed,run_config.json=true;final_test.json=true;checkpoint-best.pth=true;log.txt=true;strict_checkpoint_load=true;validation_selector=true;frozen_mode=true;frozen_eval_mode=true;seed=true;primary_checkpoint=true;epoch_log=true;finite_balanced_accuracy=true;finite_macro_f1=true;finite_cohen_kappa=true;finite_weighted_f1=true,,0.4308228821,0.432506195014,0.526008900663,0.751712897649,0.014765142481424225,86014,5907156,,,
LaBraM,TUEV,axis_blind,generic_token_control,42,tuev_labram_axis_blind_b213_s42_b64_lr5e-4_e15_scale100,/panfs/accrepfs.vampire/data/neurogroup/mingyangjiang/EEGxPlore/LaBraM/checkpoints/tuev_labram_axis_blind_b213_s42_b64_lr5e-4_e15_scale100,,PRIMARY_CANDIDATE,RQ2,tuev_labram_axis_blind_b213_s42_b64_lr5e-4_e15_scale100,channel_patch,PAIR_ARTIFACT_UNVERIFIED,0.23717069314297673,frozen,87220,validation_kappa,5,0.4316529581471065,,0.5286269743140721,0.7532389595752711,UNREVIEWED,,complete_three_seed:axis_blind:generic_token_control,VERIFIED,all required checks passed,run_config.json=true;final_test.json=true;checkpoint-best.pth=true;log.txt=true;strict_checkpoint_load=true;validation_selector=true;frozen_mode=true;frozen_eval_mode=true;seed=true;primary_checkpoint=true;epoch_log=true;finite_balanced_accuracy=true;finite_macro_f1=true;finite_cohen_kappa=true;finite_weighted_f1=true,,0.431652958147,0.434007536791,0.528626974314,0.753238959575,0.014765142481424225,86014,5907156,,,
LaBraM,TUEV,frozen_native_channel_patch,channel_patch,1024,tuev_labram_frozen_channel_patch_lr5e-4_s1024_b64_e15_scale100,/panfs/accrepfs.vampire/data/neurogroup/mingyangjiang/EEGxPlore/LaBraM/checkpoints/tuev_labram_frozen_channel_patch_lr5e-4_s1024_b64_e15_scale100,,PRIMARY_CANDIDATE,RQ1;RQ2,tuev_labram_axis_blind_b213_s1024_b64_lr5e-4_e15_scale100,channel_patch,PAIR_ARTIFACT_UNVERIFIED,0.23717069314297673,frozen,87016,validation_kappa,3,0.3806402643698943,,0.45672501143136013,0.7089334400412954,UNREVIEWED,,complete_three_seed:frozen_native_channel_patch:channel_patch,VERIFIED,all required checks passed,run_config.json=true;final_test.json=true;checkpoint-best.pth=true;log.txt=true;strict_checkpoint_load=true;validation_selector=true;frozen_mode=true;frozen_eval_mode=true;seed=true;primary_checkpoint=true;epoch_log=true;finite_balanced_accuracy=true;finite_macro_f1=true;finite_cohen_kappa=true;finite_weighted_f1=true,,0.38064026437,0.344826537568,0.456725011431,0.708933440041,0.014731116826410644,85810,5906952,,,
LaBraM,TUEV,frozen_native_channel_patch,channel_patch,3407,tuev_labram_frozen_channel_patch_lr5e-4_s3407_b64_e15_scale100,/panfs/accrepfs.vampire/data/neurogroup/mingyangjiang/EEGxPlore/LaBraM/checkpoints/tuev_labram_frozen_channel_patch_lr5e-4_s3407_b64_e15_scale100,,PRIMARY_CANDIDATE,RQ1;RQ2,tuev_labram_axis_blind_b213_s3407_b64_lr5e-4_e15_scale100,channel_patch,PAIR_ARTIFACT_UNVERIFIED,0.23717069314297673,frozen,87016,validation_kappa,11,0.3815180323887642,,0.41657264005542294,0.6896527708113209,UNREVIEWED,,complete_three_seed:frozen_native_channel_patch:channel_patch,VERIFIED,all required checks passed,run_config.json=true;final_test.json=true;checkpoint-best.pth=true;log.txt=true;strict_checkpoint_load=true;validation_selector=true;frozen_mode=true;frozen_eval_mode=true;seed=true;primary_checkpoint=true;epoch_log=true;finite_balanced_accuracy=true;finite_macro_f1=true;finite_cohen_kappa=true;finite_weighted_f1=true,,0.381518032389,0.362165342745,0.416572640055,0.689652770811,0.014731116826410644,85810,5906952,,,
LaBraM,TUEV,frozen_native_channel_patch,channel_patch,42,tuev_labram_frozen_channel_patch_lr5e-4_s42_b64_e15_scale100,/panfs/accrepfs.vampire/data/neurogroup/mingyangjiang/EEGxPlore/LaBraM/checkpoints/tuev_labram_frozen_channel_patch_lr5e-4_s42_b64_e15_scale100,,PRIMARY_CANDIDATE,RQ1;RQ2,tuev_labram_axis_blind_b213_s42_b64_lr5e-4_e15_scale100,channel_patch,PAIR_ARTIFACT_UNVERIFIED,0.23717069314297673,frozen,87016,validation_kappa,5,0.41266905925860636,,0.5104404149071955,0.7408350916780715,UNREVIEWED,,complete_three_seed:frozen_native_channel_patch:channel_patch,VERIFIED,all required checks passed,run_config.json=true;final_test.json=true;checkpoint-best.pth=true;log.txt=true;strict_checkpoint_load=true;validation_selector=true;frozen_mode=true;frozen_eval_mode=true;seed=true;primary_checkpoint=true;epoch_log=true;finite_balanced_accuracy=true;finite_macro_f1=true;finite_cohen_kappa=true;finite_weighted_f1=true,,0.412669059259,0.395883693802,0.510440414907,0.740835091678,0.014731116826410644,85810,5906952,,,
LaBraM,TUEV,frozen_probe,none,1024,tuev_labram_frozen_dense_lr5e-4_s1024_b64_e15_scale100,/panfs/accrepfs.vampire/data/neurogroup/mingyangjiang/EEGxPlore/LaBraM/checkpoints/tuev_labram_frozen_dense_lr5e-4_s1024_b64_e15_scale100,,PRIMARY_CANDIDATE,RQ1,,,,,frozen,1206,validation_kappa,8,0.3657863675540372,,0.44681521755643017,0.7084236754238097,UNREVIEWED,,complete_three_seed:frozen_probe:none,VERIFIED,all required checks passed,run_config.json=true;final_test.json=true;checkpoint-best.pth=true;log.txt=true;strict_checkpoint_load=true;validation_selector=true;frozen_mode=true;frozen_eval_mode=true;seed=true;primary_checkpoint=true;epoch_log=true;finite_balanced_accuracy=true;finite_macro_f1=true;finite_cohen_kappa=true;finite_weighted_f1=true,,0.365786367554,0.348329827939,0.446815217556,0.708423675424,0.0002071758428157224,0,5821142,,,
LaBraM,TUEV,frozen_probe,none,3407,tuev_labram_frozen_dense_lr5e-4_s3407_b64_e15_scale100,/panfs/accrepfs.vampire/data/neurogroup/mingyangjiang/EEGxPlore/LaBraM/checkpoints/tuev_labram_frozen_dense_lr5e-4_s3407_b64_e15_scale100,,PRIMARY_CANDIDATE,RQ1,,,,,frozen,1206,validation_kappa,8,0.3657863675540372,,0.44681521755643017,0.7084236754238097,UNREVIEWED,,complete_three_seed:frozen_probe:none,VERIFIED,all required checks passed,run_config.json=true;final_test.json=true;checkpoint-best.pth=true;log.txt=true;strict_checkpoint_load=true;validation_selector=true;frozen_mode=true;frozen_eval_mode=true;seed=true;primary_checkpoint=true;epoch_log=true;finite_balanced_accuracy=true;finite_macro_f1=true;finite_cohen_kappa=true;finite_weighted_f1=true,,0.365786367554,0.348329827939,0.446815217556,0.708423675424,0.0002071758428157224,0,5821142,,,
LaBraM,TUEV,frozen_probe,none,42,tuev_labram_frozen_dense_lr5e-4_s42_b64_e15_scale100,/panfs/accrepfs.vampire/data/neurogroup/mingyangjiang/EEGxPlore/LaBraM/checkpoints/tuev_labram_frozen_dense_lr5e-4_s42_b64_e15_scale100,,PRIMARY_CANDIDATE,RQ1,,,,,frozen,1206,validation_kappa,8,0.3657863675540372,,0.44681521755643017,0.7084236754238097,UNREVIEWED,,complete_three_seed:frozen_probe:none,VERIFIED,all required checks passed,run_config.json=true;final_test.json=true;checkpoint-best.pth=true;log.txt=true;strict_checkpoint_load=true;validation_selector=true;frozen_mode=true;frozen_eval_mode=true;seed=true;primary_checkpoint=true;epoch_log=true;finite_balanced_accuracy=true;finite_macro_f1=true;finite_cohen_kappa=true;finite_weighted_f1=true,,0.365786367554,0.348329827939,0.446815217556,0.708423675424,0.0002071758428157224,0,5821142,,,
LaBraM,TUEV,frozen_native_generic,generic,1024,tuev_labram_generic_lr5e-4_s1024_b64_e15_scale100,/panfs/accrepfs.vampire/data/neurogroup/mingyangjiang/EEGxPlore/LaBraM/checkpoints/tuev_labram_generic_lr5e-4_s1024_b64_e15_scale100,,PRIMARY_CANDIDATE,CONTEXT,,,,,frozen,27471,validation_kappa,5,0.4222147152804263,,0.5301822109375504,0.7531304659998824,UNREVIEWED,,complete_three_seed:frozen_native_generic:generic,VERIFIED,all required checks passed,run_config.json=true;final_test.json=true;checkpoint-best.pth=true;log.txt=true;strict_checkpoint_load=true;validation_selector=true;frozen_mode=true;frozen_eval_mode=true;seed=true;primary_checkpoint=true;epoch_log=true;finite_balanced_accuracy=true;finite_macro_f1=true;finite_cohen_kappa=true;finite_weighted_f1=true,,0.42221471528,0.418823527329,0.530182210938,0.753130466,0.0046979798054077645,26265,5847407,,,
LaBraM,TUEV,frozen_native_generic,generic,3407,tuev_labram_generic_lr5e-4_s3407_b64_e15_scale100,/panfs/accrepfs.vampire/data/neurogroup/mingyangjiang/EEGxPlore/LaBraM/checkpoints/tuev_labram_generic_lr5e-4_s3407_b64_e15_scale100,,PRIMARY_CANDIDATE,CONTEXT,,,,,frozen,27471,validation_kappa,8,0.4424056685285543,,0.5039280129410464,0.7398735643764255,UNREVIEWED,,complete_three_seed:frozen_native_generic:generic,VERIFIED,all required checks passed,run_config.json=true;final_test.json=true;checkpoint-best.pth=true;log.txt=true;strict_checkpoint_load=true;validation_selector=true;frozen_mode=true;frozen_eval_mode=true;seed=true;primary_checkpoint=true;epoch_log=true;finite_balanced_accuracy=true;finite_macro_f1=true;finite_cohen_kappa=true;finite_weighted_f1=true,,0.442405668529,0.437522710812,0.503928012941,0.739873564376,0.0046979798054077645,26265,5847407,,,
LaBraM,TUEV,frozen_native_generic,generic,42,tuev_labram_generic_lr5e-4_s42_b64_e15_scale100,/panfs/accrepfs.vampire/data/neurogroup/mingyangjiang/EEGxPlore/LaBraM/checkpoints/tuev_labram_generic_lr5e-4_s42_b64_e15_scale100,,PRIMARY_CANDIDATE,CONTEXT,,,,,frozen,27471,validation_kappa,8,0.44534336746787995,,0.5114098197426435,0.7442085989247073,UNREVIEWED,,complete_three_seed:frozen_native_generic:generic,VERIFIED,all required checks passed,run_config.json=true;final_test.json=true;checkpoint-best.pth=true;log.txt=true;strict_checkpoint_load=true;validation_selector=true;frozen_mode=true;frozen_eval_mode=true;seed=true;primary_checkpoint=true;epoch_log=true;finite_balanced_accuracy=true;finite_macro_f1=true;finite_cohen_kappa=true;finite_weighted_f1=true,,0.445343367468,0.440924385066,0.511409819743,0.744208598925,0.0046979798054077645,26265,5847407,,,
LaBraM,TUEV,lora,qkv,1024,tuev_labram_lora_lr5e-4_s1024_b64_e15_scale100,/panfs/accrepfs.vampire/data/neurogroup/mingyangjiang/EEGxPlore/LaBraM/checkpoints/tuev_labram_lora_lr5e-4_s1024_b64_e15_scale100,,PRIMARY_CANDIDATE,CONTEXT,,,,,trainable,78006,validation_kappa,6,0.5544674620001503,,0.5778734723674348,0.7815878179803782,UNREVIEWED,,complete_three_seed:lora:qkv,VERIFIED,all required checks passed,run_config.json=true;final_test.json=true;checkpoint-best.pth=true;log.txt=true;strict_checkpoint_load=true;validation_selector=true;frozen_mode=true;frozen_eval_mode=true;seed=true;primary_checkpoint=true;epoch_log=true;finite_balanced_accuracy=true;finite_macro_f1=true;finite_cohen_kappa=true;finite_weighted_f1=true,,0.554467462,0.540510599441,0.577873472367,0.78158781798,0.013225969329640746,0,5897942,,,
LaBraM,TUEV,lora,qkv,3407,tuev_labram_lora_lr5e-4_s3407_b64_e15_scale100,/panfs/accrepfs.vampire/data/neurogroup/mingyangjiang/EEGxPlore/LaBraM/checkpoints/tuev_labram_lora_lr5e-4_s3407_b64_e15_scale100,,PRIMARY_CANDIDATE,CONTEXT,,,,,trainable,78006,validation_kappa,8,0.5977283322538559,,0.5649072383034774,0.7761774282002611,UNREVIEWED,,complete_three_seed:lora:qkv,VERIFIED,all required checks passed,run_config.json=true;final_test.json=true;checkpoint-best.pth=true;log.txt=true;strict_checkpoint_load=true;validation_selector=true;frozen_mode=true;frozen_eval_mode=true;seed=true;primary_checkpoint=true;epoch_log=true;finite_balanced_accuracy=true;finite_macro_f1=true;finite_cohen_kappa=true;finite_weighted_f1=true,,0.597728332254,0.544622793274,0.564907238303,0.7761774282,0.013225969329640746,0,5897942,,,
LaBraM,TUEV,lora,qkv,42,tuev_labram_lora_lr5e-4_s42_b64_e15_scale100,/panfs/accrepfs.vampire/data/neurogroup/mingyangjiang/EEGxPlore/LaBraM/checkpoints/tuev_labram_lora_lr5e-4_s42_b64_e15_scale100,,PRIMARY_CANDIDATE,CONTEXT,,,,,trainable,78006,validation_kappa,5,0.5628134503483032,,0.6010881595771316,0.7906025463508185,UNREVIEWED,,complete_three_seed:lora:qkv,VERIFIED,all required checks passed,run_config.json=true;final_test.json=true;checkpoint-best.pth=true;log.txt=true;strict_checkpoint_load=true;validation_selector=true;frozen_mode=true;frozen_eval_mode=true;seed=true;primary_checkpoint=true;epoch_log=true;finite_balanced_accuracy=true;finite_macro_f1=true;finite_cohen_kappa=true;finite_weighted_f1=true,,0.562813450348,0.536147180922,0.601088159577,0.790602546351,0.013225969329640746,0,5897942,,,
LaBraM,TUEV,upper2,upper,1024,tuev_labram_upper2_lr5e-4_s1024_b64_e15_scale100,/panfs/accrepfs.vampire/data/neurogroup/mingyangjiang/EEGxPlore/LaBraM/checkpoints/tuev_labram_upper2_lr5e-4_s1024_b64_e15_scale100,,PRIMARY_CANDIDATE,RQ3,,,,,trainable,966566,validation_kappa,4,0.5593111373142944,,0.5188681160984254,0.7525803704245614,UNREVIEWED,,complete_three_seed:upper2:upper,VERIFIED,all required checks passed,run_config.json=true;final_test.json=true;checkpoint-best.pth=true;log.txt=true;strict_checkpoint_load=true;validation_selector=true;frozen_mode=true;frozen_eval_mode=true;seed=true;primary_checkpoint=true;epoch_log=true;finite_balanced_accuracy=true;finite_macro_f1=true;finite_cohen_kappa=true;finite_weighted_f1=true,,0.559311137314,0.535593646717,0.518868116098,0.752580370425,0.1660440511501008,0,5821142,,,
LaBraM,TUEV,upper2,upper,3407,tuev_labram_upper2_lr5e-4_s3407_b64_e15_scale100,/panfs/accrepfs.vampire/data/neurogroup/mingyangjiang/EEGxPlore/LaBraM/checkpoints/tuev_labram_upper2_lr5e-4_s3407_b64_e15_scale100,,PRIMARY_CANDIDATE,RQ3,,,,,trainable,966566,validation_kappa,1,0.5191840344640534,,0.5696205532498113,0.7740174522623927,UNREVIEWED,,complete_three_seed:upper2:upper,VERIFIED,all required checks passed,run_config.json=true;final_test.json=true;checkpoint-best.pth=true;log.txt=true;strict_checkpoint_load=true;validation_selector=true;frozen_mode=true;frozen_eval_mode=true;seed=true;primary_checkpoint=true;epoch_log=true;finite_balanced_accuracy=true;finite_macro_f1=true;finite_cohen_kappa=true;finite_weighted_f1=true,,0.519184034464,0.506068459148,0.56962055325,0.774017452262,0.1660440511501008,0,5821142,,,
LaBraM,TUEV,upper2,upper,42,tuev_labram_upper2_lr5e-4_s42_b64_e15_scale100,/panfs/accrepfs.vampire/data/neurogroup/mingyangjiang/EEGxPlore/LaBraM/checkpoints/tuev_labram_upper2_lr5e-4_s42_b64_e15_scale100,,PRIMARY_CANDIDATE,RQ3,,,,,trainable,966566,validation_kappa,1,0.5452374561737329,,0.6028601446418473,0.7920364656582201,UNREVIEWED,,complete_three_seed:upper2:upper,VERIFIED,all required checks passed,run_config.json=true;final_test.json=true;checkpoint-best.pth=true;log.txt=true;strict_checkpoint_load=true;validation_selector=true;frozen_mode=true;frozen_eval_mode=true;seed=true;primary_checkpoint=true;epoch_log=true;finite_balanced_accuracy=true;finite_macro_f1=true;finite_cohen_kappa=true;finite_weighted_f1=true,,0.545237456174,0.53390459396,0.602860144642,0.792036465658,0.1660440511501008,0,5821142,,,
