backbone,dataset,artifact_name,artifact_dir,registry_member,registry_contract_valid,classification,complete_test_contract,audit_or_smoke_name,operator_audit_name,method,axis,seed,selected_epoch,balanced_accuracy,cohen_kappa,macro_f1,weighted_f1,macro_f1_reconstructed,metric_source,config_present,local_log_present,checkpoint_best_present,summary_present,final_test_present
CBraMod,FACED,audit_seed42_gate,/panfs/accrepfs.vampire/data/neurogroup/mingyangjiang/EEGxPlore/CBraMod/results/faced/audit_seed42_gate,False,,audit_or_smoke,False,True,False,full_finetune,none,42.0,,,,,,False,CBraMod/test_metrics.json,True,False,False,True,False
CBraMod,FACED,audit_seed42_gate_retry,/panfs/accrepfs.vampire/data/neurogroup/mingyangjiang/EEGxPlore/CBraMod/results/faced/audit_seed42_gate_retry,False,,audit_or_smoke,False,True,False,full_finetune,none,42.0,,,,,,False,CBraMod/test_metrics.json,True,False,False,True,False
CBraMod,FACED,faced_audit_gate_20260731,/panfs/accrepfs.vampire/data/neurogroup/mingyangjiang/EEGxPlore/CBraMod/results/faced/faced_audit_gate_20260731,False,,audit_or_smoke,False,True,False,full_finetune,none,42.0,,,,,,False,CBraMod/test_metrics.json,True,False,False,True,False
CBraMod,FACED,faced_axis_blind_s1024_lr1e-4_b64_e50,/panfs/accrepfs.vampire/data/neurogroup/mingyangjiang/EEGxPlore/CBraMod/results/faced/faced_axis_blind_s1024_lr1e-4_b64_e50,True,True,registry_complete,True,False,False,axis_blind,generic_token_control,1024.0,41.0,0.3813741277509394,0.30253887522407974,0.3834435372789763,0.3823262491061035,False,CBraMod/test_metrics.json,True,False,False,True,False
CBraMod,FACED,faced_axis_blind_s3407_lr1e-4_b64_e50,/panfs/accrepfs.vampire/data/neurogroup/mingyangjiang/EEGxPlore/CBraMod/results/faced/faced_axis_blind_s3407_lr1e-4_b64_e50,True,True,registry_complete,True,False,False,axis_blind,generic_token_control,3407.0,41.0,0.418545356951154,0.3422251815476809,0.41681303217201443,0.4147757057259706,False,CBraMod/test_metrics.json,True,False,False,True,False
CBraMod,FACED,faced_axis_blind_s42_lr1e-4_b64_e50,/panfs/accrepfs.vampire/data/neurogroup/mingyangjiang/EEGxPlore/CBraMod/results/faced/faced_axis_blind_s42_lr1e-4_b64_e50,True,True,registry_complete,True,False,False,axis_blind,generic_token_control,42.0,35.0,0.42793880837359094,0.354115440716816,0.42895590983377346,0.42716604128412744,False,CBraMod/test_metrics.json,True,False,False,True,False
CBraMod,FACED,faced_cbramod_original_s1024_lr1e-4_b64_e50,/panfs/accrepfs.vampire/data/neurogroup/mingyangjiang/EEGxPlore/CBraMod/results/faced/faced_cbramod_original_s1024_lr1e-4_b64_e50,True,True,registry_complete,True,False,False,full_finetune,none,1024.0,18.0,0.5619967793880838,0.505205399428345,0.5675525451894428,0.5641155910561543,False,CBraMod/test_metrics.json,True,False,False,True,False
CBraMod,FACED,faced_cbramod_original_s3407_lr1e-4_b64_e50,/panfs/accrepfs.vampire/data/neurogroup/mingyangjiang/EEGxPlore/CBraMod/results/faced/faced_cbramod_original_s3407_lr1e-4_b64_e50,True,True,registry_complete,True,False,False,full_finetune,none,3407.0,27.0,0.5701825013419217,0.5139172891541126,0.5772939497719034,0.5732697153020277,False,CBraMod/test_metrics.json,True,False,False,True,False
CBraMod,FACED,faced_cbramod_original_s42_lr1e-4_b64_e50_r1,/panfs/accrepfs.vampire/data/neurogroup/mingyangjiang/EEGxPlore/CBraMod/results/faced/faced_cbramod_original_s42_lr1e-4_b64_e50_r1,False,,empty_or_unresolved,False,False,False,full_finetune,none,42.0,,,,,,False,CBraMod/test_metrics.json,True,False,False,False,False
CBraMod,FACED,faced_cbramod_original_s42_lr1e-4_b64_e50_r3,/panfs/accrepfs.vampire/data/neurogroup/mingyangjiang/EEGxPlore/CBraMod/results/faced/faced_cbramod_original_s42_lr1e-4_b64_e50_r3,True,True,registry_complete,True,False,False,full_finetune,none,42.0,25.0,0.5831991411701556,0.5271355002814669,0.5909614301650772,0.5864019244151826,False,CBraMod/test_metrics.json,True,False,False,True,False
CBraMod,FACED,faced_cbramod_original_s42_lr2e-4_b64_e50,/panfs/accrepfs.vampire/data/neurogroup/mingyangjiang/EEGxPlore/CBraMod/results/faced/faced_cbramod_original_s42_lr2e-4_b64_e50,True,True,registry_complete,True,False,False,full_finetune,none,42.0,31.0,0.5848094471282876,0.528552650795969,0.5927267446605214,0.5872346821856176,False,CBraMod/test_metrics.json,True,False,False,True,False
CBraMod,FACED,faced_cbramod_original_s42_lr5e-4_b64_e50,/panfs/accrepfs.vampire/data/neurogroup/mingyangjiang/EEGxPlore/CBraMod/results/faced/faced_cbramod_original_s42_lr5e-4_b64_e50,True,True,registry_complete,True,False,False,full_finetune,none,42.0,22.0,0.5888352120236178,0.5342683028633441,0.6000339487659958,0.5950543813317124,False,CBraMod/test_metrics.json,True,False,False,True,False
CBraMod,FACED,faced_cbramod_original_s42_lr5e-5_b64_e50,/panfs/accrepfs.vampire/data/neurogroup/mingyangjiang/EEGxPlore/CBraMod/results/faced/faced_cbramod_original_s42_lr5e-5_b64_e50,True,True,registry_complete,True,False,False,full_finetune,none,42.0,30.0,0.548443370907139,0.4896975010960105,0.5570619401629309,0.5529340666385933,False,CBraMod/test_metrics.json,True,False,False,True,False
CBraMod,FACED,faced_dense_original_head_smoke_20260731,/panfs/accrepfs.vampire/data/neurogroup/mingyangjiang/EEGxPlore/CBraMod/results/faced/faced_dense_original_head_smoke_20260731,False,,audit_or_smoke,False,True,False,full_finetune,none,42.0,,,,,,False,CBraMod/test_metrics.json,True,False,False,True,False
CBraMod,FACED,faced_dense_seed42_smoke_20260731,/panfs/accrepfs.vampire/data/neurogroup/mingyangjiang/EEGxPlore/CBraMod/results/faced/faced_dense_seed42_smoke_20260731,False,,audit_or_smoke,False,True,False,full_finetune,none,42.0,,,,,,False,CBraMod/test_metrics.json,True,False,False,True,False
CBraMod,FACED,faced_env_audit_20260801,/panfs/accrepfs.vampire/data/neurogroup/mingyangjiang/EEGxPlore/CBraMod/results/faced/faced_env_audit_20260801,False,,audit_or_smoke,False,True,False,full_finetune,none,42.0,,,,,,False,CBraMod/test_metrics.json,True,False,False,True,False
CBraMod,FACED,faced_env_audit_20260801_r1,/panfs/accrepfs.vampire/data/neurogroup/mingyangjiang/EEGxPlore/CBraMod/results/faced/faced_env_audit_20260801_r1,False,,audit_or_smoke,False,True,False,full_finetune,none,42.0,,,,,,False,CBraMod/test_metrics.json,True,False,False,True,False
CBraMod,FACED,faced_evalmode_frozen_axis_blind_s1024_20260804,/panfs/accrepfs.vampire/data/neurogroup/mingyangjiang/EEGxPlore/CBraMod/results/faced/faced_evalmode_frozen_axis_blind_s1024_20260804,True,True,registry_complete,True,False,False,axis_blind,generic_token_control,1024.0,32.0,0.3852657004830918,0.3065033537474482,0.38599831322065864,0.3848693007810737,False,CBraMod/test_metrics.json,True,False,False,True,False
CBraMod,FACED,faced_evalmode_frozen_axis_blind_s3407_20260804,/panfs/accrepfs.vampire/data/neurogroup/mingyangjiang/EEGxPlore/CBraMod/results/faced/faced_evalmode_frozen_axis_blind_s3407_20260804,True,True,registry_complete,True,False,False,axis_blind,generic_token_control,3407.0,34.0,0.3913043478260869,0.31424045356011343,0.38906197842338075,0.38850024109873615,False,CBraMod/test_metrics.json,True,False,False,True,False
CBraMod,FACED,faced_evalmode_frozen_axis_blind_s42_20260804,/panfs/accrepfs.vampire/data/neurogroup/mingyangjiang/EEGxPlore/CBraMod/results/faced/faced_evalmode_frozen_axis_blind_s42_20260804,True,True,registry_complete,True,False,False,axis_blind,generic_token_control,42.0,27.0,0.38727858293075684,0.30842600691407396,0.38725319859351187,0.38596753008255563,False,CBraMod/test_metrics.json,True,False,False,True,False
CBraMod,FACED,faced_evalmode_frozen_channel_patch_s1024_lr5e-4_20260804,/panfs/accrepfs.vampire/data/neurogroup/mingyangjiang/EEGxPlore/CBraMod/results/faced/faced_evalmode_frozen_channel_patch_s1024_lr5e-4_20260804,True,True,registry_complete,True,False,False,interaction_aligned,channel_patch,1024.0,44.0,0.3875469672571122,0.3088363954505686,0.387896632331497,0.3865745094976027,False,CBraMod/test_metrics.json,True,False,False,True,False
CBraMod,FACED,faced_evalmode_frozen_channel_patch_s3407_lr5e-4_20260804,/panfs/accrepfs.vampire/data/neurogroup/mingyangjiang/EEGxPlore/CBraMod/results/faced/faced_evalmode_frozen_channel_patch_s3407_lr5e-4_20260804,True,True,registry_complete,True,False,False,interaction_aligned,channel_patch,3407.0,18.0,0.39023081052066555,0.31227865505603936,0.389112028967704,0.3881569328609679,False,CBraMod/test_metrics.json,True,False,False,True,False
CBraMod,FACED,faced_evalmode_frozen_channel_patch_s42_lr5e-4_20260804,/panfs/accrepfs.vampire/data/neurogroup/mingyangjiang/EEGxPlore/CBraMod/results/faced/faced_evalmode_frozen_channel_patch_s42_lr5e-4_20260804,True,True,registry_complete,True,False,False,interaction_aligned,channel_patch,42.0,37.0,0.3951959205582394,0.31846788646688606,0.39505783033163044,0.3943868787640964,False,CBraMod/test_metrics.json,True,False,False,True,False
CBraMod,FACED,faced_evalmode_frozen_channel_s1024_lr5e-4_20260804,/panfs/accrepfs.vampire/data/neurogroup/mingyangjiang/EEGxPlore/CBraMod/results/faced/faced_evalmode_frozen_channel_s1024_lr5e-4_20260804,True,True,registry_complete,True,False,False,interaction_aligned,channel,1024.0,37.0,0.37815351583467527,0.3004379562043795,0.3787534865242982,0.378690747902424,False,CBraMod/test_metrics.json,True,False,False,True,False
CBraMod,FACED,faced_evalmode_frozen_channel_s3407_lr5e-4_20260804,/panfs/accrepfs.vampire/data/neurogroup/mingyangjiang/EEGxPlore/CBraMod/results/faced/faced_evalmode_frozen_channel_s3407_lr5e-4_20260804,True,True,registry_complete,True,False,False,interaction_aligned,channel,3407.0,43.0,0.37654320987654316,0.2984813084112149,0.37761446006560856,0.3772978722061226,False,CBraMod/test_metrics.json,True,False,False,True,False
CBraMod,FACED,faced_evalmode_frozen_channel_s42_lr5e-4_20260804,/panfs/accrepfs.vampire/data/neurogroup/mingyangjiang/EEGxPlore/CBraMod/results/faced/faced_evalmode_frozen_channel_s42_lr5e-4_20260804,True,True,registry_complete,True,False,False,interaction_aligned,channel,42.0,28.0,0.3836553945249597,0.30547159979155813,0.3847724205827893,0.3839851478961803,False,CBraMod/test_metrics.json,True,False,False,True,False
CBraMod,FACED,faced_evalmode_frozen_generic_s1024_20260804,/panfs/accrepfs.vampire/data/neurogroup/mingyangjiang/EEGxPlore/CBraMod/results/faced/faced_evalmode_frozen_generic_s1024_20260804,True,True,registry_complete,True,False,False,generic_bottleneck,none,1024.0,18.0,0.38754696725711213,0.31001125797439844,0.3863050278036913,0.38562317376620586,False,CBraMod/test_metrics.json,True,False,False,True,False
CBraMod,FACED,faced_evalmode_frozen_generic_s3407_20260804,/panfs/accrepfs.vampire/data/neurogroup/mingyangjiang/EEGxPlore/CBraMod/results/faced/faced_evalmode_frozen_generic_s3407_20260804,True,True,registry_complete,True,False,False,generic_bottleneck,none,3407.0,30.0,0.3894256575415996,0.3110546272761364,0.38823561659221256,0.3869751008735831,False,CBraMod/test_metrics.json,True,False,False,True,False
CBraMod,FACED,faced_evalmode_frozen_generic_s42_20260804,/panfs/accrepfs.vampire/data/neurogroup/mingyangjiang/EEGxPlore/CBraMod/results/faced/faced_evalmode_frozen_generic_s42_20260804,True,True,registry_complete,True,False,False,generic_bottleneck,none,42.0,35.0,0.3935856146001073,0.31580701608199313,0.39315171255028436,0.39197271782134063,False,CBraMod/test_metrics.json,True,False,False,True,False
CBraMod,FACED,faced_evalmode_frozen_lora_qkv_r8_s1024_20260804,/panfs/accrepfs.vampire/data/neurogroup/mingyangjiang/EEGxPlore/CBraMod/results/faced/faced_evalmode_frozen_lora_qkv_r8_s1024_20260804,True,True,registry_complete,True,False,False,lora,none,1024.0,21.0,0.42243692968330643,0.3471683960495061,0.4235914236304431,0.42122702693475605,False,CBraMod/test_metrics.json,True,False,False,True,False
CBraMod,FACED,faced_evalmode_frozen_lora_qkv_r8_s3407_20260804,/panfs/accrepfs.vampire/data/neurogroup/mingyangjiang/EEGxPlore/CBraMod/results/faced/faced_evalmode_frozen_lora_qkv_r8_s3407_20260804,True,True,registry_complete,True,False,False,lora,none,3407.0,11.0,0.4088835212023618,0.3318340829585207,0.4084876718194134,0.4064505862316601,False,CBraMod/test_metrics.json,True,False,False,True,False
CBraMod,FACED,faced_evalmode_frozen_lora_qkv_r8_s42_20260804,/panfs/accrepfs.vampire/data/neurogroup/mingyangjiang/EEGxPlore/CBraMod/results/faced/faced_evalmode_frozen_lora_qkv_r8_s42_20260804,True,True,registry_complete,True,False,False,lora,none,42.0,12.0,0.42096081588835216,0.34605608567023616,0.4224268573722585,0.4205631201279947,False,CBraMod/test_metrics.json,True,False,False,True,False
CBraMod,FACED,faced_evalmode_frozen_patch_s1024_lr5e-4_20260804,/panfs/accrepfs.vampire/data/neurogroup/mingyangjiang/EEGxPlore/CBraMod/results/faced/faced_evalmode_frozen_patch_s1024_lr5e-4_20260804,True,True,registry_complete,True,False,False,interaction_aligned,patch,1024.0,43.0,0.3824476650563607,0.3047285464098074,0.3825379109622883,0.3821811648424867,False,CBraMod/test_metrics.json,True,False,False,True,False
CBraMod,FACED,faced_evalmode_frozen_patch_s3407_lr5e-4_20260804,/panfs/accrepfs.vampire/data/neurogroup/mingyangjiang/EEGxPlore/CBraMod/results/faced/faced_evalmode_frozen_patch_s3407_lr5e-4_20260804,True,True,registry_complete,True,False,False,interaction_aligned,patch,3407.0,37.0,0.39492753623188404,0.3175710863451724,0.394399891034501,0.39344903177876545,False,CBraMod/test_metrics.json,True,False,False,True,False
CBraMod,FACED,faced_evalmode_frozen_patch_s42_lr5e-4_20260804,/panfs/accrepfs.vampire/data/neurogroup/mingyangjiang/EEGxPlore/CBraMod/results/faced/faced_evalmode_frozen_patch_s42_lr5e-4_20260804,True,True,registry_complete,True,False,False,interaction_aligned,patch,42.0,47.0,0.38298443370907137,0.30551962952146516,0.38481922926521017,0.3842866123669117,False,CBraMod/test_metrics.json,True,False,False,True,False
CBraMod,FACED,faced_evalmode_frozen_probe_s1024_20260804,/panfs/accrepfs.vampire/data/neurogroup/mingyangjiang/EEGxPlore/CBraMod/results/faced/faced_evalmode_frozen_probe_s1024_20260804,True,True,registry_complete,True,False,False,frozen_probe,none,1024.0,17.0,0.37909286097691897,0.2997519954984057,0.3795963124311903,0.3784459502731745,False,CBraMod/test_metrics.json,True,False,False,True,False
CBraMod,FACED,faced_evalmode_frozen_probe_s3407_20260804,/panfs/accrepfs.vampire/data/neurogroup/mingyangjiang/EEGxPlore/CBraMod/results/faced/faced_evalmode_frozen_probe_s3407_20260804,True,True,registry_complete,True,False,False,frozen_probe,none,3407.0,43.0,0.3789586688137413,0.30011674449633086,0.38084727771879767,0.3799335591536526,False,CBraMod/test_metrics.json,True,False,False,True,False
CBraMod,FACED,faced_evalmode_frozen_probe_s42_20260804,/panfs/accrepfs.vampire/data/neurogroup/mingyangjiang/EEGxPlore/CBraMod/results/faced/faced_evalmode_frozen_probe_s42_20260804,True,True,registry_complete,True,False,False,frozen_probe,none,42.0,46.0,0.3750670960815888,0.2979704219770135,0.37618588879858567,0.3768114208915497,False,CBraMod/test_metrics.json,True,False,False,True,False
CBraMod,FACED,faced_evalmode_frozen_upper2_s1024_20260804,/panfs/accrepfs.vampire/data/neurogroup/mingyangjiang/EEGxPlore/CBraMod/results/faced/faced_evalmode_frozen_upper2_s1024_20260804,True,True,registry_complete,True,False,False,upper_k_finetune,none,1024.0,46.0,0.4017713365539452,0.3246330887258172,0.4027601491103256,0.40082886558946806,False,CBraMod/test_metrics.json,True,False,False,True,False
CBraMod,FACED,faced_evalmode_frozen_upper2_s3407_20260804,/panfs/accrepfs.vampire/data/neurogroup/mingyangjiang/EEGxPlore/CBraMod/results/faced/faced_evalmode_frozen_upper2_s3407_20260804,True,True,registry_complete,True,False,False,upper_k_finetune,none,3407.0,17.0,0.39989264626945786,0.32133933033483253,0.3991059502450864,0.39675692821252384,False,CBraMod/test_metrics.json,True,False,False,True,False
CBraMod,FACED,faced_evalmode_frozen_upper2_s42_20260804,/panfs/accrepfs.vampire/data/neurogroup/mingyangjiang/EEGxPlore/CBraMod/results/faced/faced_evalmode_frozen_upper2_s42_20260804,True,True,registry_complete,True,False,False,upper_k_finetune,none,42.0,41.0,0.4087493290391841,0.3330832708177044,0.4090537794941171,0.40780720379303953,False,CBraMod/test_metrics.json,True,False,False,True,False
CBraMod,FACED,faced_frozen_probe_s1024_lr1e-4_b64_e50,/panfs/accrepfs.vampire/data/neurogroup/mingyangjiang/EEGxPlore/CBraMod/results/faced/faced_frozen_probe_s1024_lr1e-4_b64_e50,True,True,registry_complete,True,False,False,frozen_probe,none,1024.0,10.0,0.25402576489533013,0.15859378242643096,0.22480169837486189,0.22464852416550327,False,CBraMod/test_metrics.json,True,False,False,True,False
CBraMod,FACED,faced_frozen_probe_s3407_lr1e-4_b64_e50,/panfs/accrepfs.vampire/data/neurogroup/mingyangjiang/EEGxPlore/CBraMod/results/faced/faced_frozen_probe_s3407_lr1e-4_b64_e50,True,True,registry_complete,True,False,False,frozen_probe,none,3407.0,29.0,0.25214707461084274,0.15768479660946533,0.21090379702594522,0.21258289541916858,False,CBraMod/test_metrics.json,True,False,False,True,False
CBraMod,FACED,faced_frozen_probe_s42_lr1e-4_b64_e50,/panfs/accrepfs.vampire/data/neurogroup/mingyangjiang/EEGxPlore/CBraMod/results/faced/faced_frozen_probe_s42_lr1e-4_b64_e50,True,True,registry_complete,True,False,False,frozen_probe,none,42.0,14.0,0.25966183574879226,0.16698544698544693,0.21397882029985438,0.21669086123152226,False,CBraMod/test_metrics.json,True,False,False,True,False
CBraMod,FACED,faced_frozen_probe_seed42_smoke_20260731,/panfs/accrepfs.vampire/data/neurogroup/mingyangjiang/EEGxPlore/CBraMod/results/faced/faced_frozen_probe_seed42_smoke_20260731,False,,audit_or_smoke,False,True,False,frozen_probe,none,42.0,,,,,,False,CBraMod/test_metrics.json,True,False,False,False,False
CBraMod,FACED,faced_frozen_probe_seed42_smoke_20260731_final,/panfs/accrepfs.vampire/data/neurogroup/mingyangjiang/EEGxPlore/CBraMod/results/faced/faced_frozen_probe_seed42_smoke_20260731_final,False,,audit_or_smoke,False,True,False,frozen_probe,none,42.0,,,,,,False,CBraMod/test_metrics.json,True,False,False,True,False
CBraMod,FACED,faced_frozen_probe_seed42_smoke_20260731_rerun,/panfs/accrepfs.vampire/data/neurogroup/mingyangjiang/EEGxPlore/CBraMod/results/faced/faced_frozen_probe_seed42_smoke_20260731_rerun,False,,audit_or_smoke,False,True,False,frozen_probe,none,42.0,,,,,,False,CBraMod/test_metrics.json,True,False,False,False,False
CBraMod,FACED,faced_generic_bottleneck_s1024_lr1e-4_b64_e50,/panfs/accrepfs.vampire/data/neurogroup/mingyangjiang/EEGxPlore/CBraMod/results/faced/faced_generic_bottleneck_s1024_lr1e-4_b64_e50,True,True,registry_complete,True,False,False,generic_bottleneck,none,1024.0,46.0,0.3841921631776704,0.30392054800224855,0.3844928014277529,0.3823827490393368,False,CBraMod/test_metrics.json,True,False,False,True,False
CBraMod,FACED,faced_generic_bottleneck_s3407_lr1e-4_b64_e50,/panfs/accrepfs.vampire/data/neurogroup/mingyangjiang/EEGxPlore/CBraMod/results/faced/faced_generic_bottleneck_s3407_lr1e-4_b64_e50,True,True,registry_complete,True,False,False,generic_bottleneck,none,3407.0,42.0,0.4129092860976919,0.33751641616810146,0.4174248160256317,0.4156218636232995,False,CBraMod/test_metrics.json,True,False,False,True,False
CBraMod,FACED,faced_generic_bottleneck_s42_lr1e-4_b64_e50,/panfs/accrepfs.vampire/data/neurogroup/mingyangjiang/EEGxPlore/CBraMod/results/faced/faced_generic_bottleneck_s42_lr1e-4_b64_e50,True,True,registry_complete,True,False,False,generic_bottleneck,none,42.0,38.0,0.42592592592592593,0.35087353542092314,0.4300334903408032,0.4270873293860087,False,CBraMod/test_metrics.json,True,False,False,True,False
CBraMod,FACED,faced_interaction_channel_seed42_smoke_20260731_final,/panfs/accrepfs.vampire/data/neurogroup/mingyangjiang/EEGxPlore/CBraMod/results/faced/faced_interaction_channel_seed42_smoke_20260731_final,False,,audit_or_smoke,False,True,False,interaction_aligned,channel,42.0,,,,,,False,CBraMod/test_metrics.json,True,False,False,True,False
CBraMod,FACED,faced_interaction_cp_seed42_smoke_20260731,/panfs/accrepfs.vampire/data/neurogroup/mingyangjiang/EEGxPlore/CBraMod/results/faced/faced_interaction_cp_seed42_smoke_20260731,False,,audit_or_smoke,False,True,False,interaction_aligned,channel_patch,42.0,,,,,,False,CBraMod/test_metrics.json,True,False,False,False,False
CBraMod,FACED,faced_interaction_cp_seed42_smoke_20260731_final,/panfs/accrepfs.vampire/data/neurogroup/mingyangjiang/EEGxPlore/CBraMod/results/faced/faced_interaction_cp_seed42_smoke_20260731_final,False,,audit_or_smoke,False,True,False,interaction_aligned,channel_patch,42.0,,,,,,False,CBraMod/test_metrics.json,True,False,False,True,False
CBraMod,FACED,faced_interaction_cp_seed42_smoke_20260731_rerun,/panfs/accrepfs.vampire/data/neurogroup/mingyangjiang/EEGxPlore/CBraMod/results/faced/faced_interaction_cp_seed42_smoke_20260731_rerun,False,,audit_or_smoke,False,True,False,interaction_aligned,channel_patch,42.0,,,,,,False,CBraMod/test_metrics.json,True,False,False,False,False
CBraMod,FACED,faced_interaction_patch_seed42_smoke_20260731_final,/panfs/accrepfs.vampire/data/neurogroup/mingyangjiang/EEGxPlore/CBraMod/results/faced/faced_interaction_patch_seed42_smoke_20260731_final,False,,audit_or_smoke,False,True,False,interaction_aligned,patch,42.0,,,,,,False,CBraMod/test_metrics.json,True,False,False,True,False
CBraMod,FACED,faced_lora_qkv_r8_s1024_lr1e-4_b64_e50,/panfs/accrepfs.vampire/data/neurogroup/mingyangjiang/EEGxPlore/CBraMod/results/faced/faced_lora_qkv_r8_s1024_lr1e-4_b64_e50,True,True,registry_complete,True,False,False,lora,none,1024.0,44.0,0.48698336017176597,0.4184548013762903,0.48999225643767486,0.4857200462209854,False,CBraMod/test_metrics.json,True,False,False,True,False
CBraMod,FACED,faced_lora_qkv_r8_s3407_lr1e-4_b64_e50,/panfs/accrepfs.vampire/data/neurogroup/mingyangjiang/EEGxPlore/CBraMod/results/faced/faced_lora_qkv_r8_s3407_lr1e-4_b64_e50,True,True,registry_complete,True,False,False,lora,none,3407.0,46.0,0.4928878153515835,0.42720106768986954,0.49389575752885645,0.49130026136538907,False,CBraMod/test_metrics.json,True,False,False,True,False
CBraMod,FACED,faced_lora_qkv_r8_s42_lr1e-4_b64_e50,/panfs/accrepfs.vampire/data/neurogroup/mingyangjiang/EEGxPlore/CBraMod/results/faced/faced_lora_qkv_r8_s42_lr1e-4_b64_e50,True,True,registry_complete,True,False,False,lora,none,42.0,38.0,0.500805152979066,0.4353873423000729,0.5045766627858033,0.5012788650178033,False,CBraMod/test_metrics.json,True,False,False,True,False
CBraMod,FACED,faced_native_channel_patch_r32_s42_gate_20260805,/panfs/accrepfs.vampire/data/neurogroup/mingyangjiang/EEGxPlore/CBraMod/results/faced/faced_native_channel_patch_r32_s42_gate_20260805,True,True,registry_complete,True,True,False,interaction_aligned,channel_patch,42.0,19.0,0.3875469672571122,0.30994541894087746,0.38746340971933146,0.38706495295110743,False,CBraMod/test_metrics.json,True,False,False,True,False
CBraMod,FACED,faced_native_channel_patch_s1024_adapterlr5e-4_b64_e50,/panfs/accrepfs.vampire/data/neurogroup/mingyangjiang/EEGxPlore/CBraMod/results/faced/faced_native_channel_patch_s1024_adapterlr5e-4_b64_e50,True,True,registry_complete,True,False,False,interaction_aligned,channel_patch,1024.0,29.0,0.32165861513687605,0.23509692464655296,0.2944946883356739,0.29477587595626425,False,CBraMod/test_metrics.json,True,False,False,True,False
CBraMod,FACED,faced_native_channel_patch_s3407_adapterlr5e-4_b64_e50,/panfs/accrepfs.vampire/data/neurogroup/mingyangjiang/EEGxPlore/CBraMod/results/faced/faced_native_channel_patch_s3407_adapterlr5e-4_b64_e50,True,True,registry_complete,True,False,False,interaction_aligned,channel_patch,3407.0,19.0,0.31682769726247995,0.22969992092229574,0.3115831209985798,0.3112652235463864,False,CBraMod/test_metrics.json,True,False,False,True,False
CBraMod,FACED,faced_native_channel_patch_s42_adapterlr1e-4_b64_e50,/panfs/accrepfs.vampire/data/neurogroup/mingyangjiang/EEGxPlore/CBraMod/results/faced/faced_native_channel_patch_s42_adapterlr1e-4_b64_e50,True,True,registry_complete,True,False,False,interaction_aligned,channel_patch,42.0,39.0,0.2642243692968331,0.17073677647303342,0.22369599671178067,0.22484847157356166,False,CBraMod/test_metrics.json,True,False,False,True,False
CBraMod,FACED,faced_native_channel_patch_s42_lr1e-4_b64_e50,/panfs/accrepfs.vampire/data/neurogroup/mingyangjiang/EEGxPlore/CBraMod/results/faced/faced_native_channel_patch_s42_lr1e-4_b64_e50,True,True,registry_complete,True,False,False,interaction_aligned,channel_patch,42.0,42.0,0.35238862050456254,0.2672810101304266,0.3431956946720176,0.3408790634294711,False,CBraMod/test_metrics.json,True,False,False,True,False
CBraMod,FACED,faced_native_channel_r32_s42_gate_20260805,/panfs/accrepfs.vampire/data/neurogroup/mingyangjiang/EEGxPlore/CBraMod/results/faced/faced_native_channel_r32_s42_gate_20260805,True,True,registry_complete,True,True,False,interaction_aligned,channel,42.0,27.0,0.37332259796027906,0.2929027959944205,0.3706404216194853,0.36976843076580346,False,CBraMod/test_metrics.json,True,False,False,True,False
CBraMod,FACED,faced_native_channel_s1024_adapterlr5e-4_b64_e50,/panfs/accrepfs.vampire/data/neurogroup/mingyangjiang/EEGxPlore/CBraMod/results/faced/faced_native_channel_s1024_adapterlr5e-4_b64_e50,True,True,registry_complete,True,False,False,interaction_aligned,channel,1024.0,46.0,0.27361782071926993,0.17855512676874552,0.23223996834711474,0.2301815114276883,False,CBraMod/test_metrics.json,True,False,False,True,False
CBraMod,FACED,faced_native_channel_s3407_adapterlr5e-4_b64_e50,/panfs/accrepfs.vampire/data/neurogroup/mingyangjiang/EEGxPlore/CBraMod/results/faced/faced_native_channel_s3407_adapterlr5e-4_b64_e50,True,True,registry_complete,True,False,False,interaction_aligned,channel,3407.0,16.0,0.2838164251207729,0.19224609496869727,0.25089095806538303,0.2512723315808691,False,CBraMod/test_metrics.json,True,False,False,True,False
CBraMod,FACED,faced_native_channel_s42_adapterlr1e-4_b64_e50,/panfs/accrepfs.vampire/data/neurogroup/mingyangjiang/EEGxPlore/CBraMod/results/faced/faced_native_channel_s42_adapterlr1e-4_b64_e50,True,True,registry_complete,True,False,False,interaction_aligned,channel,42.0,46.0,0.23805689747718736,0.14013187906938152,0.18677747090061486,0.18622929591947043,False,CBraMod/test_metrics.json,True,False,False,True,False
CBraMod,FACED,faced_native_channel_s42_lr1e-4_b64_e50,/panfs/accrepfs.vampire/data/neurogroup/mingyangjiang/EEGxPlore/CBraMod/results/faced/faced_native_channel_s42_lr1e-4_b64_e50,True,True,registry_complete,True,False,False,interaction_aligned,channel,42.0,46.0,0.2616747181964573,0.16802861123240387,0.22856839941921722,0.22957412724238477,False,CBraMod/test_metrics.json,True,False,False,True,False
CBraMod,FACED,faced_native_full_channel_patch_s1024_lr1e-4_b64_e50,/panfs/accrepfs.vampire/data/neurogroup/mingyangjiang/EEGxPlore/CBraMod/results/faced/faced_native_full_channel_patch_s1024_lr1e-4_b64_e50,True,True,registry_complete,True,False,False,native_full_finetune,channel_patch,1024.0,27.0,0.5605206655931293,0.5024402452759354,0.5674772928421377,0.5634233985966418,False,CBraMod/test_metrics.json,True,False,False,True,False
CBraMod,FACED,faced_native_full_channel_patch_s3407_lr1e-4_b64_e50,/panfs/accrepfs.vampire/data/neurogroup/mingyangjiang/EEGxPlore/CBraMod/results/faced/faced_native_full_channel_patch_s3407_lr1e-4_b64_e50,True,True,registry_complete,True,False,False,native_full_finetune,channel_patch,3407.0,30.0,0.5683038110574343,0.5101547187122065,0.5731034658075461,0.568469974021308,False,CBraMod/test_metrics.json,True,False,False,True,False
CBraMod,FACED,faced_native_full_channel_patch_s42_lr1e-4_b64_e50,/panfs/accrepfs.vampire/data/neurogroup/mingyangjiang/EEGxPlore/CBraMod/results/faced/faced_native_full_channel_patch_s42_lr1e-4_b64_e50,True,True,registry_complete,True,False,False,native_full_finetune,channel_patch,42.0,23.0,0.5672302737520128,0.5090996268423358,0.5733905560015712,0.5690337621975613,False,CBraMod/test_metrics.json,True,False,False,True,False
CBraMod,FACED,faced_native_full_channel_s1024_lr1e-4_b64_e50,/panfs/accrepfs.vampire/data/neurogroup/mingyangjiang/EEGxPlore/CBraMod/results/faced/faced_native_full_channel_s1024_lr1e-4_b64_e50,True,True,registry_complete,True,False,False,native_full_finetune,channel,1024.0,33.0,0.546027911969941,0.4881865090141845,0.5563877787927478,0.5525806379760944,False,CBraMod/test_metrics.json,True,False,False,True,False
CBraMod,FACED,faced_native_full_channel_s3407_lr1e-4_b64_e50,/panfs/accrepfs.vampire/data/neurogroup/mingyangjiang/EEGxPlore/CBraMod/results/faced/faced_native_full_channel_s3407_lr1e-4_b64_e50,True,True,registry_complete,True,False,False,native_full_finetune,channel,3407.0,31.0,0.5725979602791197,0.5180179239173578,0.5845221419797368,0.5803163855451201,False,CBraMod/test_metrics.json,True,False,False,True,False
CBraMod,FACED,faced_native_full_channel_s42_lr1e-4_b64_e50,/panfs/accrepfs.vampire/data/neurogroup/mingyangjiang/EEGxPlore/CBraMod/results/faced/faced_native_full_channel_s42_lr1e-4_b64_e50,True,True,registry_complete,True,False,False,native_full_finetune,channel,42.0,17.0,0.5748792270531401,0.517362124306974,0.5795516553879829,0.5750980069215464,False,CBraMod/test_metrics.json,True,False,False,True,False
CBraMod,FACED,faced_native_full_patch_s1024_lr1e-4_b64_e50,/panfs/accrepfs.vampire/data/neurogroup/mingyangjiang/EEGxPlore/CBraMod/results/faced/faced_native_full_patch_s1024_lr1e-4_b64_e50,True,True,registry_complete,True,False,False,native_full_finetune,patch,1024.0,31.0,0.5599838969404187,0.5036849907092302,0.5703184756668841,0.5666762368189032,False,CBraMod/test_metrics.json,True,False,False,True,False
CBraMod,FACED,faced_native_full_patch_s3407_lr1e-4_b64_e50,/panfs/accrepfs.vampire/data/neurogroup/mingyangjiang/EEGxPlore/CBraMod/results/faced/faced_native_full_patch_s3407_lr1e-4_b64_e50,True,True,registry_complete,True,False,False,native_full_finetune,patch,3407.0,28.0,0.5719269994632313,0.5164550618108922,0.5813669808093852,0.5770075288369569,False,CBraMod/test_metrics.json,True,False,False,True,False
CBraMod,FACED,faced_native_full_patch_s42_lr1e-4_b64_e50,/panfs/accrepfs.vampire/data/neurogroup/mingyangjiang/EEGxPlore/CBraMod/results/faced/faced_native_full_patch_s42_lr1e-4_b64_e50,True,True,registry_complete,True,False,False,native_full_finetune,patch,42.0,20.0,0.5683038110574342,0.5105650695646733,0.5766813305675851,0.5719460861969206,False,CBraMod/test_metrics.json,True,False,False,True,False
CBraMod,FACED,faced_native_patch_s1024_adapterlr5e-4_b64_e50,/panfs/accrepfs.vampire/data/neurogroup/mingyangjiang/EEGxPlore/CBraMod/results/faced/faced_native_patch_s1024_adapterlr5e-4_b64_e50,True,True,registry_complete,True,False,False,interaction_aligned,patch,1024.0,16.0,0.30112721417069244,0.21116928446771366,0.28173321044917493,0.28132381972849985,False,CBraMod/test_metrics.json,True,False,False,True,False
CBraMod,FACED,faced_native_patch_s3407_adapterlr5e-4_b64_e50,/panfs/accrepfs.vampire/data/neurogroup/mingyangjiang/EEGxPlore/CBraMod/results/faced/faced_native_patch_s3407_adapterlr5e-4_b64_e50,True,True,registry_complete,True,False,False,interaction_aligned,patch,3407.0,17.0,0.32581857219538374,0.239716194003454,0.30710123641061265,0.30722903552632236,False,CBraMod/test_metrics.json,True,False,False,True,False
CBraMod,FACED,faced_native_patch_s42_adapterlr1e-4_b64_e50,/panfs/accrepfs.vampire/data/neurogroup/mingyangjiang/EEGxPlore/CBraMod/results/faced/faced_native_patch_s42_adapterlr1e-4_b64_e50,True,True,registry_complete,True,False,False,interaction_aligned,patch,42.0,48.0,0.2830112721417069,0.19328850677602694,0.2507430892914556,0.25278718383637383,False,CBraMod/test_metrics.json,True,False,False,True,False
CBraMod,FACED,faced_native_patch_s42_lr1e-4_b64_e50,/panfs/accrepfs.vampire/data/neurogroup/mingyangjiang/EEGxPlore/CBraMod/results/faced/faced_native_patch_s42_lr1e-4_b64_e50,True,True,registry_complete,True,False,False,interaction_aligned,patch,42.0,19.0,0.31535158346752545,0.22610141313383214,0.2951983266851966,0.2937407423361639,False,CBraMod/test_metrics.json,True,False,False,True,False
CBraMod,FACED,faced_upper2_s1024_lr1e-4_b64_e50,/panfs/accrepfs.vampire/data/neurogroup/mingyangjiang/EEGxPlore/CBraMod/results/faced/faced_upper2_s1024_lr1e-4_b64_e50,True,True,registry_complete,True,False,False,upper_k_finetune,none,1024.0,31.0,0.4563875469672571,0.38166860561741733,0.44566156088725795,0.4419204012451805,False,CBraMod/test_metrics.json,True,False,False,True,False
CBraMod,FACED,faced_upper2_s3407_lr1e-4_b64_e50,/panfs/accrepfs.vampire/data/neurogroup/mingyangjiang/EEGxPlore/CBraMod/results/faced/faced_upper2_s3407_lr1e-4_b64_e50,True,True,registry_complete,True,False,False,upper_k_finetune,none,3407.0,22.0,0.46054750402576494,0.3861052806583678,0.44932845575685104,0.4451597230059226,False,CBraMod/test_metrics.json,True,False,False,True,False
CBraMod,FACED,faced_upper2_s42_lr1e-4_b64_e50,/panfs/accrepfs.vampire/data/neurogroup/mingyangjiang/EEGxPlore/CBraMod/results/faced/faced_upper2_s42_lr1e-4_b64_e50,True,True,registry_complete,True,False,False,upper_k_finetune,none,42.0,37.0,0.4482018250134192,0.3706558092191362,0.44075235072059593,0.4348183218496495,False,CBraMod/test_metrics.json,True,False,False,True,False
CBraMod,ISRUC,isruc_cbramod_alpha0_axisblind_s1024,/panfs/accrepfs.vampire/data/neurogroup/mingyangjiang/EEGxPlore/CBraMod/results/isruc/isruc_cbramod_alpha0_axisblind_s1024,True,True,registry_complete,True,False,False,axis_blind,generic_token_control,1024.0,13.0,0.7602972545775273,0.7193175444221973,0.7600400933507746,0.7830423822479932,False,CBraMod/test_metrics.json,True,False,False,True,False
CBraMod,ISRUC,isruc_cbramod_alpha0_axisblind_s3407,/panfs/accrepfs.vampire/data/neurogroup/mingyangjiang/EEGxPlore/CBraMod/results/isruc/isruc_cbramod_alpha0_axisblind_s3407,True,True,registry_complete,True,False,False,axis_blind,generic_token_control,3407.0,20.0,0.744904249206741,0.6983302246477419,0.7430382233768631,0.7667343927634974,False,CBraMod/test_metrics.json,True,False,False,True,False
CBraMod,ISRUC,isruc_cbramod_alpha0_axisblind_s42,/panfs/accrepfs.vampire/data/neurogroup/mingyangjiang/EEGxPlore/CBraMod/results/isruc/isruc_cbramod_alpha0_axisblind_s42,True,True,registry_complete,True,False,False,axis_blind,generic_token_control,42.0,9.0,0.7367842525476885,0.6902732173732424,0.7262658505298212,0.7541052234089344,False,CBraMod/test_metrics.json,True,False,False,True,False
CBraMod,ISRUC,isruc_cbramod_alpha0_frozen_channel_patch_r32_s1024,/panfs/accrepfs.vampire/data/neurogroup/mingyangjiang/EEGxPlore/CBraMod/results/isruc/isruc_cbramod_alpha0_frozen_channel_patch_r32_s1024,True,True,registry_complete,True,False,False,interaction_aligned,channel_patch,1024.0,10.0,0.7467958307219527,0.7140817188339508,0.7421781037924606,0.7727081374220769,False,CBraMod/test_metrics.json,True,False,False,True,False
CBraMod,ISRUC,isruc_cbramod_alpha0_frozen_channel_patch_r32_s3407,/panfs/accrepfs.vampire/data/neurogroup/mingyangjiang/EEGxPlore/CBraMod/results/isruc/isruc_cbramod_alpha0_frozen_channel_patch_r32_s3407,True,True,registry_complete,True,False,False,interaction_aligned,channel_patch,3407.0,16.0,0.7582700564676808,0.7177018636118719,0.7560127141520887,0.779714160419938,False,CBraMod/test_metrics.json,True,False,False,True,False
CBraMod,ISRUC,isruc_cbramod_alpha0_frozen_channel_r32_s1024,/panfs/accrepfs.vampire/data/neurogroup/mingyangjiang/EEGxPlore/CBraMod/results/isruc/isruc_cbramod_alpha0_frozen_channel_r32_s1024,True,True,registry_complete,True,False,False,interaction_aligned,channel,1024.0,10.0,0.7501866977937308,0.698797224924274,0.7413308935511482,0.7635002213767207,False,CBraMod/test_metrics.json,True,False,False,True,False
CBraMod,ISRUC,isruc_cbramod_alpha0_frozen_channel_r32_s3407,/panfs/accrepfs.vampire/data/neurogroup/mingyangjiang/EEGxPlore/CBraMod/results/isruc/isruc_cbramod_alpha0_frozen_channel_r32_s3407,True,True,registry_complete,True,False,False,interaction_aligned,channel,3407.0,16.0,0.7507157513471675,0.7104063642919359,0.746691753647598,0.7727219306643444,False,CBraMod/test_metrics.json,True,False,False,True,False
CBraMod,ISRUC,isruc_cbramod_alpha0_frozen_channel_r32_s42,/panfs/accrepfs.vampire/data/neurogroup/mingyangjiang/EEGxPlore/CBraMod/results/isruc/isruc_cbramod_alpha0_frozen_channel_r32_s42,True,True,registry_complete,True,False,False,interaction_aligned,channel,42.0,12.0,0.7554333580676456,0.7054018309899406,0.7454156921177738,0.7696545077528082,False,CBraMod/test_metrics.json,True,False,False,True,False
CBraMod,ISRUC,isruc_cbramod_alpha0_frozen_generic_r64_s1024,/panfs/accrepfs.vampire/data/neurogroup/mingyangjiang/EEGxPlore/CBraMod/results/isruc/isruc_cbramod_alpha0_frozen_generic_r64_s1024,True,True,registry_complete,True,False,False,generic_bottleneck,none,1024.0,19.0,0.7438227429921227,0.7000894256682084,0.7448189227043173,0.7683882913514379,False,CBraMod/test_metrics.json,True,False,False,True,False
CBraMod,ISRUC,isruc_cbramod_alpha0_frozen_generic_r64_s3407,/panfs/accrepfs.vampire/data/neurogroup/mingyangjiang/EEGxPlore/CBraMod/results/isruc/isruc_cbramod_alpha0_frozen_generic_r64_s3407,True,True,registry_complete,True,False,False,generic_bottleneck,none,3407.0,16.0,0.7398393134590322,0.6974637430867696,0.737684351925253,0.7631038849593457,False,CBraMod/test_metrics.json,True,False,False,True,False
CBraMod,ISRUC,isruc_cbramod_alpha0_frozen_generic_r64_s42,/panfs/accrepfs.vampire/data/neurogroup/mingyangjiang/EEGxPlore/CBraMod/results/isruc/isruc_cbramod_alpha0_frozen_generic_r64_s42,True,True,registry_complete,True,False,False,generic_bottleneck,none,42.0,12.0,0.7556437770345257,0.7128572083691088,0.7492298815735856,0.7744381686197706,False,CBraMod/test_metrics.json,True,False,False,True,False
CBraMod,ISRUC,isruc_cbramod_alpha0_frozen_patch_r32_s1024,/panfs/accrepfs.vampire/data/neurogroup/mingyangjiang/EEGxPlore/CBraMod/results/isruc/isruc_cbramod_alpha0_frozen_patch_r32_s1024,True,True,registry_complete,True,False,False,interaction_aligned,patch,1024.0,13.0,0.7506977400259212,0.7084492340465698,0.7501811391137457,0.7740439924086199,False,CBraMod/test_metrics.json,True,False,False,True,False
CBraMod,ISRUC,isruc_cbramod_alpha0_frozen_patch_r32_s3407,/panfs/accrepfs.vampire/data/neurogroup/mingyangjiang/EEGxPlore/CBraMod/results/isruc/isruc_cbramod_alpha0_frozen_patch_r32_s3407,True,True,registry_complete,True,False,False,interaction_aligned,patch,3407.0,16.0,0.751728362361652,0.7081978366685706,0.7501864111008701,0.7719204480684727,False,CBraMod/test_metrics.json,True,False,False,True,False
CBraMod,ISRUC,isruc_cbramod_alpha0_frozen_patch_r32_s42,/panfs/accrepfs.vampire/data/neurogroup/mingyangjiang/EEGxPlore/CBraMod/results/isruc/isruc_cbramod_alpha0_frozen_patch_r32_s42,True,True,registry_complete,True,False,False,interaction_aligned,patch,42.0,9.0,0.7411050520731447,0.6932110348413837,0.7266827252972325,0.7572208425623175,False,CBraMod/test_metrics.json,True,False,False,True,False
CBraMod,ISRUC,isruc_cbramod_alpha0_full_channel_patch_r64_s1024,/panfs/accrepfs.vampire/data/neurogroup/mingyangjiang/EEGxPlore/CBraMod/results/isruc/isruc_cbramod_alpha0_full_channel_patch_r64_s1024,True,True,registry_complete,True,False,False,native_full_finetune,channel_patch,1024.0,5.0,0.7947230412866584,0.7550503990549803,0.790833627366357,0.8112346022174244,False,CBraMod/test_metrics.json,True,False,False,True,False
CBraMod,ISRUC,isruc_cbramod_alpha0_full_channel_patch_r64_s3407,/panfs/accrepfs.vampire/data/neurogroup/mingyangjiang/EEGxPlore/CBraMod/results/isruc/isruc_cbramod_alpha0_full_channel_patch_r64_s3407,True,True,registry_complete,True,False,False,native_full_finetune,channel_patch,3407.0,9.0,0.7711765546243626,0.7305665813162617,0.7609549835901797,0.7864743233394832,False,CBraMod/test_metrics.json,True,False,False,True,False
CBraMod,ISRUC,isruc_cbramod_alpha0_full_channel_patch_r64_s42,/panfs/accrepfs.vampire/data/neurogroup/mingyangjiang/EEGxPlore/CBraMod/results/isruc/isruc_cbramod_alpha0_full_channel_patch_r64_s42,True,True,registry_complete,True,False,False,native_full_finetune,channel_patch,42.0,19.0,0.7887560829085196,0.7522167966149034,0.7861543221232971,0.8088604024716584,False,CBraMod/test_metrics.json,True,False,False,True,False
CBraMod,ISRUC,isruc_cbramod_alpha0_full_channel_r64_s1024,/panfs/accrepfs.vampire/data/neurogroup/mingyangjiang/EEGxPlore/CBraMod/results/isruc/isruc_cbramod_alpha0_full_channel_r64_s1024,True,True,registry_complete,True,False,False,native_full_finetune,channel,1024.0,5.0,0.7848987408880281,0.7441508988898596,0.7814008024305533,0.8036078531323811,False,CBraMod/test_metrics.json,True,False,False,True,False
CBraMod,ISRUC,isruc_cbramod_alpha0_full_channel_r64_s3407,/panfs/accrepfs.vampire/data/neurogroup/mingyangjiang/EEGxPlore/CBraMod/results/isruc/isruc_cbramod_alpha0_full_channel_r64_s3407,True,True,registry_complete,True,False,False,native_full_finetune,channel,3407.0,14.0,0.7836943972410813,0.7431680193632344,0.7826411568336149,0.801904228710281,False,CBraMod/test_metrics.json,True,False,False,True,False
CBraMod,ISRUC,isruc_cbramod_alpha0_full_channel_r64_s42,/panfs/accrepfs.vampire/data/neurogroup/mingyangjiang/EEGxPlore/CBraMod/results/isruc/isruc_cbramod_alpha0_full_channel_r64_s42,True,True,registry_complete,True,False,False,native_full_finetune,channel,42.0,8.0,0.7748192271268148,0.7390676210852247,0.7723147448859785,0.7959636053516616,False,CBraMod/test_metrics.json,True,False,False,True,False
CBraMod,ISRUC,isruc_cbramod_alpha0_full_patch_r64_s1024,/panfs/accrepfs.vampire/data/neurogroup/mingyangjiang/EEGxPlore/CBraMod/results/isruc/isruc_cbramod_alpha0_full_patch_r64_s1024,True,True,registry_complete,True,False,False,native_full_finetune,patch,1024.0,6.0,0.7712175979814243,0.7424566456967385,0.7714787356885952,0.7996100065386215,False,CBraMod/test_metrics.json,True,False,False,True,False
CBraMod,ISRUC,isruc_cbramod_alpha0_full_patch_r64_s3407,/panfs/accrepfs.vampire/data/neurogroup/mingyangjiang/EEGxPlore/CBraMod/results/isruc/isruc_cbramod_alpha0_full_patch_r64_s3407,True,True,registry_complete,True,False,False,native_full_finetune,patch,3407.0,5.0,0.7652346217884973,0.7363608968627474,0.7614740327775282,0.7874351585776054,False,CBraMod/test_metrics.json,True,False,False,True,False
CBraMod,ISRUC,isruc_cbramod_alpha0_full_patch_r64_s42,/panfs/accrepfs.vampire/data/neurogroup/mingyangjiang/EEGxPlore/CBraMod/results/isruc/isruc_cbramod_alpha0_full_patch_r64_s42,True,True,registry_complete,True,False,False,native_full_finetune,patch,42.0,16.0,0.784493534981092,0.7470258025699321,0.7826391028326343,0.8044602629703546,False,CBraMod/test_metrics.json,True,False,False,True,False
CBraMod,ISRUC,isruc_cbramod_axisblind_s42_lr2e-4_b8_e20,/panfs/accrepfs.vampire/data/neurogroup/mingyangjiang/EEGxPlore/CBraMod/results/isruc/isruc_cbramod_axisblind_s42_lr2e-4_b8_e20,True,True,registry_complete,True,False,False,axis_blind,generic_token_control,42.0,9.0,0.7546861099347553,0.7135281478522446,0.750640002005781,0.7764788577739145,False,CBraMod/test_metrics.json,True,False,False,True,False
CBraMod,ISRUC,isruc_cbramod_dense_s1024_lr2e-4_b8_e20,/panfs/accrepfs.vampire/data/neurogroup/mingyangjiang/EEGxPlore/CBraMod/results/isruc/isruc_cbramod_dense_s1024_lr2e-4_b8_e20,True,True,registry_complete,True,False,False,full_finetune,none,1024.0,4.0,0.793113887986853,0.754006144489807,0.7893432253370829,0.8103796060896085,False,CBraMod/test_metrics.json,True,False,False,True,False
CBraMod,ISRUC,isruc_cbramod_dense_s3407_lr2e-4_b8_e20,/panfs/accrepfs.vampire/data/neurogroup/mingyangjiang/EEGxPlore/CBraMod/results/isruc/isruc_cbramod_dense_s3407_lr2e-4_b8_e20,True,True,registry_complete,True,False,False,full_finetune,none,3407.0,4.0,0.775524558870085,0.7335915851686902,0.7730517303229248,0.7966772075623807,False,CBraMod/test_metrics.json,True,False,False,True,False
CBraMod,ISRUC,isruc_cbramod_dense_s42_b8_e20,/panfs/accrepfs.vampire/data/neurogroup/mingyangjiang/EEGxPlore/CBraMod/results/isruc/isruc_cbramod_dense_s42_b8_e20,True,True,registry_complete,True,False,False,full_finetune,none,42.0,5.0,0.7854621310504862,0.7396926193632423,0.778940375636432,0.8002504878120911,False,CBraMod/test_metrics.json,True,False,False,True,False
CBraMod,ISRUC,isruc_cbramod_dense_s42_lr2e-4_b8_e20,/panfs/accrepfs.vampire/data/neurogroup/mingyangjiang/EEGxPlore/CBraMod/results/isruc/isruc_cbramod_dense_s42_lr2e-4_b8_e20,True,True,registry_complete,True,False,False,full_finetune,none,42.0,19.0,0.7884287875920181,0.7502962333145069,0.7867618998934103,0.8078262757767468,False,CBraMod/test_metrics.json,True,False,False,True,False
CBraMod,ISRUC,isruc_cbramod_dense_s42_lr5e-5_b8_e20,/panfs/accrepfs.vampire/data/neurogroup/mingyangjiang/EEGxPlore/CBraMod/results/isruc/isruc_cbramod_dense_s42_lr5e-5_b8_e20,True,True,registry_complete,True,False,False,full_finetune,none,42.0,15.0,0.7744223119560828,0.7341284026124207,0.7715597560329264,0.7956283066473264,False,CBraMod/test_metrics.json,True,False,False,True,False
CBraMod,ISRUC,isruc_cbramod_frozen_channel_patch_s1024_r64_lr2e-4_b8_e20,/panfs/accrepfs.vampire/data/neurogroup/mingyangjiang/EEGxPlore/CBraMod/results/isruc/isruc_cbramod_frozen_channel_patch_s1024_r64_lr2e-4_b8_e20,True,True,registry_complete,True,False,False,interaction_aligned,channel_patch,1024.0,15.0,0.7445908053030473,0.6956630063753526,0.7407857501808257,0.7630493384746424,False,CBraMod/test_metrics.json,True,False,False,True,False
CBraMod,ISRUC,isruc_cbramod_frozen_channel_patch_s3407_r64_lr2e-4_b8_e20,/panfs/accrepfs.vampire/data/neurogroup/mingyangjiang/EEGxPlore/CBraMod/results/isruc/isruc_cbramod_frozen_channel_patch_s3407_r64_lr2e-4_b8_e20,True,True,registry_complete,True,False,False,interaction_aligned,channel_patch,3407.0,16.0,0.7569716381819159,0.7134682345216284,0.757476801168339,0.7783365086715562,False,CBraMod/test_metrics.json,True,False,False,True,False
CBraMod,ISRUC,isruc_cbramod_frozen_channel_patch_s42_lr2e-4_b8_e20,/panfs/accrepfs.vampire/data/neurogroup/mingyangjiang/EEGxPlore/CBraMod/results/isruc/isruc_cbramod_frozen_channel_patch_s42_lr2e-4_b8_e20,True,True,registry_complete,True,False,False,interaction_aligned,channel_patch,42.0,9.0,0.7541019622189131,0.7119569714407924,0.7471509189075352,0.7732663754247068,False,CBraMod/test_metrics.json,True,False,False,True,False
CBraMod,ISRUC,isruc_cbramod_frozen_channel_s42_lr2e-4_b8_e20,/panfs/accrepfs.vampire/data/neurogroup/mingyangjiang/EEGxPlore/CBraMod/results/isruc/isruc_cbramod_frozen_channel_s42_lr2e-4_b8_e20,True,True,registry_complete,True,False,False,interaction_aligned,channel,42.0,9.0,0.7433502181558147,0.6930913158934278,0.7248673706374896,0.7527917529488668,False,CBraMod/test_metrics.json,True,False,False,True,False
CBraMod,ISRUC,isruc_cbramod_frozen_generic_s42_lr2e-4_b8_e20,/panfs/accrepfs.vampire/data/neurogroup/mingyangjiang/EEGxPlore/CBraMod/results/isruc/isruc_cbramod_frozen_generic_s42_lr2e-4_b8_e20,True,True,registry_complete,True,False,False,generic_bottleneck,none,42.0,9.0,0.752260738681068,0.7114092871489754,0.7437807301070515,0.771384657073822,False,CBraMod/test_metrics.json,True,False,False,True,False
CBraMod,ISRUC,isruc_cbramod_frozen_patch_s42_lr2e-4_b8_e20,/panfs/accrepfs.vampire/data/neurogroup/mingyangjiang/EEGxPlore/CBraMod/results/isruc/isruc_cbramod_frozen_patch_s42_lr2e-4_b8_e20,True,True,registry_complete,True,False,False,interaction_aligned,patch,42.0,9.0,0.7428491008591609,0.693361020362675,0.7241756357304281,0.7542565916279415,False,CBraMod/test_metrics.json,True,False,False,True,False
CBraMod,ISRUC,isruc_cbramod_frozen_probe_s1024_lr2e-4_b8_e20,/panfs/accrepfs.vampire/data/neurogroup/mingyangjiang/EEGxPlore/CBraMod/results/isruc/isruc_cbramod_frozen_probe_s1024_lr2e-4_b8_e20,True,True,registry_complete,True,False,False,frozen_probe,none,1024.0,20.0,0.7543855637013218,0.7069015499765529,0.7509045801707795,0.7720601779743427,False,CBraMod/test_metrics.json,True,False,False,True,False
CBraMod,ISRUC,isruc_cbramod_frozen_probe_s3407_lr2e-4_b8_e20,/panfs/accrepfs.vampire/data/neurogroup/mingyangjiang/EEGxPlore/CBraMod/results/isruc/isruc_cbramod_frozen_probe_s3407_lr2e-4_b8_e20,True,True,registry_complete,True,False,False,frozen_probe,none,3407.0,10.0,0.7599638783089742,0.7225676263771739,0.7574594748575196,0.7853328223561034,False,CBraMod/test_metrics.json,True,False,False,True,False
CBraMod,ISRUC,isruc_cbramod_frozen_probe_s42_lr2e-4_b8_e20,/panfs/accrepfs.vampire/data/neurogroup/mingyangjiang/EEGxPlore/CBraMod/results/isruc/isruc_cbramod_frozen_probe_s42_lr2e-4_b8_e20,True,True,registry_complete,True,False,False,frozen_probe,none,42.0,16.0,0.7542625984571867,0.7041219340097529,0.7465727382575784,0.767764261252889,False,CBraMod/test_metrics.json,True,False,False,True,False
CBraMod,ISRUC,isruc_cbramod_lora_qkv_r8_s1024_lr2e-4_b8_e20,/panfs/accrepfs.vampire/data/neurogroup/mingyangjiang/EEGxPlore/CBraMod/results/isruc/isruc_cbramod_lora_qkv_r8_s1024_lr2e-4_b8_e20,True,True,registry_complete,True,False,False,lora,none,1024.0,10.0,0.7521066099568637,0.7171117679540066,0.7486022387534367,0.7779990264540873,False,CBraMod/test_metrics.json,True,False,False,True,False
CBraMod,ISRUC,isruc_cbramod_lora_qkv_r8_s3407_lr2e-4_b8_e20,/panfs/accrepfs.vampire/data/neurogroup/mingyangjiang/EEGxPlore/CBraMod/results/isruc/isruc_cbramod_lora_qkv_r8_s3407_lr2e-4_b8_e20,True,True,registry_complete,True,False,False,lora,none,3407.0,19.0,0.7554935179435303,0.711312713982995,0.7524173765741068,0.776195704146789,False,CBraMod/test_metrics.json,True,False,False,True,False
CBraMod,ISRUC,isruc_cbramod_lora_qkv_r8_s42_lr2e-4_b8_e20,/panfs/accrepfs.vampire/data/neurogroup/mingyangjiang/EEGxPlore/CBraMod/results/isruc/isruc_cbramod_lora_qkv_r8_s42_lr2e-4_b8_e20,True,True,registry_complete,True,False,False,lora,none,42.0,9.0,0.746508729374732,0.700463382439486,0.7387823196824165,0.7662418302422025,False,CBraMod/test_metrics.json,True,False,False,True,False
CBraMod,ISRUC,isruc_cbramod_native_full_channel_patch_s42_lr2e-4_b8_e20,/panfs/accrepfs.vampire/data/neurogroup/mingyangjiang/EEGxPlore/CBraMod/results/isruc/isruc_cbramod_native_full_channel_patch_s42_lr2e-4_b8_e20,True,True,registry_complete,True,False,False,native_full_finetune,channel_patch,42.0,20.0,0.7828451424869682,0.74697324922096,0.7827616835790476,0.8052137083972031,False,CBraMod/test_metrics.json,True,False,False,True,False
CBraMod,ISRUC,isruc_cbramod_native_full_channel_s42_lr2e-4_b8_e20,/panfs/accrepfs.vampire/data/neurogroup/mingyangjiang/EEGxPlore/CBraMod/results/isruc/isruc_cbramod_native_full_channel_s42_lr2e-4_b8_e20,True,True,registry_complete,True,False,False,native_full_finetune,channel,42.0,8.0,0.774252945847443,0.7421730382496129,0.7739773821663986,0.7995611759492017,False,CBraMod/test_metrics.json,True,False,False,True,False
CBraMod,ISRUC,isruc_cbramod_native_full_patch_s42_lr2e-4_b8_e20,/panfs/accrepfs.vampire/data/neurogroup/mingyangjiang/EEGxPlore/CBraMod/results/isruc/isruc_cbramod_native_full_patch_s42_lr2e-4_b8_e20,True,True,registry_complete,True,False,False,native_full_finetune,patch,42.0,10.0,0.7739250953015382,0.727524958541965,0.7701606178260242,0.7901155681855095,False,CBraMod/test_metrics.json,True,False,False,True,False
CBraMod,ISRUC,isruc_cbramod_repair_frozen_cp_r32_g05_s42,/panfs/accrepfs.vampire/data/neurogroup/mingyangjiang/EEGxPlore/CBraMod/results/isruc/isruc_cbramod_repair_frozen_cp_r32_g05_s42,True,True,registry_complete,True,False,False,interaction_aligned,channel_patch,42.0,9.0,0.7416330694827868,0.6953200812033222,0.7251175604876959,0.756606082316355,False,CBraMod/test_metrics.json,True,False,False,True,False
CBraMod,ISRUC,isruc_cbramod_repair_frozen_cp_r32_g10_alpha0_s42,/panfs/accrepfs.vampire/data/neurogroup/mingyangjiang/EEGxPlore/CBraMod/results/isruc/isruc_cbramod_repair_frozen_cp_r32_g10_alpha0_s42,True,True,registry_complete,True,False,False,interaction_aligned,channel_patch,42.0,9.0,0.7611094206771658,0.7166364550553115,0.7528395234396899,0.7778746813636715,False,CBraMod/test_metrics.json,True,False,False,True,False
CBraMod,ISRUC,isruc_cbramod_repair_frozen_cp_r32_g10_s42,/panfs/accrepfs.vampire/data/neurogroup/mingyangjiang/EEGxPlore/CBraMod/results/isruc/isruc_cbramod_repair_frozen_cp_r32_g10_s42,True,True,registry_complete,True,False,False,interaction_aligned,channel_patch,42.0,9.0,0.750615674737209,0.6982151085449786,0.7379695523303554,0.7612748958336506,False,CBraMod/test_metrics.json,True,False,False,True,False
CBraMod,ISRUC,isruc_cbramod_repair_full_channel_r64_adaptrl2e-4_s42,/panfs/accrepfs.vampire/data/neurogroup/mingyangjiang/EEGxPlore/CBraMod/results/isruc/isruc_cbramod_repair_full_channel_r64_adaptrl2e-4_s42,True,True,registry_complete,True,False,False,native_full_finetune,channel,42.0,8.0,0.7783927796880665,0.7394724043641098,0.772676891788464,0.7963581511979784,False,CBraMod/test_metrics.json,True,False,False,True,False
CBraMod,ISRUC,isruc_cbramod_repair_full_cp_r64_adaptrl2e-4_s42,/panfs/accrepfs.vampire/data/neurogroup/mingyangjiang/EEGxPlore/CBraMod/results/isruc/isruc_cbramod_repair_full_cp_r64_adaptrl2e-4_s42,True,True,registry_complete,True,False,False,native_full_finetune,channel_patch,42.0,8.0,0.7849825178552399,0.7488494841048546,0.7799116137684271,0.8046841855550811,False,CBraMod/test_metrics.json,True,False,False,True,False
CBraMod,ISRUC,isruc_cbramod_smoke_s42,/panfs/accrepfs.vampire/data/neurogroup/mingyangjiang/EEGxPlore/CBraMod/results/isruc/isruc_cbramod_smoke_s42,True,True,registry_complete,True,True,False,full_finetune,none,42.0,1.0,0.28444444444444444,0.15176715176715172,0.20407391491190374,0.27063816072195956,False,CBraMod/test_metrics.json,True,False,False,True,False
CBraMod,ISRUC,isruc_cbramod_upper2_s1024_lr2e-4_b8_e20,/panfs/accrepfs.vampire/data/neurogroup/mingyangjiang/EEGxPlore/CBraMod/results/isruc/isruc_cbramod_upper2_s1024_lr2e-4_b8_e20,True,True,registry_complete,True,False,False,upper_k_finetune,none,1024.0,9.0,0.7791125899125213,0.7315814124027624,0.7694528410103383,0.7890267635356137,False,CBraMod/test_metrics.json,True,False,False,True,False
CBraMod,ISRUC,isruc_cbramod_upper2_s3407_lr2e-4_b8_e20,/panfs/accrepfs.vampire/data/neurogroup/mingyangjiang/EEGxPlore/CBraMod/results/isruc/isruc_cbramod_upper2_s3407_lr2e-4_b8_e20,True,True,registry_complete,True,False,False,upper_k_finetune,none,3407.0,6.0,0.7770745360613545,0.7404410496499066,0.7749668864201185,0.8003940544110134,False,CBraMod/test_metrics.json,True,False,False,True,False
CBraMod,ISRUC,isruc_cbramod_upper2_s42_lr2e-4_b8_e20,/panfs/accrepfs.vampire/data/neurogroup/mingyangjiang/EEGxPlore/CBraMod/results/isruc/isruc_cbramod_upper2_s42_lr2e-4_b8_e20,True,True,registry_complete,True,False,False,upper_k_finetune,none,42.0,6.0,0.7758898107736814,0.7495102855404923,0.7730561327112506,0.8021801735659505,False,CBraMod/test_metrics.json,True,False,False,True,False
CBraMod,PhysioNet-MI,physionet_mi_cbramod_dense_s1024_lr2e-4_b64_e40,/panfs/accrepfs.vampire/data/neurogroup/mingyangjiang/EEGxPlore/CBraMod/results/physionet_mi/physionet_mi_cbramod_dense_s1024_lr2e-4_b64_e40,True,True,registry_complete,True,False,False,full_finetune,none,1024.0,15.0,0.6257313167774399,0.5008721229478043,0.6265302355716044,0.6264985734802647,False,CBraMod/test_metrics.json,True,False,False,True,False
CBraMod,PhysioNet-MI,physionet_mi_cbramod_dense_s3407_lr2e-4_b64_e40,/panfs/accrepfs.vampire/data/neurogroup/mingyangjiang/EEGxPlore/CBraMod/results/physionet_mi/physionet_mi_cbramod_dense_s3407_lr2e-4_b64_e40,True,True,registry_complete,True,False,False,full_finetune,none,3407.0,16.0,0.6246091734803796,0.49938952993600016,0.625767881002731,0.6257425794318654,False,CBraMod/test_metrics.json,True,False,False,True,False
CBraMod,PhysioNet-MI,physionet_mi_cbramod_dense_s42_lr2e-4_b64_e40,/panfs/accrepfs.vampire/data/neurogroup/mingyangjiang/EEGxPlore/CBraMod/results/physionet_mi/physionet_mi_cbramod_dense_s42_lr2e-4_b64_e40,True,True,registry_complete,True,False,False,full_finetune,none,42.0,17.0,0.6179117159568019,0.4904981094652241,0.6190032384490151,0.6189859530748257,False,CBraMod/test_metrics.json,True,False,False,True,False
CBraMod,PhysioNet-MI,physionet_mi_cbramod_dense_s42_lr3e-4_b64_e40,/panfs/accrepfs.vampire/data/neurogroup/mingyangjiang/EEGxPlore/CBraMod/results/physionet_mi/physionet_mi_cbramod_dense_s42_lr3e-4_b64_e40,True,True,registry_complete,True,False,False,full_finetune,none,42.0,22.0,0.6289884716806403,0.5052759458948437,0.6297597525617114,0.6297377220150987,False,CBraMod/test_metrics.json,True,False,False,True,False
CBraMod,PhysioNet-MI,physionet_mi_cbramod_dense_s42_lr5e-4_b64_e40,/panfs/accrepfs.vampire/data/neurogroup/mingyangjiang/EEGxPlore/CBraMod/results/physionet_mi/physionet_mi_cbramod_dense_s42_lr5e-4_b64_e40,True,True,registry_complete,True,False,False,full_finetune,none,42.0,12.0,0.6317195757661442,0.5089547047474045,0.6324475051337438,0.6324323898357161,False,CBraMod/test_metrics.json,True,False,False,True,False
CBraMod,PhysioNet-MI,physionet_mi_cbramod_frozen_axisblind_s1024_r148_lr2e-4_b64_e40,/panfs/accrepfs.vampire/data/neurogroup/mingyangjiang/EEGxPlore/CBraMod/results/physionet_mi/physionet_mi_cbramod_frozen_axisblind_s1024_r148_lr2e-4_b64_e40,True,True,registry_complete,True,False,False,axis_blind,generic_token_control,1024.0,6.0,0.536947764649069,0.3825408309155919,0.5405298416645647,0.5405025521387802,False,CBraMod/test_metrics.json,True,False,False,True,False
CBraMod,PhysioNet-MI,physionet_mi_cbramod_frozen_axisblind_s3407_r148_lr2e-4_b64_e40,/panfs/accrepfs.vampire/data/neurogroup/mingyangjiang/EEGxPlore/CBraMod/results/physionet_mi/physionet_mi_cbramod_frozen_axisblind_s3407_r148_lr2e-4_b64_e40,True,True,registry_complete,True,False,False,axis_blind,generic_token_control,3407.0,5.0,0.5440961577473573,0.392116570607315,0.5496647353599788,0.5496464634870936,False,CBraMod/test_metrics.json,True,False,False,True,False
CBraMod,PhysioNet-MI,physionet_mi_cbramod_frozen_axisblind_s42_lr2e-4_b64_e40,/panfs/accrepfs.vampire/data/neurogroup/mingyangjiang/EEGxPlore/CBraMod/results/physionet_mi/physionet_mi_cbramod_frozen_axisblind_s42_lr2e-4_b64_e40,True,True,registry_complete,True,False,False,axis_blind,generic_token_control,42.0,3.0,0.537081780499967,0.3826342627619592,0.5369314232370992,0.5368961444635937,False,CBraMod/test_metrics.json,True,False,False,True,False
CBraMod,PhysioNet-MI,physionet_mi_cbramod_frozen_channel_patch_r64_s42_lr2e-4_b64_e40,/panfs/accrepfs.vampire/data/neurogroup/mingyangjiang/EEGxPlore/CBraMod/results/physionet_mi/physionet_mi_cbramod_frozen_channel_patch_r64_s42_lr2e-4_b64_e40,True,True,registry_complete,True,False,False,interaction_aligned,channel_patch,42.0,19.0,0.5563284808016258,0.4084043980851071,0.5589373627887834,0.5589193862134213,False,CBraMod/test_metrics.json,True,False,False,True,False
CBraMod,PhysioNet-MI,physionet_mi_cbramod_frozen_channel_patch_s1024_r32_lr2e-4_b64_e40,/panfs/accrepfs.vampire/data/neurogroup/mingyangjiang/EEGxPlore/CBraMod/results/physionet_mi/physionet_mi_cbramod_frozen_channel_patch_s1024_r32_lr2e-4_b64_e40,True,True,registry_complete,True,False,False,interaction_aligned,channel_patch,1024.0,6.0,0.5447280280358292,0.39289244375614696,0.5474045257062004,0.5473611345361193,False,CBraMod/test_metrics.json,True,False,False,True,False
CBraMod,PhysioNet-MI,physionet_mi_cbramod_frozen_channel_patch_s3407_r32_lr2e-4_b64_e40,/panfs/accrepfs.vampire/data/neurogroup/mingyangjiang/EEGxPlore/CBraMod/results/physionet_mi/physionet_mi_cbramod_frozen_channel_patch_s3407_r32_lr2e-4_b64_e40,True,True,registry_complete,True,False,False,interaction_aligned,channel_patch,3407.0,10.0,0.5385787626651348,0.3847423404298079,0.5408047389865864,0.5407886462338123,False,CBraMod/test_metrics.json,True,False,False,True,False
CBraMod,PhysioNet-MI,physionet_mi_cbramod_frozen_channel_r64_s42_lr2e-4_b64_e40,/panfs/accrepfs.vampire/data/neurogroup/mingyangjiang/EEGxPlore/CBraMod/results/physionet_mi/physionet_mi_cbramod_frozen_channel_r64_s42_lr2e-4_b64_e40,True,True,registry_complete,True,False,False,interaction_aligned,channel,42.0,7.0,0.5392313995057074,0.38554458482747767,0.541705919662576,0.5416744180025194,False,CBraMod/test_metrics.json,True,False,False,True,False
CBraMod,PhysioNet-MI,physionet_mi_cbramod_frozen_channel_s1024_r64_lr2e-4_b64_e40,/panfs/accrepfs.vampire/data/neurogroup/mingyangjiang/EEGxPlore/CBraMod/results/physionet_mi/physionet_mi_cbramod_frozen_channel_s1024_r64_lr2e-4_b64_e40,True,True,registry_complete,True,False,False,interaction_aligned,channel,1024.0,2.0,0.5552695052871399,0.40693927386864703,0.5545717673204273,0.5545100653436812,False,CBraMod/test_metrics.json,True,False,False,True,False
CBraMod,PhysioNet-MI,physionet_mi_cbramod_frozen_channel_s3407_r64_lr2e-4_b64_e40,/panfs/accrepfs.vampire/data/neurogroup/mingyangjiang/EEGxPlore/CBraMod/results/physionet_mi/physionet_mi_cbramod_frozen_channel_s3407_r64_lr2e-4_b64_e40,True,True,registry_complete,True,False,False,interaction_aligned,channel,3407.0,11.0,0.5402712924306594,0.386977160424965,0.5432412332908125,0.5432178800623216,False,CBraMod/test_metrics.json,True,False,False,True,False
CBraMod,PhysioNet-MI,physionet_mi_cbramod_frozen_generic_r64_s42_lr2e-4_b64_e40,/panfs/accrepfs.vampire/data/neurogroup/mingyangjiang/EEGxPlore/CBraMod/results/physionet_mi/physionet_mi_cbramod_frozen_generic_r64_s42_lr2e-4_b64_e40,True,True,registry_complete,True,False,False,generic_bottleneck,none,42.0,4.0,0.5425707668081,0.38997207973188663,0.5449031234091855,0.5448459749237149,False,CBraMod/test_metrics.json,True,False,False,True,False
CBraMod,PhysioNet-MI,physionet_mi_cbramod_frozen_generic_s1024_r64_lr2e-4_b64_e40,/panfs/accrepfs.vampire/data/neurogroup/mingyangjiang/EEGxPlore/CBraMod/results/physionet_mi/physionet_mi_cbramod_frozen_generic_s1024_r64_lr2e-4_b64_e40,True,True,registry_complete,True,False,False,generic_bottleneck,none,1024.0,2.0,0.562441614470168,0.41653022251607386,0.5627679789379954,0.5627192578897148,False,CBraMod/test_metrics.json,True,False,False,True,False
CBraMod,PhysioNet-MI,physionet_mi_cbramod_frozen_generic_s3407_r64_lr2e-4_b64_e40,/panfs/accrepfs.vampire/data/neurogroup/mingyangjiang/EEGxPlore/CBraMod/results/physionet_mi/physionet_mi_cbramod_frozen_generic_s3407_r64_lr2e-4_b64_e40,True,True,registry_complete,True,False,False,generic_bottleneck,none,3407.0,8.0,0.5473733390214944,0.39653585474018915,0.5503297619207032,0.5503428286183412,False,CBraMod/test_metrics.json,True,False,False,True,False
CBraMod,PhysioNet-MI,physionet_mi_cbramod_frozen_patch_r64_s42_lr2e-4_b64_e40,/panfs/accrepfs.vampire/data/neurogroup/mingyangjiang/EEGxPlore/CBraMod/results/physionet_mi/physionet_mi_cbramod_frozen_patch_r64_s42_lr2e-4_b64_e40,True,True,registry_complete,True,False,False,interaction_aligned,patch,42.0,2.0,0.5231767658035582,0.36413487436724334,0.5234802564982007,0.5234426855190963,False,CBraMod/test_metrics.json,True,False,False,True,False
CBraMod,PhysioNet-MI,physionet_mi_cbramod_frozen_patch_s1024_r64_lr2e-4_b64_e40,/panfs/accrepfs.vampire/data/neurogroup/mingyangjiang/EEGxPlore/CBraMod/results/physionet_mi/physionet_mi_cbramod_frozen_patch_s1024_r64_lr2e-4_b64_e40,True,True,registry_complete,True,False,False,interaction_aligned,patch,1024.0,2.0,0.5608115976270177,0.4143340460149233,0.5611777050507358,0.5611219910180419,False,CBraMod/test_metrics.json,True,False,False,True,False
CBraMod,PhysioNet-MI,physionet_mi_cbramod_frozen_patch_s3407_r64_lr2e-4_b64_e40,/panfs/accrepfs.vampire/data/neurogroup/mingyangjiang/EEGxPlore/CBraMod/results/physionet_mi/physionet_mi_cbramod_frozen_patch_s3407_r64_lr2e-4_b64_e40,True,True,registry_complete,True,False,False,interaction_aligned,patch,3407.0,5.0,0.5418406821700308,0.38913695298175965,0.5402862138389434,0.5402832158154107,False,CBraMod/test_metrics.json,True,False,False,True,False
CBraMod,PhysioNet-MI,physionet_mi_cbramod_frozen_probe_s1024_lr2e-4_b64_e40,/panfs/accrepfs.vampire/data/neurogroup/mingyangjiang/EEGxPlore/CBraMod/results/physionet_mi/physionet_mi_cbramod_frozen_probe_s1024_lr2e-4_b64_e40,True,True,registry_complete,True,False,False,frozen_probe,none,1024.0,12.0,0.5425242785108676,0.38996257280585844,0.5440738589439391,0.5440560821872225,False,CBraMod/test_metrics.json,True,False,False,True,False
CBraMod,PhysioNet-MI,physionet_mi_cbramod_frozen_probe_s3407_lr2e-4_b64_e40,/panfs/accrepfs.vampire/data/neurogroup/mingyangjiang/EEGxPlore/CBraMod/results/physionet_mi/physionet_mi_cbramod_frozen_probe_s3407_lr2e-4_b64_e40,True,True,registry_complete,True,False,False,frozen_probe,none,3407.0,7.0,0.5475023720990332,0.39661282484010474,0.5497823368589918,0.5497720365342724,False,CBraMod/test_metrics.json,True,False,False,True,False
CBraMod,PhysioNet-MI,physionet_mi_cbramod_frozen_probe_s42_lr2e-4_b64_e40,/panfs/accrepfs.vampire/data/neurogroup/mingyangjiang/EEGxPlore/CBraMod/results/physionet_mi/physionet_mi_cbramod_frozen_probe_s42_lr2e-4_b64_e40,True,True,registry_complete,True,False,False,frozen_probe,none,42.0,7.0,0.5404099732452281,0.38705358314524163,0.542561038807855,0.5424948095549804,False,CBraMod/test_metrics.json,True,False,False,True,False
CBraMod,PhysioNet-MI,physionet_mi_cbramod_full_channel_patch_r64_s42_lr2e-4_b64_e40,/panfs/accrepfs.vampire/data/neurogroup/mingyangjiang/EEGxPlore/CBraMod/results/physionet_mi/physionet_mi_cbramod_full_channel_patch_r64_s42_lr2e-4_b64_e40,True,True,registry_complete,True,False,False,native_full_finetune,channel_patch,42.0,17.0,0.625170768346639,0.5001197585143382,0.6255580464728573,0.6255072294334038,False,CBraMod/test_metrics.json,True,False,False,True,False
CBraMod,PhysioNet-MI,physionet_mi_cbramod_full_channel_patch_s1024_r64_adaplr2e-4_lr2e-4_b64_e40,/panfs/accrepfs.vampire/data/neurogroup/mingyangjiang/EEGxPlore/CBraMod/results/physionet_mi/physionet_mi_cbramod_full_channel_patch_s1024_r64_adaplr2e-4_lr2e-4_b64_e40,True,True,registry_complete,True,False,False,native_full_finetune,channel_patch,1024.0,14.0,0.6229646911727589,0.4971787975501185,0.6231720997578893,0.6231431119044099,False,CBraMod/test_metrics.json,True,False,False,True,False
CBraMod,PhysioNet-MI,physionet_mi_cbramod_full_channel_patch_s3407_r64_adaplr2e-4_lr2e-4_b64_e40,/panfs/accrepfs.vampire/data/neurogroup/mingyangjiang/EEGxPlore/CBraMod/results/physionet_mi/physionet_mi_cbramod_full_channel_patch_s3407_r64_adaplr2e-4_lr2e-4_b64_e40,True,True,registry_complete,True,False,False,native_full_finetune,channel_patch,3407.0,19.0,0.6257103752228851,0.5008541084358844,0.6265177626235708,0.626472884234863,False,CBraMod/test_metrics.json,True,False,False,True,False
CBraMod,PhysioNet-MI,physionet_mi_cbramod_full_channel_r64_s42_lr2e-4_b64_e40,/panfs/accrepfs.vampire/data/neurogroup/mingyangjiang/EEGxPlore/CBraMod/results/physionet_mi/physionet_mi_cbramod_full_channel_r64_s42_lr2e-4_b64_e40,True,True,registry_complete,True,False,False,native_full_finetune,channel,42.0,26.0,0.6306809311326789,0.5075146386267806,0.6312290527216571,0.6312160905451548,False,CBraMod/test_metrics.json,True,False,False,True,False
CBraMod,PhysioNet-MI,physionet_mi_cbramod_full_channel_s1024_r64_adaplr2e-4_lr2e-4_b64_e40,/panfs/accrepfs.vampire/data/neurogroup/mingyangjiang/EEGxPlore/CBraMod/results/physionet_mi/physionet_mi_cbramod_full_channel_s1024_r64_adaplr2e-4_lr2e-4_b64_e40,True,True,registry_complete,True,False,False,native_full_finetune,channel,1024.0,17.0,0.6212425420238723,0.49493478380344824,0.6221057779681725,0.6220853374125851,False,CBraMod/test_metrics.json,True,False,False,True,False
CBraMod,PhysioNet-MI,physionet_mi_cbramod_full_channel_s3407_r64_adaplr2e-4_lr2e-4_b64_e40,/panfs/accrepfs.vampire/data/neurogroup/mingyangjiang/EEGxPlore/CBraMod/results/physionet_mi/physionet_mi_cbramod_full_channel_s3407_r64_adaplr2e-4_lr2e-4_b64_e40,True,True,registry_complete,True,False,False,native_full_finetune,channel,3407.0,12.0,0.6124028776987829,0.48310797093454616,0.6141561867166017,0.6141092131477366,False,CBraMod/test_metrics.json,True,False,False,True,False
CBraMod,PhysioNet-MI,physionet_mi_cbramod_full_patch_r64_s42_lr2e-4_b64_e40,/panfs/accrepfs.vampire/data/neurogroup/mingyangjiang/EEGxPlore/CBraMod/results/physionet_mi/physionet_mi_cbramod_full_patch_r64_s42_lr2e-4_b64_e40,True,True,registry_complete,True,False,False,native_full_finetune,patch,42.0,15.0,0.6228946337768595,0.4971416759155126,0.6240058329628781,0.6239773064605499,False,CBraMod/test_metrics.json,True,False,False,True,False
CBraMod,PhysioNet-MI,physionet_mi_cbramod_full_patch_s1024_r64_adaplr2e-4_lr2e-4_b64_e40,/panfs/accrepfs.vampire/data/neurogroup/mingyangjiang/EEGxPlore/CBraMod/results/physionet_mi/physionet_mi_cbramod_full_patch_s1024_r64_adaplr2e-4_lr2e-4_b64_e40,True,True,registry_complete,True,False,False,native_full_finetune,patch,1024.0,32.0,0.6290265336787553,0.5052860912045037,0.6301778180734139,0.6301362729917737,False,CBraMod/test_metrics.json,True,False,False,True,False
CBraMod,PhysioNet-MI,physionet_mi_cbramod_full_patch_s3407_r64_adaplr2e-4_lr2e-4_b64_e40,/panfs/accrepfs.vampire/data/neurogroup/mingyangjiang/EEGxPlore/CBraMod/results/physionet_mi/physionet_mi_cbramod_full_patch_s3407_r64_adaplr2e-4_lr2e-4_b64_e40,True,True,registry_complete,True,False,False,native_full_finetune,patch,3407.0,25.0,0.6268302184513554,0.5023430604725329,0.6280322262379716,0.627996476896273,False,CBraMod/test_metrics.json,True,False,False,True,False
CBraMod,PhysioNet-MI,physionet_mi_cbramod_lora_qkv_r8_s1024_lr2e-4_b64_e40,/panfs/accrepfs.vampire/data/neurogroup/mingyangjiang/EEGxPlore/CBraMod/results/physionet_mi/physionet_mi_cbramod_lora_qkv_r8_s1024_lr2e-4_b64_e40,True,True,registry_complete,True,False,False,lora,none,1024.0,16.0,0.5446692651842091,0.39286829018200453,0.5464679282043813,0.5464545266921237,False,CBraMod/test_metrics.json,True,False,False,True,False
CBraMod,PhysioNet-MI,physionet_mi_cbramod_lora_qkv_r8_s3407_lr2e-4_b64_e40,/panfs/accrepfs.vampire/data/neurogroup/mingyangjiang/EEGxPlore/CBraMod/results/physionet_mi/physionet_mi_cbramod_lora_qkv_r8_s3407_lr2e-4_b64_e40,True,True,registry_complete,True,False,False,lora,none,3407.0,9.0,0.5502713419589702,0.4002994743818573,0.5528088623564995,0.5527869870397326,False,CBraMod/test_metrics.json,True,False,False,True,False
CBraMod,PhysioNet-MI,physionet_mi_cbramod_lora_qkv_r8_s42_lr2e-4_b64_e40,/panfs/accrepfs.vampire/data/neurogroup/mingyangjiang/EEGxPlore/CBraMod/results/physionet_mi/physionet_mi_cbramod_lora_qkv_r8_s42_lr2e-4_b64_e40,True,True,registry_complete,True,False,False,lora,none,42.0,7.0,0.5530676793538323,0.40402194084174914,0.5556002063418632,0.5555925729578591,False,CBraMod/test_metrics.json,True,False,False,True,False
CBraMod,PhysioNet-MI,physionet_mi_cbramod_repair_frozen_channel_patch_r32_s42_lr2e-4_b64_e40,/panfs/accrepfs.vampire/data/neurogroup/mingyangjiang/EEGxPlore/CBraMod/results/physionet_mi/physionet_mi_cbramod_repair_frozen_channel_patch_r32_s42_lr2e-4_b64_e40,True,True,registry_complete,True,False,False,interaction_aligned,channel_patch,42.0,5.0,0.5464032144258884,0.3951428649935962,0.5486212195118555,0.5486107056248216,False,CBraMod/test_metrics.json,True,False,False,True,False
CBraMod,PhysioNet-MI,physionet_mi_cbramod_repair_frozen_channel_r32_s42_lr2e-4_b64_e40,/panfs/accrepfs.vampire/data/neurogroup/mingyangjiang/EEGxPlore/CBraMod/results/physionet_mi/physionet_mi_cbramod_repair_frozen_channel_r32_s42_lr2e-4_b64_e40,True,True,registry_complete,True,False,False,interaction_aligned,channel,42.0,6.0,0.5386024017865861,0.3847607610760585,0.5418987176442687,0.541884461070941,False,CBraMod/test_metrics.json,True,False,False,True,False
CBraMod,PhysioNet-MI,physionet_mi_cbramod_repair_frozen_patch_r32_s42_lr2e-4_b64_e40,/panfs/accrepfs.vampire/data/neurogroup/mingyangjiang/EEGxPlore/CBraMod/results/physionet_mi/physionet_mi_cbramod_repair_frozen_patch_r32_s42_lr2e-4_b64_e40,True,True,registry_complete,True,False,False,interaction_aligned,patch,42.0,4.0,0.5507877239637601,0.4010116641189815,0.5519821391707729,0.5519647905874021,False,CBraMod/test_metrics.json,True,False,False,True,False
CBraMod,PhysioNet-MI,physionet_mi_cbramod_repair_full_channel_patch_r64_adaplr2e-4_s42_lr2e-4_b64_e40,/panfs/accrepfs.vampire/data/neurogroup/mingyangjiang/EEGxPlore/CBraMod/results/physionet_mi/physionet_mi_cbramod_repair_full_channel_patch_r64_adaplr2e-4_s42_lr2e-4_b64_e40,True,True,registry_complete,True,False,False,native_full_finetune,channel_patch,42.0,20.0,0.6162965742132264,0.4882918412620162,0.6172861083912223,0.6172402809005968,False,CBraMod/test_metrics.json,True,False,False,True,False
CBraMod,PhysioNet-MI,physionet_mi_cbramod_repair_full_channel_r64_adaplr2e-4_s42_lr2e-4_b64_e40,/panfs/accrepfs.vampire/data/neurogroup/mingyangjiang/EEGxPlore/CBraMod/results/physionet_mi/physionet_mi_cbramod_repair_full_channel_r64_adaplr2e-4_s42_lr2e-4_b64_e40,True,True,registry_complete,True,False,False,native_full_finetune,channel,42.0,14.0,0.6146176872807239,0.4860709239637526,0.6147080542185764,0.6146754949104243,False,CBraMod/test_metrics.json,True,False,False,True,False
CBraMod,PhysioNet-MI,physionet_mi_cbramod_repair_full_patch_r64_adaplr2e-4_s42_lr2e-4_b64_e40,/panfs/accrepfs.vampire/data/neurogroup/mingyangjiang/EEGxPlore/CBraMod/results/physionet_mi/physionet_mi_cbramod_repair_full_patch_r64_adaplr2e-4_s42_lr2e-4_b64_e40,True,True,registry_complete,True,False,False,native_full_finetune,patch,42.0,18.0,0.6245796964682001,0.49937207776228365,0.6253609987558139,0.6253339702685085,False,CBraMod/test_metrics.json,True,False,False,True,False
CBraMod,PhysioNet-MI,physionet_mi_cbramod_smoke_channel_patch_s42,/panfs/accrepfs.vampire/data/neurogroup/mingyangjiang/EEGxPlore/CBraMod/results/physionet_mi/physionet_mi_cbramod_smoke_channel_patch_s42,True,True,registry_complete,True,True,False,interaction_aligned,channel_patch,42.0,1.0,0.5,0.0,0.16666666666666666,0.3333333333333333,False,CBraMod/test_metrics.json,True,False,False,True,False
CBraMod,PhysioNet-MI,physionet_mi_cbramod_smoke_s42,/panfs/accrepfs.vampire/data/neurogroup/mingyangjiang/EEGxPlore/CBraMod/results/physionet_mi/physionet_mi_cbramod_smoke_s42,True,True,registry_complete,True,True,False,full_finetune,none,42.0,1.0,0.5,0.0,0.16666666666666666,0.3333333333333333,False,CBraMod/test_metrics.json,True,False,False,True,False
CBraMod,PhysioNet-MI,physionet_mi_cbramod_upper2_s1024_lr2e-4_b64_e40,/panfs/accrepfs.vampire/data/neurogroup/mingyangjiang/EEGxPlore/CBraMod/results/physionet_mi/physionet_mi_cbramod_upper2_s1024_lr2e-4_b64_e40,True,True,registry_complete,True,False,False,upper_k_finetune,none,1024.0,2.0,0.6073146476461674,0.4764028877898957,0.6100689882889578,0.6100326232833504,False,CBraMod/test_metrics.json,True,False,False,True,False
CBraMod,PhysioNet-MI,physionet_mi_cbramod_upper2_s3407_lr2e-4_b64_e40,/panfs/accrepfs.vampire/data/neurogroup/mingyangjiang/EEGxPlore/CBraMod/results/physionet_mi/physionet_mi_cbramod_upper2_s3407_lr2e-4_b64_e40,True,True,registry_complete,True,False,False,upper_k_finetune,none,3407.0,2.0,0.5924414030391509,0.45648424724869774,0.5917255311482967,0.5916796896741513,False,CBraMod/test_metrics.json,True,False,False,True,False
CBraMod,PhysioNet-MI,physionet_mi_cbramod_upper2_s42_lr2e-4_b64_e40,/panfs/accrepfs.vampire/data/neurogroup/mingyangjiang/EEGxPlore/CBraMod/results/physionet_mi/physionet_mi_cbramod_upper2_s42_lr2e-4_b64_e40,True,True,registry_complete,True,False,False,upper_k_finetune,none,42.0,22.0,0.5956809083125915,0.4608932509680761,0.5982934210075351,0.598278840454946,False,CBraMod/test_metrics.json,True,False,False,True,False
CBraMod,SEED-V,seedv_audit_gate_20260802,/panfs/accrepfs.vampire/data/neurogroup/mingyangjiang/EEGxPlore/CBraMod/results/seedv/seedv_audit_gate_20260802,False,,audit_or_smoke,False,True,False,frozen_probe,none,42.0,,,,,,False,CBraMod/test_metrics.json,True,False,False,True,False
CBraMod,SEED-V,seedv_dense_full_s1024,/panfs/accrepfs.vampire/data/neurogroup/mingyangjiang/EEGxPlore/CBraMod/results/seedv/seedv_dense_full_s1024,True,True,registry_complete,True,False,False,full_finetune,none,1024.0,30.0,0.40081481657183937,0.25889433768476644,0.40128780632006417,0.41190772635308864,False,CBraMod/test_metrics.json,True,False,False,True,False
CBraMod,SEED-V,seedv_dense_full_s3407,/panfs/accrepfs.vampire/data/neurogroup/mingyangjiang/EEGxPlore/CBraMod/results/seedv/seedv_dense_full_s3407,True,True,registry_complete,True,False,False,full_finetune,none,3407.0,8.0,0.37974486759455534,0.22847346591378603,0.3748987106346814,0.38409382809430226,False,CBraMod/test_metrics.json,True,False,False,True,False
CBraMod,SEED-V,seedv_dense_full_s42,/panfs/accrepfs.vampire/data/neurogroup/mingyangjiang/EEGxPlore/CBraMod/results/seedv/seedv_dense_full_s42,True,True,registry_complete,True,False,False,full_finetune,none,42.0,7.0,0.3822997605071836,0.2350441210048685,0.38217977400782005,0.3931424184699292,False,CBraMod/test_metrics.json,True,False,False,True,False
CBraMod,SEED-V,seedv_evalmode_frozen_axis_blind_s1024_20260804,/panfs/accrepfs.vampire/data/neurogroup/mingyangjiang/EEGxPlore/CBraMod/results/seedv/seedv_evalmode_frozen_axis_blind_s1024_20260804,True,True,registry_complete,True,False,False,axis_blind,generic_token_control,1024.0,5.0,0.2971407044569917,0.11887990745562338,0.2971234244792269,0.3017802980985625,False,CBraMod/test_metrics.json,True,False,False,True,False
CBraMod,SEED-V,seedv_evalmode_frozen_axis_blind_s3407_requeue_20260805,/panfs/accrepfs.vampire/data/neurogroup/mingyangjiang/EEGxPlore/CBraMod/results/seedv/seedv_evalmode_frozen_axis_blind_s3407_requeue_20260805,True,True,registry_complete,True,False,False,axis_blind,generic_token_control,3407.0,25.0,0.30977179298799296,0.13543871517007755,0.31077615432821776,0.31547402258168256,False,CBraMod/test_metrics.json,True,False,False,True,False
CBraMod,SEED-V,seedv_evalmode_frozen_axis_blind_s42_20260804,/panfs/accrepfs.vampire/data/neurogroup/mingyangjiang/EEGxPlore/CBraMod/results/seedv/seedv_evalmode_frozen_axis_blind_s42_20260804,True,True,registry_complete,True,False,False,axis_blind,generic_token_control,42.0,5.0,0.2947997448294509,0.11518687748745593,0.29005141124950845,0.2946620884146674,False,CBraMod/test_metrics.json,True,False,False,True,False
CBraMod,SEED-V,seedv_evalmode_frozen_channel_s1024_lr1e-5_20260804,/panfs/accrepfs.vampire/data/neurogroup/mingyangjiang/EEGxPlore/CBraMod/results/seedv/seedv_evalmode_frozen_channel_s1024_lr1e-5_20260804,True,True,registry_complete,True,False,False,interaction_aligned,channel,1024.0,13.0,0.2911470986043746,0.11102726904709448,0.29075242309834515,0.2947268347376295,False,CBraMod/test_metrics.json,True,False,False,True,False
CBraMod,SEED-V,seedv_evalmode_frozen_channel_s3407_lr1e-5_20260804,/panfs/accrepfs.vampire/data/neurogroup/mingyangjiang/EEGxPlore/CBraMod/results/seedv/seedv_evalmode_frozen_channel_s3407_lr1e-5_20260804,True,True,registry_complete,True,False,False,interaction_aligned,channel,3407.0,10.0,0.296139844846257,0.11836499239636145,0.28097478179789287,0.28848139295612957,False,CBraMod/test_metrics.json,True,False,False,True,False
CBraMod,SEED-V,seedv_evalmode_frozen_channel_s42_lr1e-5_20260804,/panfs/accrepfs.vampire/data/neurogroup/mingyangjiang/EEGxPlore/CBraMod/results/seedv/seedv_evalmode_frozen_channel_s42_lr1e-5_20260804,True,True,registry_complete,True,False,False,interaction_aligned,channel,42.0,5.0,0.288196999934955,0.108617838060861,0.28532104252684387,0.29184776948437363,False,CBraMod/test_metrics.json,True,False,False,True,False
CBraMod,SEED-V,seedv_evalmode_frozen_dense_s1024_20260804,/panfs/accrepfs.vampire/data/neurogroup/mingyangjiang/EEGxPlore/CBraMod/results/seedv/seedv_evalmode_frozen_dense_s1024_20260804,True,True,registry_complete,True,False,False,frozen_probe,none,1024.0,13.0,0.2974509276419053,0.11955363242396444,0.2943688133968042,0.29968074285288016,False,CBraMod/test_metrics.json,True,False,False,True,False
CBraMod,SEED-V,seedv_evalmode_frozen_dense_s3407_20260804,/panfs/accrepfs.vampire/data/neurogroup/mingyangjiang/EEGxPlore/CBraMod/results/seedv/seedv_evalmode_frozen_dense_s3407_20260804,True,True,registry_complete,True,False,False,frozen_probe,none,3407.0,10.0,0.29973132813597125,0.1228544096555827,0.28764286457921145,0.2948582455688621,False,CBraMod/test_metrics.json,True,False,False,True,False
CBraMod,SEED-V,seedv_evalmode_frozen_dense_s42_20260804,/panfs/accrepfs.vampire/data/neurogroup/mingyangjiang/EEGxPlore/CBraMod/results/seedv/seedv_evalmode_frozen_dense_s42_20260804,True,True,registry_complete,True,False,False,frozen_probe,none,42.0,18.0,0.29887356868193465,0.12037805964392967,0.2972422535706719,0.3009894967006879,False,CBraMod/test_metrics.json,True,False,False,True,False
CBraMod,SEED-V,seedv_evalmode_frozen_generic_s1024_20260804,/panfs/accrepfs.vampire/data/neurogroup/mingyangjiang/EEGxPlore/CBraMod/results/seedv/seedv_evalmode_frozen_generic_s1024_20260804,True,True,registry_complete,True,False,False,generic_bottleneck,none,1024.0,5.0,0.294764441240966,0.11541017041287605,0.2948937702590357,0.29902430687271664,False,CBraMod/test_metrics.json,True,False,False,True,False
CBraMod,SEED-V,seedv_evalmode_frozen_generic_s3407_20260804,/panfs/accrepfs.vampire/data/neurogroup/mingyangjiang/EEGxPlore/CBraMod/results/seedv/seedv_evalmode_frozen_generic_s3407_20260804,True,True,registry_complete,True,False,False,generic_bottleneck,none,3407.0,14.0,0.293487994219922,0.11169233784283494,0.29012982862273634,0.290626152617409,False,CBraMod/test_metrics.json,True,False,False,True,False
CBraMod,SEED-V,seedv_evalmode_frozen_generic_s42_20260804,/panfs/accrepfs.vampire/data/neurogroup/mingyangjiang/EEGxPlore/CBraMod/results/seedv/seedv_evalmode_frozen_generic_s42_20260804,True,True,registry_complete,True,False,False,generic_bottleneck,none,42.0,5.0,0.29327278088386477,0.11305587634891845,0.2892504477598282,0.2935554378212802,False,CBraMod/test_metrics.json,True,False,False,True,False
CBraMod,SEED-V,seedv_evalmode_frozen_lora_qkv_r8_s1024_20260804,/panfs/accrepfs.vampire/data/neurogroup/mingyangjiang/EEGxPlore/CBraMod/results/seedv/seedv_evalmode_frozen_lora_qkv_r8_s1024_20260804,True,True,registry_complete,True,False,False,lora,none,1024.0,16.0,0.3867902250139227,0.2350602402969746,0.3862253754203979,0.39334285536144853,False,CBraMod/test_metrics.json,True,False,False,True,False
CBraMod,SEED-V,seedv_evalmode_frozen_lora_qkv_r8_s3407_20260804,/panfs/accrepfs.vampire/data/neurogroup/mingyangjiang/EEGxPlore/CBraMod/results/seedv/seedv_evalmode_frozen_lora_qkv_r8_s3407_20260804,True,True,registry_complete,True,False,False,lora,none,3407.0,21.0,0.38314387377183884,0.23386297981557047,0.38374999623511946,0.3927679570764286,False,CBraMod/test_metrics.json,True,False,False,True,False
CBraMod,SEED-V,seedv_evalmode_frozen_lora_qkv_r8_s42_20260804,/panfs/accrepfs.vampire/data/neurogroup/mingyangjiang/EEGxPlore/CBraMod/results/seedv/seedv_evalmode_frozen_lora_qkv_r8_s42_20260804,True,True,registry_complete,True,False,False,lora,none,42.0,17.0,0.3815379686624684,0.23047322396546233,0.38342825703241834,0.39145469335203414,False,CBraMod/test_metrics.json,True,False,False,True,False
CBraMod,SEED-V,seedv_evalmode_frozen_patch_singleton_s1024_20260804,/panfs/accrepfs.vampire/data/neurogroup/mingyangjiang/EEGxPlore/CBraMod/results/seedv/seedv_evalmode_frozen_patch_singleton_s1024_20260804,True,True,registry_complete,True,False,False,interaction_aligned,patch,1024.0,13.0,0.2965905683838764,0.12000009477710205,0.29628109040295014,0.3029047608653736,False,CBraMod/test_metrics.json,True,False,False,True,False
CBraMod,SEED-V,seedv_evalmode_frozen_patch_singleton_s3407_20260804,/panfs/accrepfs.vampire/data/neurogroup/mingyangjiang/EEGxPlore/CBraMod/results/seedv/seedv_evalmode_frozen_patch_singleton_s3407_20260804,True,True,registry_complete,True,False,False,interaction_aligned,patch,3407.0,25.0,0.2977857747164364,0.12057424235301395,0.2988113814871551,0.3039129687511621,False,CBraMod/test_metrics.json,True,False,False,True,False
CBraMod,SEED-V,seedv_evalmode_frozen_patch_singleton_s42_20260804,/panfs/accrepfs.vampire/data/neurogroup/mingyangjiang/EEGxPlore/CBraMod/results/seedv/seedv_evalmode_frozen_patch_singleton_s42_20260804,True,True,registry_complete,True,False,False,interaction_aligned,patch,42.0,5.0,0.2908788206898414,0.11009642225492222,0.2838028999034868,0.28876392273775664,False,CBraMod/test_metrics.json,True,False,False,True,False
CBraMod,SEED-V,seedv_evalmode_frozen_upper2_s1024_20260804,/panfs/accrepfs.vampire/data/neurogroup/mingyangjiang/EEGxPlore/CBraMod/results/seedv/seedv_evalmode_frozen_upper2_s1024_20260804,True,True,registry_complete,True,False,False,upper_k_finetune,none,1024.0,17.0,0.3892243661120306,0.23905169859105813,0.389832491222247,0.3972784537978518,False,CBraMod/test_metrics.json,True,False,False,True,False
CBraMod,SEED-V,seedv_evalmode_frozen_upper2_s3407_requeue_20260805,/panfs/accrepfs.vampire/data/neurogroup/mingyangjiang/EEGxPlore/CBraMod/results/seedv/seedv_evalmode_frozen_upper2_s3407_requeue_20260805,True,True,registry_complete,True,False,False,upper_k_finetune,none,3407.0,9.0,0.38883403702200003,0.23642263336649239,0.3818443075764133,0.38919665572669876,False,CBraMod/test_metrics.json,True,False,False,True,False
CBraMod,SEED-V,seedv_evalmode_frozen_upper2_s42_20260804,/panfs/accrepfs.vampire/data/neurogroup/mingyangjiang/EEGxPlore/CBraMod/results/seedv/seedv_evalmode_frozen_upper2_s42_20260804,True,True,registry_complete,True,False,False,upper_k_finetune,none,42.0,14.0,0.3913698888844211,0.242431646016815,0.3927003265206678,0.4009271779362901,False,CBraMod/test_metrics.json,True,False,False,True,False
CBraMod,SEED-V,seedv_frozen_axis_blind_s1024,/panfs/accrepfs.vampire/data/neurogroup/mingyangjiang/EEGxPlore/CBraMod/results/seedv/seedv_frozen_axis_blind_s1024,True,True,registry_complete,True,False,False,axis_blind,generic_token_control,1024.0,8.0,0.23481304842063958,0.04468840144856834,0.15992627134590207,0.16469217320540067,False,CBraMod/test_metrics.json,True,False,False,True,False
CBraMod,SEED-V,seedv_frozen_axis_blind_s3407,/panfs/accrepfs.vampire/data/neurogroup/mingyangjiang/EEGxPlore/CBraMod/results/seedv/seedv_frozen_axis_blind_s3407,True,True,registry_complete,True,False,False,axis_blind,generic_token_control,3407.0,16.0,0.2363857595889259,0.046590487719475826,0.18595362850015498,0.18967965275591026,False,CBraMod/test_metrics.json,True,False,False,True,False
CBraMod,SEED-V,seedv_frozen_axis_blind_s42,/panfs/accrepfs.vampire/data/neurogroup/mingyangjiang/EEGxPlore/CBraMod/results/seedv/seedv_frozen_axis_blind_s42,True,True,registry_complete,True,False,False,axis_blind,generic_token_control,42.0,17.0,0.24702929787410638,0.05756723207623504,0.18820846591102267,0.18792217267210978,False,CBraMod/test_metrics.json,True,False,False,True,False
CBraMod,SEED-V,seedv_frozen_channel_s1024,/panfs/accrepfs.vampire/data/neurogroup/mingyangjiang/EEGxPlore/CBraMod/results/seedv/seedv_frozen_channel_s1024,False,,empty_or_unresolved,False,False,False,interaction_aligned,channel,1024.0,,,,,,False,CBraMod/test_metrics.json,True,False,False,False,False
CBraMod,SEED-V,seedv_frozen_channel_s1024_adapterlr1e-5_refine,/panfs/accrepfs.vampire/data/neurogroup/mingyangjiang/EEGxPlore/CBraMod/results/seedv/seedv_frozen_channel_s1024_adapterlr1e-5_refine,False,,empty_or_unresolved,False,False,False,interaction_aligned,channel,1024.0,,,,,,False,CBraMod/test_metrics.json,True,False,False,False,False
CBraMod,SEED-V,seedv_frozen_channel_s42,/panfs/accrepfs.vampire/data/neurogroup/mingyangjiang/EEGxPlore/CBraMod/results/seedv/seedv_frozen_channel_s42,True,True,registry_complete,True,False,False,interaction_aligned,channel,42.0,12.0,0.2444033789826689,0.05215798938503957,0.20893284703584908,0.20446723776926184,False,CBraMod/test_metrics.json,True,False,False,True,False
CBraMod,SEED-V,seedv_frozen_channel_s42_adapterlr1e-5_refine_v2,/panfs/accrepfs.vampire/data/neurogroup/mingyangjiang/EEGxPlore/CBraMod/results/seedv/seedv_frozen_channel_s42_adapterlr1e-5_refine_v2,True,True,registry_complete,True,False,False,interaction_aligned,channel,42.0,27.0,0.24292921676821244,0.05168650184147672,0.16331468140370214,0.16458270564741323,False,CBraMod/test_metrics.json,True,False,False,True,False
CBraMod,SEED-V,seedv_frozen_dense_s1024,/panfs/accrepfs.vampire/data/neurogroup/mingyangjiang/EEGxPlore/CBraMod/results/seedv/seedv_frozen_dense_s1024,True,True,registry_complete,True,False,False,frozen_probe,none,1024.0,31.0,0.2381892755745701,0.046643743249714986,0.17130539358864522,0.17366972543025858,False,CBraMod/test_metrics.json,True,False,False,True,False
CBraMod,SEED-V,seedv_frozen_dense_s3407,/panfs/accrepfs.vampire/data/neurogroup/mingyangjiang/EEGxPlore/CBraMod/results/seedv/seedv_frozen_dense_s3407,True,True,registry_complete,True,False,False,frozen_probe,none,3407.0,27.0,0.23945277307160037,0.04756711563244187,0.16176819139895596,0.16413588952562358,False,CBraMod/test_metrics.json,True,False,False,True,False
CBraMod,SEED-V,seedv_frozen_dense_s42,/panfs/accrepfs.vampire/data/neurogroup/mingyangjiang/EEGxPlore/CBraMod/results/seedv/seedv_frozen_dense_s42,True,True,registry_complete,True,False,False,frozen_probe,none,42.0,15.0,0.23873779968931452,0.04702422911653936,0.15729425851764117,0.1604634389856535,False,CBraMod/test_metrics.json,True,False,False,True,False
CBraMod,SEED-V,seedv_frozen_generic_s1024,/panfs/accrepfs.vampire/data/neurogroup/mingyangjiang/EEGxPlore/CBraMod/results/seedv/seedv_frozen_generic_s1024,True,True,registry_complete,True,False,False,generic_bottleneck,none,1024.0,12.0,0.23500085507124813,0.04330118924299531,0.15527520846395393,0.157487980390741,False,CBraMod/test_metrics.json,True,False,False,True,False
CBraMod,SEED-V,seedv_frozen_generic_s3407,/panfs/accrepfs.vampire/data/neurogroup/mingyangjiang/EEGxPlore/CBraMod/results/seedv/seedv_frozen_generic_s3407,True,True,registry_complete,True,False,False,generic_bottleneck,none,3407.0,16.0,0.23723314020627226,0.0466842417367026,0.18035988099802275,0.18309394319048586,False,CBraMod/test_metrics.json,True,False,False,True,False
CBraMod,SEED-V,seedv_frozen_generic_s42,/panfs/accrepfs.vampire/data/neurogroup/mingyangjiang/EEGxPlore/CBraMod/results/seedv/seedv_frozen_generic_s42,True,True,registry_complete,True,False,False,generic_bottleneck,none,42.0,15.0,0.24804775711424373,0.05857173052660847,0.18815365136611445,0.18844382796377643,False,CBraMod/test_metrics.json,True,False,False,True,False
CBraMod,SEED-V,seedv_frozen_lora_qkv_r8_s1024,/panfs/accrepfs.vampire/data/neurogroup/mingyangjiang/EEGxPlore/CBraMod/results/seedv/seedv_frozen_lora_qkv_r8_s1024,True,True,registry_complete,True,False,False,lora,none,1024.0,30.0,0.3839024721885325,0.23607208755044196,0.3793462124627388,0.38936399074702016,False,CBraMod/test_metrics.json,True,False,False,True,False
CBraMod,SEED-V,seedv_frozen_lora_qkv_r8_s3407,/panfs/accrepfs.vampire/data/neurogroup/mingyangjiang/EEGxPlore/CBraMod/results/seedv/seedv_frozen_lora_qkv_r8_s3407,True,True,registry_complete,True,False,False,lora,none,3407.0,21.0,0.39843105764303366,0.2547465586573697,0.3928791400369748,0.40440788921882764,False,CBraMod/test_metrics.json,True,False,False,True,False
CBraMod,SEED-V,seedv_frozen_lora_qkv_r8_s42,/panfs/accrepfs.vampire/data/neurogroup/mingyangjiang/EEGxPlore/CBraMod/results/seedv/seedv_frozen_lora_qkv_r8_s42,True,True,registry_complete,True,False,False,lora,none,42.0,37.0,0.4055582516849702,0.265057878503428,0.4014189832771226,0.41288562478169455,False,CBraMod/test_metrics.json,True,False,False,True,False
CBraMod,SEED-V,seedv_frozen_patch_singleton_control_s1024,/panfs/accrepfs.vampire/data/neurogroup/mingyangjiang/EEGxPlore/CBraMod/results/seedv/seedv_frozen_patch_singleton_control_s1024,True,True,registry_complete,True,False,False,interaction_aligned,patch,1024.0,28.0,0.23376515495711486,0.04126776888893169,0.1748949961448864,0.17650040399011122,False,CBraMod/test_metrics.json,True,False,False,True,False
CBraMod,SEED-V,seedv_frozen_patch_singleton_control_s3407,/panfs/accrepfs.vampire/data/neurogroup/mingyangjiang/EEGxPlore/CBraMod/results/seedv/seedv_frozen_patch_singleton_control_s3407,True,True,registry_complete,True,False,False,interaction_aligned,patch,3407.0,26.0,0.23850398871108597,0.046278917041194245,0.1733758322306132,0.17433819062435818,False,CBraMod/test_metrics.json,True,False,False,True,False
CBraMod,SEED-V,seedv_frozen_patch_singleton_control_s42,/panfs/accrepfs.vampire/data/neurogroup/mingyangjiang/EEGxPlore/CBraMod/results/seedv/seedv_frozen_patch_singleton_control_s42,True,True,registry_complete,True,False,False,interaction_aligned,patch,42.0,17.0,0.23752155886616616,0.04545825947110549,0.1559862324851339,0.15894703460607457,False,CBraMod/test_metrics.json,True,False,False,True,False
CBraMod,SEED-V,seedv_frozen_upper2_s1024,/panfs/accrepfs.vampire/data/neurogroup/mingyangjiang/EEGxPlore/CBraMod/results/seedv/seedv_frozen_upper2_s1024,True,True,registry_complete,True,False,False,upper_k_finetune,none,1024.0,28.0,0.2287969264206377,0.04199115808968934,0.1708393757864983,0.18840884628329266,False,CBraMod/test_metrics.json,True,False,False,True,False
CBraMod,SEED-V,seedv_frozen_upper2_s3407,/panfs/accrepfs.vampire/data/neurogroup/mingyangjiang/EEGxPlore/CBraMod/results/seedv/seedv_frozen_upper2_s3407,True,True,registry_complete,True,False,False,upper_k_finetune,none,3407.0,25.0,0.2312565424937961,0.04533236981193678,0.18017549582090944,0.1971353691094713,False,CBraMod/test_metrics.json,True,False,False,True,False
CBraMod,SEED-V,seedv_frozen_upper2_s42,/panfs/accrepfs.vampire/data/neurogroup/mingyangjiang/EEGxPlore/CBraMod/results/seedv/seedv_frozen_upper2_s42,True,True,registry_complete,True,False,False,upper_k_finetune,none,42.0,40.0,0.22454929801365636,0.03518004656651674,0.18412563739913762,0.20021683141667646,False,CBraMod/test_metrics.json,True,False,False,True,False
CBraMod,SEED-V,seedv_native_channel_r32_s42_gate_20260805,/panfs/accrepfs.vampire/data/neurogroup/mingyangjiang/EEGxPlore/CBraMod/results/seedv/seedv_native_channel_r32_s42_gate_20260805,True,True,registry_complete,True,True,False,interaction_aligned,channel,42.0,5.0,0.29146440496243325,0.1125346493102013,0.28745126605014326,0.2938868805532945,False,CBraMod/test_metrics.json,True,False,False,True,False
CBraMod,SEED-V,seedv_native_full_channel_s1024,/panfs/accrepfs.vampire/data/neurogroup/mingyangjiang/EEGxPlore/CBraMod/results/seedv/seedv_native_full_channel_s1024,True,True,registry_complete,True,False,False,native_full_finetune,channel,1024.0,29.0,0.4031073473273993,0.26016038755037885,0.4030770964656445,0.4128267744576811,False,CBraMod/test_metrics.json,True,False,False,True,False
CBraMod,SEED-V,seedv_native_full_channel_s3407,/panfs/accrepfs.vampire/data/neurogroup/mingyangjiang/EEGxPlore/CBraMod/results/seedv/seedv_native_full_channel_s3407,True,True,registry_complete,True,False,False,native_full_finetune,channel,3407.0,18.0,0.38519024059184903,0.23778118515098023,0.3833441141950308,0.3937867249915951,False,CBraMod/test_metrics.json,True,False,False,True,False
CBraMod,SEED-V,seedv_native_full_channel_s42,/panfs/accrepfs.vampire/data/neurogroup/mingyangjiang/EEGxPlore/CBraMod/results/seedv/seedv_native_full_channel_s42,True,True,registry_complete,True,False,False,native_full_finetune,channel,42.0,4.0,0.39765357730950784,0.25425479008590235,0.39754644853589305,0.40815404010215556,False,CBraMod/test_metrics.json,True,False,False,True,False
CBraMod,SEED-V,seedv_smoke_frozen_channel_20260802,/panfs/accrepfs.vampire/data/neurogroup/mingyangjiang/EEGxPlore/CBraMod/results/seedv/seedv_smoke_frozen_channel_20260802,False,,audit_or_smoke,False,True,False,interaction_aligned,channel,42.0,,,,,,False,CBraMod/test_metrics.json,True,False,False,False,False
CBraMod,SEED-V,seedv_smoke_frozen_dense_20260802,/panfs/accrepfs.vampire/data/neurogroup/mingyangjiang/EEGxPlore/CBraMod/results/seedv/seedv_smoke_frozen_dense_20260802,False,,audit_or_smoke,False,True,False,frozen_probe,none,42.0,,,,,,False,CBraMod/test_metrics.json,True,False,False,False,False
CBraMod,SEED-V,seedv_smoke_frozen_dense_20260802_r2,/panfs/accrepfs.vampire/data/neurogroup/mingyangjiang/EEGxPlore/CBraMod/results/seedv/seedv_smoke_frozen_dense_20260802_r2,False,,audit_or_smoke,False,True,False,frozen_probe,none,42.0,,,,,,False,CBraMod/test_metrics.json,True,False,False,False,False
CBraMod,SEED-V,seedv_smoke_frozen_dense_20260802_r3,/panfs/accrepfs.vampire/data/neurogroup/mingyangjiang/EEGxPlore/CBraMod/results/seedv/seedv_smoke_frozen_dense_20260802_r3,False,,audit_or_smoke,False,True,False,frozen_probe,none,42.0,,,,,,False,CBraMod/test_metrics.json,True,False,False,False,False
CBraMod,SEED-V,seedv_smoke_gpu_channel_20260802_r1,/panfs/accrepfs.vampire/data/neurogroup/mingyangjiang/EEGxPlore/CBraMod/results/seedv/seedv_smoke_gpu_channel_20260802_r1,True,True,registry_complete,True,True,False,interaction_aligned,channel,42.0,1.0,0.0,0.0,0.0,0.0,False,CBraMod/test_metrics.json,True,False,False,True,False
CBraMod,SEED-V,seedv_smoke_gpu_dense_20260802,/panfs/accrepfs.vampire/data/neurogroup/mingyangjiang/EEGxPlore/CBraMod/results/seedv/seedv_smoke_gpu_dense_20260802,False,,audit_or_smoke,False,True,False,frozen_probe,none,42.0,,,,,,False,CBraMod/test_metrics.json,True,False,False,False,False
CBraMod,SEED-V,seedv_smoke_gpu_dense_20260802_r2,/panfs/accrepfs.vampire/data/neurogroup/mingyangjiang/EEGxPlore/CBraMod/results/seedv/seedv_smoke_gpu_dense_20260802_r2,False,,audit_or_smoke,False,True,False,frozen_probe,none,42.0,,,,,,False,CBraMod/test_metrics.json,True,False,False,False,False
CBraMod,SEED-V,seedv_smoke_gpu_dense_20260802_r3,/panfs/accrepfs.vampire/data/neurogroup/mingyangjiang/EEGxPlore/CBraMod/results/seedv/seedv_smoke_gpu_dense_20260802_r3,False,,audit_or_smoke,False,True,False,frozen_probe,none,42.0,,,,,,False,CBraMod/test_metrics.json,True,False,False,False,False
CBraMod,SEED-V,seedv_smoke_gpu_dense_20260802_r4,/panfs/accrepfs.vampire/data/neurogroup/mingyangjiang/EEGxPlore/CBraMod/results/seedv/seedv_smoke_gpu_dense_20260802_r4,True,True,registry_complete,True,True,False,frozen_probe,none,42.0,1.0,0.0,0.0,0.0,0.0,False,CBraMod/test_metrics.json,True,False,False,True,False
CBraMod,TUEV,tuev_cbramod_boundary_adapter_dropout01_s42_w3_e15_a5e-6_as0p05,/panfs/accrepfs.vampire/data/neurogroup/mingyangjiang/EEGxPlore/CBraMod/results/tuev/tuev_cbramod_boundary_adapter_dropout01_s42_w3_e15_a5e-6_as0p05,True,True,registry_complete,True,False,False,interaction_aligned,channel_patch,42.0,1.0,0.3697094491092614,0.4510304436427037,0.38287673798951855,0.7167494136105953,False,CBraMod/test_metrics.json,True,False,False,True,False
CBraMod,TUEV,tuev_cbramod_boundary_adapter_gamma025_s42_w3_e15_a5e-6_as0p05,/panfs/accrepfs.vampire/data/neurogroup/mingyangjiang/EEGxPlore/CBraMod/results/tuev/tuev_cbramod_boundary_adapter_gamma025_s42_w3_e15_a5e-6_as0p05,True,True,registry_complete,True,False,False,interaction_aligned,channel_patch,42.0,1.0,0.37244340177661356,0.46128933554765383,0.38517877680957247,0.7219589907303363,False,CBraMod/test_metrics.json,True,False,False,True,False
CBraMod,TUEV,tuev_cbramod_corrected_gate_frozen_channel_patch_s42_lr1e-4_b8_e20_alpha0p01,/panfs/accrepfs.vampire/data/neurogroup/mingyangjiang/EEGxPlore/CBraMod/results/tuev/tuev_cbramod_corrected_gate_frozen_channel_patch_s42_lr1e-4_b8_e20_alpha0p01,True,True,registry_complete,True,True,False,interaction_aligned,channel_patch,42.0,13.0,0.44257555777800617,0.4296084848679441,0.4638179195160819,0.7066781414404987,False,CBraMod/test_metrics.json,True,False,False,True,False
CBraMod,TUEV,tuev_cbramod_corrected_gate_frozen_probe_s42_lr1e-4_b8_e20,/panfs/accrepfs.vampire/data/neurogroup/mingyangjiang/EEGxPlore/CBraMod/results/tuev/tuev_cbramod_corrected_gate_frozen_probe_s42_lr1e-4_b8_e20,True,True,registry_complete,True,True,False,frozen_probe,none,42.0,5.0,0.498625760073093,0.47123591970337864,0.49270968095199646,0.7276106191897643,False,CBraMod/test_metrics.json,True,False,False,True,False
CBraMod,TUEV,tuev_cbramod_dense_s1024_lr1e-4_b8_e20,/panfs/accrepfs.vampire/data/neurogroup/mingyangjiang/EEGxPlore/CBraMod/results/tuev/tuev_cbramod_dense_s1024_lr1e-4_b8_e20,True,True,registry_complete,True,False,False,full_finetune,none,1024.0,12.0,0.6449209384201723,0.6258049121735196,0.6015572180823171,0.8053685026713142,False,CBraMod/test_metrics.json,True,False,False,True,False
CBraMod,TUEV,tuev_cbramod_dense_s3407_lr1e-4_b8_e20,/panfs/accrepfs.vampire/data/neurogroup/mingyangjiang/EEGxPlore/CBraMod/results/tuev/tuev_cbramod_dense_s3407_lr1e-4_b8_e20,True,True,registry_complete,True,False,False,full_finetune,none,3407.0,5.0,0.5967228432909115,0.6688489562887722,0.5670986023891754,0.8252821309519703,False,CBraMod/test_metrics.json,True,False,False,True,False
CBraMod,TUEV,tuev_cbramod_dense_s42_lr1e-4_b8_e20,/panfs/accrepfs.vampire/data/neurogroup/mingyangjiang/EEGxPlore/CBraMod/results/tuev/tuev_cbramod_dense_s42_lr1e-4_b8_e20,True,True,registry_complete,True,False,False,full_finetune,none,42.0,5.0,0.6187851311407706,0.6326770201492334,0.5277150656834997,0.8111272563143976,False,CBraMod/test_metrics.json,True,False,False,True,False
CBraMod,TUEV,tuev_cbramod_dense_s42_lr1e-4_b8_e25,/panfs/accrepfs.vampire/data/neurogroup/mingyangjiang/EEGxPlore/CBraMod/results/tuev/tuev_cbramod_dense_s42_lr1e-4_b8_e25,True,True,registry_complete,True,False,False,full_finetune,none,42.0,2.0,0.6353592191632633,0.6489200677969522,0.5969069088496289,0.8120566641598465,False,CBraMod/test_metrics.json,True,False,False,True,False
CBraMod,TUEV,tuev_cbramod_dense_s42_lr2e-4_b8_e25,/panfs/accrepfs.vampire/data/neurogroup/mingyangjiang/EEGxPlore/CBraMod/results/tuev/tuev_cbramod_dense_s42_lr2e-4_b8_e25,True,True,registry_complete,True,False,False,full_finetune,none,42.0,18.0,0.5879778073840499,0.5693955011105292,0.5369494068182278,0.7820118467020774,False,CBraMod/test_metrics.json,True,False,False,True,False
CBraMod,TUEV,tuev_cbramod_dense_s42_lr3e-4_b8_e20,/panfs/accrepfs.vampire/data/neurogroup/mingyangjiang/EEGxPlore/CBraMod/results/tuev/tuev_cbramod_dense_s42_lr3e-4_b8_e20,True,True,registry_complete,True,False,False,full_finetune,none,42.0,5.0,0.615160349051229,0.6437350925060317,0.5445261662064692,0.817991310561134,False,CBraMod/test_metrics.json,True,False,False,True,False
CBraMod,TUEV,tuev_cbramod_dense_source_fidelity_s42_lr1e-4_b8_e20,/panfs/accrepfs.vampire/data/neurogroup/mingyangjiang/EEGxPlore/CBraMod/results/tuev/tuev_cbramod_dense_source_fidelity_s42_lr1e-4_b8_e20,True,True,registry_complete,True,False,False,full_finetune,none,42.0,8.0,0.5959280740671211,0.6360066966709615,0.5715497363148176,0.8117890769980128,False,CBraMod/test_metrics.json,True,False,False,True,False
CBraMod,TUEV,tuev_cbramod_frozen_axis_decomposed_mlp_s1024_r147_lr1e-4_h2e-4_a5e-5_b8_e20,/panfs/accrepfs.vampire/data/neurogroup/mingyangjiang/EEGxPlore/CBraMod/results/tuev/tuev_cbramod_frozen_axis_decomposed_mlp_s1024_r147_lr1e-4_h2e-4_a5e-5_b8_e20,False,,supplemental_operator_audit,True,False,True,axis_decomposed_mlp,channel_patch,1024.0,12.0,0.45858630441397547,0.46019918636022517,0.4782410860236597,0.7227619738055886,False,CBraMod/test_metrics.json,True,False,False,True,False
CBraMod,TUEV,tuev_cbramod_frozen_axis_decomposed_mlp_s3407_r147_lr1e-4_h2e-4_a5e-5_b8_e20,/panfs/accrepfs.vampire/data/neurogroup/mingyangjiang/EEGxPlore/CBraMod/results/tuev/tuev_cbramod_frozen_axis_decomposed_mlp_s3407_r147_lr1e-4_h2e-4_a5e-5_b8_e20,False,,supplemental_operator_audit,True,False,True,axis_decomposed_mlp,channel_patch,3407.0,14.0,0.48242070022287437,0.45450026564243284,0.48436074818754177,0.7185363282480195,False,CBraMod/test_metrics.json,True,False,False,True,False
CBraMod,TUEV,tuev_cbramod_frozen_axis_decomposed_mlp_s42_r147_lr1e-4_h2e-4_a5e-5_b8_e20,/panfs/accrepfs.vampire/data/neurogroup/mingyangjiang/EEGxPlore/CBraMod/results/tuev/tuev_cbramod_frozen_axis_decomposed_mlp_s42_r147_lr1e-4_h2e-4_a5e-5_b8_e20,False,,supplemental_operator_audit,True,False,True,axis_decomposed_mlp,channel_patch,42.0,20.0,0.44998218501245413,0.4370361030187806,0.4717277526859325,0.7100398221198732,False,CBraMod/test_metrics.json,True,False,False,True,False
CBraMod,TUEV,tuev_cbramod_frozen_axisblind_s1024_r148_lr1e-4_b8_e20,/panfs/accrepfs.vampire/data/neurogroup/mingyangjiang/EEGxPlore/CBraMod/results/tuev/tuev_cbramod_frozen_axisblind_s1024_r148_lr1e-4_b8_e20,True,True,registry_complete,True,False,False,axis_blind,generic_token_control,1024.0,3.0,0.4631238468124301,0.4634932475667418,0.48207995828534617,0.7250984677993937,False,CBraMod/test_metrics.json,True,False,False,True,False
CBraMod,TUEV,tuev_cbramod_frozen_axisblind_s3407_r148_lr1e-4_b8_e20,/panfs/accrepfs.vampire/data/neurogroup/mingyangjiang/EEGxPlore/CBraMod/results/tuev/tuev_cbramod_frozen_axisblind_s3407_r148_lr1e-4_b8_e20,True,True,registry_complete,True,False,False,axis_blind,generic_token_control,3407.0,5.0,0.4624084200865434,0.4646100399866223,0.4749475971827315,0.725217672944055,False,CBraMod/test_metrics.json,True,False,False,True,False
CBraMod,TUEV,tuev_cbramod_frozen_axisblind_s42_r148_lr1e-4_b8_e20,/panfs/accrepfs.vampire/data/neurogroup/mingyangjiang/EEGxPlore/CBraMod/results/tuev/tuev_cbramod_frozen_axisblind_s42_r148_lr1e-4_b8_e20,True,True,registry_complete,True,False,False,axis_blind,generic_token_control,42.0,13.0,0.4484764421640722,0.44637853176665965,0.4719184890066499,0.7155010797330563,False,CBraMod/test_metrics.json,True,False,False,True,False
CBraMod,TUEV,tuev_cbramod_frozen_channel_patch_s1024_r64_lr1e-4_b8_e20,/panfs/accrepfs.vampire/data/neurogroup/mingyangjiang/EEGxPlore/CBraMod/results/tuev/tuev_cbramod_frozen_channel_patch_s1024_r64_lr1e-4_b8_e20,True,True,registry_complete,True,False,False,interaction_aligned,channel_patch,1024.0,3.0,0.4804948741238085,0.47188591051178597,0.4964129906723327,0.7290714805482992,False,CBraMod/test_metrics.json,True,False,False,True,False
CBraMod,TUEV,tuev_cbramod_frozen_channel_patch_s3407_r64_lr1e-4_b8_e20,/panfs/accrepfs.vampire/data/neurogroup/mingyangjiang/EEGxPlore/CBraMod/results/tuev/tuev_cbramod_frozen_channel_patch_s3407_r64_lr1e-4_b8_e20,True,True,registry_complete,True,False,False,interaction_aligned,channel_patch,3407.0,5.0,0.44131067030453225,0.4475318069907215,0.45565671339450664,0.7164435475602838,False,CBraMod/test_metrics.json,True,False,False,True,False
CBraMod,TUEV,tuev_cbramod_frozen_channel_patch_s42_r64_lr1e-4_b8_e20,/panfs/accrepfs.vampire/data/neurogroup/mingyangjiang/EEGxPlore/CBraMod/results/tuev/tuev_cbramod_frozen_channel_patch_s42_r64_lr1e-4_b8_e20,True,True,registry_complete,True,False,False,interaction_aligned,channel_patch,42.0,13.0,0.44257555777800617,0.4296084848679441,0.4638179195160819,0.7066781414404987,False,CBraMod/test_metrics.json,True,False,False,True,False
CBraMod,TUEV,tuev_cbramod_frozen_channel_s1024_r64_lr1e-4_b8_e20,/panfs/accrepfs.vampire/data/neurogroup/mingyangjiang/EEGxPlore/CBraMod/results/tuev/tuev_cbramod_frozen_channel_s1024_r64_lr1e-4_b8_e20,True,True,registry_complete,True,False,False,interaction_aligned,channel,1024.0,3.0,0.458060733332084,0.47567725394451243,0.4836023738580106,0.7320292854336291,False,CBraMod/test_metrics.json,True,False,False,True,False
CBraMod,TUEV,tuev_cbramod_frozen_channel_s3407_r64_lr1e-4_b8_e20,/panfs/accrepfs.vampire/data/neurogroup/mingyangjiang/EEGxPlore/CBraMod/results/tuev/tuev_cbramod_frozen_channel_s3407_r64_lr1e-4_b8_e20,True,True,registry_complete,True,False,False,interaction_aligned,channel,3407.0,8.0,0.4560299455710833,0.46917202998089114,0.4833385663825012,0.7279658510139784,False,CBraMod/test_metrics.json,True,False,False,True,False
CBraMod,TUEV,tuev_cbramod_frozen_channel_s42_r64_lr1e-4_b8_e20,/panfs/accrepfs.vampire/data/neurogroup/mingyangjiang/EEGxPlore/CBraMod/results/tuev/tuev_cbramod_frozen_channel_s42_r64_lr1e-4_b8_e20,True,True,registry_complete,True,False,False,interaction_aligned,channel,42.0,14.0,0.4535935207170716,0.4481052957013847,0.4725227680440451,0.7175116161469016,False,CBraMod/test_metrics.json,True,False,False,True,False
CBraMod,TUEV,tuev_cbramod_frozen_generic_s1024_r64_lr1e-4_b8_e20,/panfs/accrepfs.vampire/data/neurogroup/mingyangjiang/EEGxPlore/CBraMod/results/tuev/tuev_cbramod_frozen_generic_s1024_r64_lr1e-4_b8_e20,True,True,registry_complete,True,False,False,generic_bottleneck,none,1024.0,5.0,0.470090624206543,0.4350475564059423,0.4704185500707072,0.7078262531208811,False,CBraMod/test_metrics.json,True,False,False,True,False
CBraMod,TUEV,tuev_cbramod_frozen_generic_s3407_r64_lr1e-4_b8_e20,/panfs/accrepfs.vampire/data/neurogroup/mingyangjiang/EEGxPlore/CBraMod/results/tuev/tuev_cbramod_frozen_generic_s3407_r64_lr1e-4_b8_e20,True,True,registry_complete,True,False,False,generic_bottleneck,none,3407.0,9.0,0.4663839073369296,0.4498019458688898,0.48218022065964816,0.7170099526665192,False,CBraMod/test_metrics.json,True,False,False,True,False
CBraMod,TUEV,tuev_cbramod_frozen_generic_s42_r64_lr1e-4_b8_e20,/panfs/accrepfs.vampire/data/neurogroup/mingyangjiang/EEGxPlore/CBraMod/results/tuev/tuev_cbramod_frozen_generic_s42_r64_lr1e-4_b8_e20,True,True,registry_complete,True,False,False,generic_bottleneck,none,42.0,13.0,0.4469931134879503,0.4388536472057195,0.4697045270602682,0.7115076694982526,False,CBraMod/test_metrics.json,True,False,False,True,False
CBraMod,TUEV,tuev_cbramod_frozen_lora_qkv_r8_s1024_lr1e-4_b8_e20,/panfs/accrepfs.vampire/data/neurogroup/mingyangjiang/EEGxPlore/CBraMod/results/tuev/tuev_cbramod_frozen_lora_qkv_r8_s1024_lr1e-4_b8_e20,True,True,registry_complete,True,False,False,lora,none,1024.0,3.0,0.5510944352881163,0.5481454694624113,0.5203032753126721,0.7650521159912209,False,CBraMod/test_metrics.json,True,False,False,True,False
CBraMod,TUEV,tuev_cbramod_frozen_lora_qkv_r8_s3407_lr1e-4_b8_e20,/panfs/accrepfs.vampire/data/neurogroup/mingyangjiang/EEGxPlore/CBraMod/results/tuev/tuev_cbramod_frozen_lora_qkv_r8_s3407_lr1e-4_b8_e20,False,,empty_or_unresolved,False,False,False,lora,none,3407.0,,,,,,False,CBraMod/test_metrics.json,True,False,False,False,False
CBraMod,TUEV,tuev_cbramod_frozen_lora_qkv_r8_s3407_lr1e-4_b8_e20_resub,/panfs/accrepfs.vampire/data/neurogroup/mingyangjiang/EEGxPlore/CBraMod/results/tuev/tuev_cbramod_frozen_lora_qkv_r8_s3407_lr1e-4_b8_e20_resub,True,True,registry_complete,True,False,False,lora,none,3407.0,5.0,0.5487286893225037,0.5310620215897752,0.5287687307521074,0.7577905390019238,False,CBraMod/test_metrics.json,True,False,False,True,False
CBraMod,TUEV,tuev_cbramod_frozen_lora_qkv_r8_s42_lr1e-4_b8_e20,/panfs/accrepfs.vampire/data/neurogroup/mingyangjiang/EEGxPlore/CBraMod/results/tuev/tuev_cbramod_frozen_lora_qkv_r8_s42_lr1e-4_b8_e20,True,True,registry_complete,True,False,False,lora,none,42.0,12.0,0.5653152861956737,0.554942498936728,0.5306642713326668,0.7695771453261946,False,CBraMod/test_metrics.json,True,False,False,True,False
CBraMod,TUEV,tuev_cbramod_frozen_patch_s1024_r64_lr1e-4_b8_e20,/panfs/accrepfs.vampire/data/neurogroup/mingyangjiang/EEGxPlore/CBraMod/results/tuev/tuev_cbramod_frozen_patch_s1024_r64_lr1e-4_b8_e20,True,True,registry_complete,True,False,False,interaction_aligned,patch,1024.0,7.0,0.4499536968400317,0.44373585410424665,0.46354773605305977,0.7132791513256591,False,CBraMod/test_metrics.json,True,False,False,True,False
CBraMod,TUEV,tuev_cbramod_frozen_patch_s3407_r64_lr1e-4_b8_e20,/panfs/accrepfs.vampire/data/neurogroup/mingyangjiang/EEGxPlore/CBraMod/results/tuev/tuev_cbramod_frozen_patch_s3407_r64_lr1e-4_b8_e20,True,True,registry_complete,True,False,False,interaction_aligned,patch,3407.0,11.0,0.4629974887082091,0.44175433012825727,0.48037246213483975,0.7131342516032814,False,CBraMod/test_metrics.json,True,False,False,True,False
CBraMod,TUEV,tuev_cbramod_frozen_patch_s42_r64_lr1e-4_b8_e20,/panfs/accrepfs.vampire/data/neurogroup/mingyangjiang/EEGxPlore/CBraMod/results/tuev/tuev_cbramod_frozen_patch_s42_r64_lr1e-4_b8_e20,True,True,registry_complete,True,False,False,interaction_aligned,patch,42.0,12.0,0.4529235104920515,0.4475164006818122,0.47255050121362707,0.7170919992681187,False,CBraMod/test_metrics.json,True,False,False,True,False
CBraMod,TUEV,tuev_cbramod_frozen_probe_s1024_lr1e-4_b8_e20,/panfs/accrepfs.vampire/data/neurogroup/mingyangjiang/EEGxPlore/CBraMod/results/tuev/tuev_cbramod_frozen_probe_s1024_lr1e-4_b8_e20,True,True,registry_complete,True,False,False,frozen_probe,none,1024.0,12.0,0.43595292064528185,0.44978759623596287,0.45910019787391104,0.7184126934262124,False,CBraMod/test_metrics.json,True,False,False,True,False
CBraMod,TUEV,tuev_cbramod_frozen_probe_s3407_lr1e-4_b8_e20,/panfs/accrepfs.vampire/data/neurogroup/mingyangjiang/EEGxPlore/CBraMod/results/tuev/tuev_cbramod_frozen_probe_s3407_lr1e-4_b8_e20,True,True,registry_complete,True,False,False,frozen_probe,none,3407.0,8.0,0.4622634660888078,0.4888135786192056,0.4920758607718871,0.737567363919175,False,CBraMod/test_metrics.json,True,False,False,True,False
CBraMod,TUEV,tuev_cbramod_frozen_probe_s42_lr1e-4_b8_e20,/panfs/accrepfs.vampire/data/neurogroup/mingyangjiang/EEGxPlore/CBraMod/results/tuev/tuev_cbramod_frozen_probe_s42_lr1e-4_b8_e20,True,True,registry_complete,True,False,False,frozen_probe,none,42.0,5.0,0.498625760073093,0.47123591970337864,0.49270968095199646,0.7276106191897643,False,CBraMod/test_metrics.json,True,False,False,True,False
CBraMod,TUEV,tuev_cbramod_full_channel_patch_s1024_r64_lr1e-4_b8_e20,/panfs/accrepfs.vampire/data/neurogroup/mingyangjiang/EEGxPlore/CBraMod/results/tuev/tuev_cbramod_full_channel_patch_s1024_r64_lr1e-4_b8_e20,True,True,registry_complete,True,False,False,native_full_finetune,channel_patch,1024.0,13.0,0.6255575977854203,0.5750233439124852,0.5274170275146298,0.7790799522252536,False,CBraMod/test_metrics.json,True,False,False,True,False
CBraMod,TUEV,tuev_cbramod_full_channel_patch_s3407_r64_lr1e-4_b8_e20,/panfs/accrepfs.vampire/data/neurogroup/mingyangjiang/EEGxPlore/CBraMod/results/tuev/tuev_cbramod_full_channel_patch_s3407_r64_lr1e-4_b8_e20,True,True,registry_complete,True,False,False,native_full_finetune,channel_patch,3407.0,3.0,0.6499741122331651,0.6479007690870572,0.6392993336050192,0.8134913312080638,False,CBraMod/test_metrics.json,True,False,False,True,False
CBraMod,TUEV,tuev_cbramod_full_channel_patch_s42_r64_lr1e-4_b8_e20,/panfs/accrepfs.vampire/data/neurogroup/mingyangjiang/EEGxPlore/CBraMod/results/tuev/tuev_cbramod_full_channel_patch_s42_r64_lr1e-4_b8_e20,True,True,registry_complete,True,False,False,native_full_finetune,channel_patch,42.0,2.0,0.6231449034225783,0.6321316862110228,0.6044132413580896,0.8071421920319624,False,CBraMod/test_metrics.json,True,False,False,True,False
CBraMod,TUEV,tuev_cbramod_full_channel_s1024_r64_lr1e-4_b8_e20,/panfs/accrepfs.vampire/data/neurogroup/mingyangjiang/EEGxPlore/CBraMod/results/tuev/tuev_cbramod_full_channel_s1024_r64_lr1e-4_b8_e20,True,True,registry_complete,True,False,False,native_full_finetune,channel,1024.0,3.0,0.6449808096065971,0.6733939326449998,0.63155820050919,0.8290916758247825,False,CBraMod/test_metrics.json,True,False,False,True,False
CBraMod,TUEV,tuev_cbramod_full_channel_s3407_r64_lr1e-4_b8_e20,/panfs/accrepfs.vampire/data/neurogroup/mingyangjiang/EEGxPlore/CBraMod/results/tuev/tuev_cbramod_full_channel_s3407_r64_lr1e-4_b8_e20,False,,empty_or_unresolved,False,False,False,native_full_finetune,channel,3407.0,,,,,,False,CBraMod/test_metrics.json,True,False,False,False,False
CBraMod,TUEV,tuev_cbramod_full_channel_s3407_r64_lr1e-4_b8_e20_resub,/panfs/accrepfs.vampire/data/neurogroup/mingyangjiang/EEGxPlore/CBraMod/results/tuev/tuev_cbramod_full_channel_s3407_r64_lr1e-4_b8_e20_resub,True,True,registry_complete,True,False,False,native_full_finetune,channel,3407.0,2.0,0.6233241129757232,0.6509565440552678,0.6154999417524106,0.8199102685218411,False,CBraMod/test_metrics.json,True,False,False,True,False
CBraMod,TUEV,tuev_cbramod_full_channel_s42_r64_lr1e-4_b8_e20,/panfs/accrepfs.vampire/data/neurogroup/mingyangjiang/EEGxPlore/CBraMod/results/tuev/tuev_cbramod_full_channel_s42_r64_lr1e-4_b8_e20,True,True,registry_complete,True,False,False,native_full_finetune,channel,42.0,9.0,0.6017625967860664,0.5841390564625697,0.5392126114032741,0.7866767857436044,False,CBraMod/test_metrics.json,True,False,False,True,False
CBraMod,TUEV,tuev_cbramod_full_patch_s1024_r64_lr1e-4_b8_e20,/panfs/accrepfs.vampire/data/neurogroup/mingyangjiang/EEGxPlore/CBraMod/results/tuev/tuev_cbramod_full_patch_s1024_r64_lr1e-4_b8_e20,True,True,registry_complete,True,False,False,native_full_finetune,patch,1024.0,3.0,0.6508906658813526,0.6654438336693299,0.620705980891353,0.8283090449679582,False,CBraMod/test_metrics.json,True,False,False,True,False
CBraMod,TUEV,tuev_cbramod_full_patch_s3407_r64_lr1e-4_b8_e20,/panfs/accrepfs.vampire/data/neurogroup/mingyangjiang/EEGxPlore/CBraMod/results/tuev/tuev_cbramod_full_patch_s3407_r64_lr1e-4_b8_e20,True,True,registry_complete,True,False,False,native_full_finetune,patch,3407.0,4.0,0.639681344472225,0.632310236628074,0.6373577512157605,0.8095093952798046,False,CBraMod/test_metrics.json,True,False,False,True,False
CBraMod,TUEV,tuev_cbramod_full_patch_s42_r64_lr1e-4_b8_e20,/panfs/accrepfs.vampire/data/neurogroup/mingyangjiang/EEGxPlore/CBraMod/results/tuev/tuev_cbramod_full_patch_s42_r64_lr1e-4_b8_e20,True,True,registry_complete,True,False,False,native_full_finetune,patch,42.0,4.0,0.6273666265213005,0.6115365243712909,0.5773766381450679,0.7981348324468086,False,CBraMod/test_metrics.json,True,False,False,True,False
CBraMod,TUEV,tuev_cbramod_headdropout03_frozen_channel_patch_s42_w3_e15_h1e-4_a5e-6_as0p05,/panfs/accrepfs.vampire/data/neurogroup/mingyangjiang/EEGxPlore/CBraMod/results/tuev/tuev_cbramod_headdropout03_frozen_channel_patch_s42_w3_e15_h1e-4_a5e-6_as0p05,True,True,registry_complete,True,False,False,interaction_aligned,channel_patch,42.0,1.0,0.37186728119141854,0.46079605146847846,0.3845042516730894,0.7216808008316484,False,CBraMod/test_metrics.json,True,False,False,True,False
CBraMod,TUEV,tuev_cbramod_headdropout03_frozen_probe_s42_w3_e15_h1e-4,/panfs/accrepfs.vampire/data/neurogroup/mingyangjiang/EEGxPlore/CBraMod/results/tuev/tuev_cbramod_headdropout03_frozen_probe_s42_w3_e15_h1e-4,True,True,registry_complete,True,False,False,frozen_probe,none,42.0,1.0,0.37244340177661356,0.46128933554765383,0.38517877680957247,0.7219589907303363,False,CBraMod/test_metrics.json,True,False,False,True,False
CBraMod,TUEV,tuev_cbramod_stability15_dense_s42_w3_e15_h1e-4,/panfs/accrepfs.vampire/data/neurogroup/mingyangjiang/EEGxPlore/CBraMod/results/tuev/tuev_cbramod_stability15_dense_s42_w3_e15_h1e-4,True,True,registry_complete,True,False,False,full_finetune,none,42.0,2.0,0.5963100483863496,0.5712902686942314,0.5640741580704859,0.7818685415612505,False,CBraMod/test_metrics.json,True,False,False,True,False
CBraMod,TUEV,tuev_cbramod_stability15_frozen_channel_patch_s42_w3_e15_h1e-4_a2p5e-5_as0p25,/panfs/accrepfs.vampire/data/neurogroup/mingyangjiang/EEGxPlore/CBraMod/results/tuev/tuev_cbramod_stability15_frozen_channel_patch_s42_w3_e15_h1e-4_a2p5e-5_as0p25,True,True,registry_complete,True,False,False,interaction_aligned,channel_patch,42.0,1.0,0.3982741140367863,0.48169340158610685,0.41864502794550645,0.7331636225658572,False,CBraMod/test_metrics.json,True,False,False,True,False
CBraMod,TUEV,tuev_cbramod_stability15_frozen_channel_patch_s42_w3_e15_h1e-4_a5e-6_as0p05,/panfs/accrepfs.vampire/data/neurogroup/mingyangjiang/EEGxPlore/CBraMod/results/tuev/tuev_cbramod_stability15_frozen_channel_patch_s42_w3_e15_h1e-4_a5e-6_as0p05,True,True,registry_complete,True,False,False,interaction_aligned,channel_patch,42.0,1.0,0.3982741140367863,0.48169340158610685,0.41864502794550645,0.7331636225658572,False,CBraMod/test_metrics.json,True,False,False,True,False
CBraMod,TUEV,tuev_cbramod_stability15_frozen_channel_s42_w3_e15_h1e-4_a2p5e-5_as0p25_resub2,/panfs/accrepfs.vampire/data/neurogroup/mingyangjiang/EEGxPlore/CBraMod/results/tuev/tuev_cbramod_stability15_frozen_channel_s42_w3_e15_h1e-4_a2p5e-5_as0p25_resub2,True,True,registry_complete,True,False,False,interaction_aligned,channel,42.0,1.0,0.3982741140367863,0.48169340158610685,0.41864502794550645,0.7331636225658572,False,CBraMod/test_metrics.json,True,False,False,True,False
CBraMod,TUEV,tuev_cbramod_stability15_frozen_patch_s42_w3_e15_h1e-4_a2p5e-5_as0p25_resub2,/panfs/accrepfs.vampire/data/neurogroup/mingyangjiang/EEGxPlore/CBraMod/results/tuev/tuev_cbramod_stability15_frozen_patch_s42_w3_e15_h1e-4_a2p5e-5_as0p25_resub2,True,True,registry_complete,True,False,False,interaction_aligned,patch,42.0,1.0,0.3982741140367863,0.48169340158610685,0.41864502794550645,0.7331636225658572,False,CBraMod/test_metrics.json,True,False,False,True,False
CBraMod,TUEV,tuev_cbramod_stability15_frozen_probe_s42_w3_e15_h1e-4_resub,/panfs/accrepfs.vampire/data/neurogroup/mingyangjiang/EEGxPlore/CBraMod/results/tuev/tuev_cbramod_stability15_frozen_probe_s42_w3_e15_h1e-4_resub,True,True,registry_complete,True,False,False,frozen_probe,none,42.0,1.0,0.3982741140367863,0.48169340158610685,0.41864502794550645,0.7331636225658572,False,CBraMod/test_metrics.json,True,False,False,True,False
CBraMod,TUEV,tuev_cbramod_upper2_s1024_lr1e-4_b8_e20,/panfs/accrepfs.vampire/data/neurogroup/mingyangjiang/EEGxPlore/CBraMod/results/tuev/tuev_cbramod_upper2_s1024_lr1e-4_b8_e20,True,True,registry_complete,True,False,False,upper_k_finetune,none,1024.0,5.0,0.559305063549036,0.5873000330256613,0.5403012667584285,0.7845457193996405,False,CBraMod/test_metrics.json,True,False,False,True,False
CBraMod,TUEV,tuev_cbramod_upper2_s3407_lr1e-4_b8_e20,/panfs/accrepfs.vampire/data/neurogroup/mingyangjiang/EEGxPlore/CBraMod/results/tuev/tuev_cbramod_upper2_s3407_lr1e-4_b8_e20,True,True,registry_complete,True,False,False,upper_k_finetune,none,3407.0,3.0,0.5864484905521598,0.5784001052910468,0.5114654896992662,0.77960981233308,False,CBraMod/test_metrics.json,True,False,False,True,False
CBraMod,TUEV,tuev_cbramod_upper2_s42_lr1e-4_b8_e20,/panfs/accrepfs.vampire/data/neurogroup/mingyangjiang/EEGxPlore/CBraMod/results/tuev/tuev_cbramod_upper2_s42_lr1e-4_b8_e20,True,True,registry_complete,True,False,False,upper_k_finetune,none,42.0,9.0,0.524402037858733,0.5261791368031639,0.5007928748295982,0.7554505800208469,False,CBraMod/test_metrics.json,True,False,False,True,False
CBraMod,TUEV,tuev_smoke_channel_s42,/panfs/accrepfs.vampire/data/neurogroup/mingyangjiang/EEGxPlore/CBraMod/results/tuev/tuev_smoke_channel_s42,True,True,registry_complete,True,True,False,interaction_aligned,channel,42.0,1.0,0.5,0.0,0.12820512820512822,0.4807692307692308,False,CBraMod/test_metrics.json,True,False,False,True,False
CBraMod,TUEV,tuev_smoke_dense_s42,/panfs/accrepfs.vampire/data/neurogroup/mingyangjiang/EEGxPlore/CBraMod/results/tuev/tuev_smoke_dense_s42,True,True,registry_complete,True,True,False,full_finetune,none,42.0,1.0,0.5,0.0,0.12820512820512822,0.4807692307692308,False,CBraMod/test_metrics.json,True,False,False,True,False
LaBraM,FACED,faced_final_frozen_dense_s1024_b32_lr7e-4_e80_test,/panfs/accrepfs.vampire/data/neurogroup/mingyangjiang/EEGxPlore/LaBraM/checkpoints/faced_final_frozen_dense_s1024_b32_lr7e-4_e80_test,False,,preflight_or_config_only,False,False,False,unknown,none,1024.0,,,,,,False,LaBraM/final_test.json:primary_test,True,False,False,False,False
LaBraM,FACED,faced_final_frozen_dense_s3407_b32_lr7e-4_e80_test,/panfs/accrepfs.vampire/data/neurogroup/mingyangjiang/EEGxPlore/LaBraM/checkpoints/faced_final_frozen_dense_s3407_b32_lr7e-4_e80_test,False,,preflight_or_config_only,False,False,False,unknown,none,3407.0,,,,,,False,LaBraM/final_test.json:primary_test,True,False,False,False,False
LaBraM,FACED,faced_final_frozen_dense_s42_b32_lr7e-4_e80_test,/panfs/accrepfs.vampire/data/neurogroup/mingyangjiang/EEGxPlore/LaBraM/checkpoints/faced_final_frozen_dense_s42_b32_lr7e-4_e80_test,False,,preflight_or_config_only,False,False,False,unknown,none,42.0,,,,,,False,LaBraM/final_test.json:primary_test,True,False,False,False,False
LaBraM,FACED,faced_final_frozen_patch_s1024_b32_lr7e-4_e80_test,/panfs/accrepfs.vampire/data/neurogroup/mingyangjiang/EEGxPlore/LaBraM/checkpoints/faced_final_frozen_patch_s1024_b32_lr7e-4_e80_test,False,,preflight_or_config_only,False,False,False,unknown,patch,1024.0,,,,,,False,LaBraM/final_test.json:primary_test,True,False,False,False,False
LaBraM,FACED,faced_final_frozen_patch_s3407_b32_lr7e-4_e80_test,/panfs/accrepfs.vampire/data/neurogroup/mingyangjiang/EEGxPlore/LaBraM/checkpoints/faced_final_frozen_patch_s3407_b32_lr7e-4_e80_test,False,,preflight_or_config_only,False,False,False,unknown,patch,3407.0,,,,,,False,LaBraM/final_test.json:primary_test,True,False,False,False,False
LaBraM,FACED,faced_final_frozen_patch_s42_b32_lr7e-4_e80_test,/panfs/accrepfs.vampire/data/neurogroup/mingyangjiang/EEGxPlore/LaBraM/checkpoints/faced_final_frozen_patch_s42_b32_lr7e-4_e80_test,False,,preflight_or_config_only,False,False,False,unknown,patch,42.0,,,,,,False,LaBraM/final_test.json:primary_test,True,False,False,False,False
LaBraM,FACED,faced_final_generic_frozen_s1024_b32_lr7e-4_e80_test,/panfs/accrepfs.vampire/data/neurogroup/mingyangjiang/EEGxPlore/LaBraM/checkpoints/faced_final_generic_frozen_s1024_b32_lr7e-4_e80_test,False,,preflight_or_config_only,False,False,False,unknown,generic,1024.0,,,,,,False,LaBraM/final_test.json:primary_test,True,False,False,False,False
LaBraM,FACED,faced_final_generic_frozen_s3407_b32_lr7e-4_e80_test,/panfs/accrepfs.vampire/data/neurogroup/mingyangjiang/EEGxPlore/LaBraM/checkpoints/faced_final_generic_frozen_s3407_b32_lr7e-4_e80_test,False,,preflight_or_config_only,False,False,False,unknown,generic,3407.0,,,,,,False,LaBraM/final_test.json:primary_test,True,False,False,False,False
LaBraM,FACED,faced_final_generic_frozen_s42_b32_lr7e-4_e80_test,/panfs/accrepfs.vampire/data/neurogroup/mingyangjiang/EEGxPlore/LaBraM/checkpoints/faced_final_generic_frozen_s42_b32_lr7e-4_e80_test,False,,preflight_or_config_only,False,False,False,unknown,generic,42.0,,,,,,False,LaBraM/final_test.json:primary_test,True,False,False,False,False
LaBraM,FACED,faced_final_lora_qkv_r8_s1024_b32_lr7e-4_e80_test,/panfs/accrepfs.vampire/data/neurogroup/mingyangjiang/EEGxPlore/LaBraM/checkpoints/faced_final_lora_qkv_r8_s1024_b32_lr7e-4_e80_test,False,,preflight_or_config_only,False,False,False,unknown,none,1024.0,,,,,,False,LaBraM/final_test.json:primary_test,True,False,False,False,False
LaBraM,FACED,faced_final_lora_qkv_r8_s3407_b32_lr7e-4_e80_test,/panfs/accrepfs.vampire/data/neurogroup/mingyangjiang/EEGxPlore/LaBraM/checkpoints/faced_final_lora_qkv_r8_s3407_b32_lr7e-4_e80_test,False,,preflight_or_config_only,False,False,False,unknown,none,3407.0,,,,,,False,LaBraM/final_test.json:primary_test,True,False,False,False,False
LaBraM,FACED,faced_final_lora_qkv_r8_s42_b32_lr7e-4_e80_test,/panfs/accrepfs.vampire/data/neurogroup/mingyangjiang/EEGxPlore/LaBraM/checkpoints/faced_final_lora_qkv_r8_s42_b32_lr7e-4_e80_test,False,,preflight_or_config_only,False,False,False,unknown,none,42.0,,,,,,False,LaBraM/final_test.json:primary_test,True,False,False,False,False
LaBraM,FACED,faced_final_upper2_s1024_b32_lr7e-4_e80_test,/panfs/accrepfs.vampire/data/neurogroup/mingyangjiang/EEGxPlore/LaBraM/checkpoints/faced_final_upper2_s1024_b32_lr7e-4_e80_test,False,,preflight_or_config_only,False,False,False,unknown,none,1024.0,,,,,,False,LaBraM/final_test.json:primary_test,True,False,False,False,False
LaBraM,FACED,faced_final_upper2_s3407_b32_lr7e-4_e80_test,/panfs/accrepfs.vampire/data/neurogroup/mingyangjiang/EEGxPlore/LaBraM/checkpoints/faced_final_upper2_s3407_b32_lr7e-4_e80_test,False,,preflight_or_config_only,False,False,False,unknown,none,3407.0,,,,,,False,LaBraM/final_test.json:primary_test,True,False,False,False,False
LaBraM,FACED,faced_final_upper2_s42_b32_lr7e-4_e80_test,/panfs/accrepfs.vampire/data/neurogroup/mingyangjiang/EEGxPlore/LaBraM/checkpoints/faced_final_upper2_s42_b32_lr7e-4_e80_test,False,,preflight_or_config_only,False,False,False,unknown,none,42.0,,,,,,False,LaBraM/final_test.json:primary_test,True,False,False,False,False
LaBraM,FACED,faced_gamma_patch_lr9e4_als01_g025_s1024,/panfs/accrepfs.vampire/data/neurogroup/mingyangjiang/EEGxPlore/LaBraM/checkpoints/faced_gamma_patch_lr9e4_als01_g025_s1024,False,,preflight_or_config_only,False,False,False,unknown,patch,1024.0,,,,,,False,LaBraM/final_test.json:primary_test,True,False,False,False,False
LaBraM,FACED,faced_gamma_patch_lr9e4_als01_g025_s3407,/panfs/accrepfs.vampire/data/neurogroup/mingyangjiang/EEGxPlore/LaBraM/checkpoints/faced_gamma_patch_lr9e4_als01_g025_s3407,False,,preflight_or_config_only,False,False,False,unknown,patch,3407.0,,,,,,False,LaBraM/final_test.json:primary_test,True,False,False,False,False
LaBraM,FACED,faced_gamma_patch_lr9e4_als01_g025_s42,/panfs/accrepfs.vampire/data/neurogroup/mingyangjiang/EEGxPlore/LaBraM/checkpoints/faced_gamma_patch_lr9e4_als01_g025_s42,False,,preflight_or_config_only,False,False,False,unknown,patch,42.0,,,,,,False,LaBraM/final_test.json:primary_test,True,False,False,False,False
LaBraM,FACED,faced_gamma_patch_lr9e4_als01_g05_s1024,/panfs/accrepfs.vampire/data/neurogroup/mingyangjiang/EEGxPlore/LaBraM/checkpoints/faced_gamma_patch_lr9e4_als01_g05_s1024,False,,preflight_or_config_only,False,False,False,unknown,patch,1024.0,,,,,,False,LaBraM/final_test.json:primary_test,True,False,False,False,False
LaBraM,FACED,faced_gamma_patch_lr9e4_als01_g05_s3407,/panfs/accrepfs.vampire/data/neurogroup/mingyangjiang/EEGxPlore/LaBraM/checkpoints/faced_gamma_patch_lr9e4_als01_g05_s3407,False,,preflight_or_config_only,False,False,False,unknown,patch,3407.0,,,,,,False,LaBraM/final_test.json:primary_test,True,False,False,False,False
LaBraM,FACED,faced_gamma_patch_lr9e4_als01_g05_s42,/panfs/accrepfs.vampire/data/neurogroup/mingyangjiang/EEGxPlore/LaBraM/checkpoints/faced_gamma_patch_lr9e4_als01_g05_s42,False,,preflight_or_config_only,False,False,False,unknown,patch,42.0,,,,,,False,LaBraM/final_test.json:primary_test,True,False,False,False,False
LaBraM,FACED,faced_gamma_patch_lr9e4_als01_g0_s1024,/panfs/accrepfs.vampire/data/neurogroup/mingyangjiang/EEGxPlore/LaBraM/checkpoints/faced_gamma_patch_lr9e4_als01_g0_s1024,False,,preflight_or_config_only,False,False,False,unknown,patch,1024.0,,,,,,False,LaBraM/final_test.json:primary_test,True,False,False,False,False
LaBraM,FACED,faced_gamma_patch_lr9e4_als01_g0_s3407,/panfs/accrepfs.vampire/data/neurogroup/mingyangjiang/EEGxPlore/LaBraM/checkpoints/faced_gamma_patch_lr9e4_als01_g0_s3407,False,,preflight_or_config_only,False,False,False,unknown,patch,3407.0,,,,,,False,LaBraM/final_test.json:primary_test,True,False,False,False,False
LaBraM,FACED,faced_gamma_patch_lr9e4_als01_g0_s42,/panfs/accrepfs.vampire/data/neurogroup/mingyangjiang/EEGxPlore/LaBraM/checkpoints/faced_gamma_patch_lr9e4_als01_g0_s42,False,,preflight_or_config_only,False,False,False,unknown,patch,42.0,,,,,,False,LaBraM/final_test.json:primary_test,True,False,False,False,False
LaBraM,FACED,faced_gamma_patch_lr9e4_als01_g1_s1024,/panfs/accrepfs.vampire/data/neurogroup/mingyangjiang/EEGxPlore/LaBraM/checkpoints/faced_gamma_patch_lr9e4_als01_g1_s1024,False,,preflight_or_config_only,False,False,False,unknown,patch,1024.0,,,,,,False,LaBraM/final_test.json:primary_test,True,False,False,False,False
LaBraM,FACED,faced_gamma_patch_lr9e4_als01_g1_s3407,/panfs/accrepfs.vampire/data/neurogroup/mingyangjiang/EEGxPlore/LaBraM/checkpoints/faced_gamma_patch_lr9e4_als01_g1_s3407,False,,preflight_or_config_only,False,False,False,unknown,patch,3407.0,,,,,,False,LaBraM/final_test.json:primary_test,True,False,False,False,False
LaBraM,FACED,faced_gamma_patch_lr9e4_als01_g1_s42,/panfs/accrepfs.vampire/data/neurogroup/mingyangjiang/EEGxPlore/LaBraM/checkpoints/faced_gamma_patch_lr9e4_als01_g1_s42,False,,preflight_or_config_only,False,False,False,unknown,patch,42.0,,,,,,False,LaBraM/final_test.json:primary_test,True,False,False,False,False
LaBraM,unknown,faced_labram_channel_a001_lr7e4_e80_seed3407,/panfs/accrepfs.vampire/data/neurogroup/mingyangjiang/EEGxPlore/LaBraM/checkpoints/faced_labram_channel_a001_lr7e4_e80_seed3407,True,False,registry_complete,True,False,False,legacy_unknown,unknown,,,0.3938539989264627,0.3160207417897083,,0.3924101027675788,False,LaBraM/final_test.json:primary_test,False,True,True,False,True
LaBraM,FACED,faced_labram_channel_patch_a001_lr7e4_e80_seed3407,/panfs/accrepfs.vampire/data/neurogroup/mingyangjiang/EEGxPlore/LaBraM/checkpoints/faced_labram_channel_patch_a001_lr7e4_e80_seed3407,False,,empty_or_unresolved,False,False,False,unknown,none,3407.0,,,,,,False,LaBraM/final_test.json:primary_test,False,False,False,False,False
LaBraM,unknown,faced_labram_channel_patch_a001_lr7e4_e80_seed3407_retry,/panfs/accrepfs.vampire/data/neurogroup/mingyangjiang/EEGxPlore/LaBraM/checkpoints/faced_labram_channel_patch_a001_lr7e4_e80_seed3407_retry,True,False,registry_complete,True,False,False,legacy_unknown,unknown,,,0.39371980676328505,0.31559442015407035,,0.393219932139397,False,LaBraM/final_test.json:primary_test,False,True,True,False,True
LaBraM,unknown,faced_labram_dense_lr7e4_e80_seed1024,/panfs/accrepfs.vampire/data/neurogroup/mingyangjiang/EEGxPlore/LaBraM/checkpoints/faced_labram_dense_lr7e4_e80_seed1024,True,False,registry_complete,True,False,False,legacy_unknown,unknown,,,0.4225711218464842,0.3469931700816259,,0.4215208376067689,False,LaBraM/final_test.json:primary_test,False,True,True,False,True
LaBraM,unknown,faced_labram_dense_lr7e4_e80_seed3407,/panfs/accrepfs.vampire/data/neurogroup/mingyangjiang/EEGxPlore/LaBraM/checkpoints/faced_labram_dense_lr7e4_e80_seed3407,True,False,registry_complete,True,False,False,legacy_unknown,unknown,,,0.3985507246376812,0.31890475893469716,,0.39308526459642423,False,LaBraM/final_test.json:primary_test,False,True,True,False,True
LaBraM,unknown,faced_labram_dense_lr7e4_e80_seed42,/panfs/accrepfs.vampire/data/neurogroup/mingyangjiang/EEGxPlore/LaBraM/checkpoints/faced_labram_dense_lr7e4_e80_seed42,True,False,registry_complete,True,False,False,legacy_unknown,unknown,,,0.4204240472356414,0.3439686771076308,,0.4181663403156024,False,LaBraM/final_test.json:primary_test,False,True,True,False,True
LaBraM,unknown,faced_labram_patch_a001_lr7e4_e80_seed1024,/panfs/accrepfs.vampire/data/neurogroup/mingyangjiang/EEGxPlore/LaBraM/checkpoints/faced_labram_patch_a001_lr7e4_e80_seed1024,True,False,registry_complete,True,False,False,legacy_unknown,unknown,,,0.380300590445518,0.2984426007942943,,0.37967532543593796,False,LaBraM/final_test.json:primary_test,False,True,True,False,True
LaBraM,unknown,faced_labram_patch_a001_lr7e4_e80_seed3407,/panfs/accrepfs.vampire/data/neurogroup/mingyangjiang/EEGxPlore/LaBraM/checkpoints/faced_labram_patch_a001_lr7e4_e80_seed3407,True,False,registry_complete,True,False,False,legacy_unknown,unknown,,,0.4312936124530327,0.3575414341634048,,0.4315755460052189,False,LaBraM/final_test.json:primary_test,False,True,True,False,True
LaBraM,unknown,faced_labram_patch_a001_lr7e4_e80_seed42,/panfs/accrepfs.vampire/data/neurogroup/mingyangjiang/EEGxPlore/LaBraM/checkpoints/faced_labram_patch_a001_lr7e4_e80_seed42,True,False,registry_complete,True,False,False,legacy_unknown,unknown,,,0.3262211486849168,0.24079863282064096,,0.32672331971807494,False,LaBraM/final_test.json:primary_test,False,True,True,False,True
LaBraM,unknown,faced_labram_patch_a003_lr7e4_e80_seed3407,/panfs/accrepfs.vampire/data/neurogroup/mingyangjiang/EEGxPlore/LaBraM/checkpoints/faced_labram_patch_a003_lr7e4_e80_seed3407,True,False,registry_complete,True,False,False,legacy_unknown,unknown,,,0.4194847020933978,0.34487572139925415,,0.4202634100009025,False,LaBraM/final_test.json:primary_test,False,True,True,False,True
LaBraM,FACED,faced_labram_patch_a030_lr7e4_e80_seed3407,/panfs/accrepfs.vampire/data/neurogroup/mingyangjiang/EEGxPlore/LaBraM/checkpoints/faced_labram_patch_a030_lr7e4_e80_seed3407,False,,empty_or_unresolved,False,False,False,unknown,none,3407.0,,,,,,False,LaBraM/final_test.json:primary_test,False,False,False,False,False
LaBraM,unknown,faced_labram_patch_a030_lr7e4_e80_seed3407_retry,/panfs/accrepfs.vampire/data/neurogroup/mingyangjiang/EEGxPlore/LaBraM/checkpoints/faced_labram_patch_a030_lr7e4_e80_seed3407_retry,True,False,registry_complete,True,False,False,legacy_unknown,unknown,,,0.40499194847020936,0.32728181212524987,,0.4015834014857375,False,LaBraM/final_test.json:primary_test,False,True,True,False,True
LaBraM,FACED,faced_phase1_dense_lr5e4_w10_s1024,/panfs/accrepfs.vampire/data/neurogroup/mingyangjiang/EEGxPlore/LaBraM/checkpoints/faced_phase1_dense_lr5e4_w10_s1024,False,,legacy_log_only,False,False,False,unknown,none,1024.0,,,,,,False,LaBraM/final_test.json:primary_test,False,True,True,False,False
LaBraM,FACED,faced_phase1_dense_lr5e4_w10_s42,/panfs/accrepfs.vampire/data/neurogroup/mingyangjiang/EEGxPlore/LaBraM/checkpoints/faced_phase1_dense_lr5e4_w10_s42,False,,legacy_log_only,False,False,False,unknown,none,42.0,,,,,,False,LaBraM/final_test.json:primary_test,False,True,True,False,False
LaBraM,FACED,faced_phase1_dense_lr7e4_w10_s1024,/panfs/accrepfs.vampire/data/neurogroup/mingyangjiang/EEGxPlore/LaBraM/checkpoints/faced_phase1_dense_lr7e4_w10_s1024,False,,legacy_log_only,False,False,False,unknown,none,1024.0,,,,,,False,LaBraM/final_test.json:primary_test,False,True,True,False,False
LaBraM,FACED,faced_phase1_dense_lr7e4_w10_s42,/panfs/accrepfs.vampire/data/neurogroup/mingyangjiang/EEGxPlore/LaBraM/checkpoints/faced_phase1_dense_lr7e4_w10_s42,False,,legacy_log_only,False,False,False,unknown,none,42.0,,,,,,False,LaBraM/final_test.json:primary_test,False,True,True,False,False
LaBraM,FACED,faced_phase1_dense_lr9e4_w10_s1024,/panfs/accrepfs.vampire/data/neurogroup/mingyangjiang/EEGxPlore/LaBraM/checkpoints/faced_phase1_dense_lr9e4_w10_s1024,False,,legacy_log_only,False,False,False,unknown,none,1024.0,,,,,,False,LaBraM/final_test.json:primary_test,False,True,True,False,False
LaBraM,FACED,faced_phase1_dense_lr9e4_w10_s42,/panfs/accrepfs.vampire/data/neurogroup/mingyangjiang/EEGxPlore/LaBraM/checkpoints/faced_phase1_dense_lr9e4_w10_s42,False,,legacy_log_only,False,False,False,unknown,none,42.0,,,,,,False,LaBraM/final_test.json:primary_test,False,True,True,False,False
LaBraM,FACED,faced_phase1_patch_lr5e4_w10_s1024,/panfs/accrepfs.vampire/data/neurogroup/mingyangjiang/EEGxPlore/LaBraM/checkpoints/faced_phase1_patch_lr5e4_w10_s1024,False,,legacy_log_only,False,False,False,unknown,none,1024.0,,,,,,False,LaBraM/final_test.json:primary_test,False,True,True,False,False
LaBraM,FACED,faced_phase1_patch_lr5e4_w10_s42,/panfs/accrepfs.vampire/data/neurogroup/mingyangjiang/EEGxPlore/LaBraM/checkpoints/faced_phase1_patch_lr5e4_w10_s42,False,,legacy_log_only,False,False,False,unknown,none,42.0,,,,,,False,LaBraM/final_test.json:primary_test,False,True,True,False,False
LaBraM,FACED,faced_phase1_patch_lr7e4_w10_s1024,/panfs/accrepfs.vampire/data/neurogroup/mingyangjiang/EEGxPlore/LaBraM/checkpoints/faced_phase1_patch_lr7e4_w10_s1024,False,,legacy_log_only,False,False,False,unknown,none,1024.0,,,,,,False,LaBraM/final_test.json:primary_test,False,True,True,False,False
LaBraM,FACED,faced_phase1_patch_lr7e4_w10_s42,/panfs/accrepfs.vampire/data/neurogroup/mingyangjiang/EEGxPlore/LaBraM/checkpoints/faced_phase1_patch_lr7e4_w10_s42,False,,legacy_log_only,False,False,False,unknown,none,42.0,,,,,,False,LaBraM/final_test.json:primary_test,False,True,True,False,False
LaBraM,FACED,faced_phase1v2_dense_lr5e4_w10_s42,/panfs/accrepfs.vampire/data/neurogroup/mingyangjiang/EEGxPlore/LaBraM/checkpoints/faced_phase1v2_dense_lr5e4_w10_s42,False,,legacy_log_only,False,False,False,unknown,none,42.0,,,,,,False,LaBraM/final_test.json:primary_test,False,True,True,False,False
LaBraM,FACED,faced_phase1v2_patch_lr5e4_w10_s42,/panfs/accrepfs.vampire/data/neurogroup/mingyangjiang/EEGxPlore/LaBraM/checkpoints/faced_phase1v2_patch_lr5e4_w10_s42,False,,legacy_log_only,False,False,False,unknown,none,42.0,,,,,,False,LaBraM/final_test.json:primary_test,False,True,True,False,False
LaBraM,FACED,faced_phase1v3_dense_lr5e4_w10_s1024,/panfs/accrepfs.vampire/data/neurogroup/mingyangjiang/EEGxPlore/LaBraM/checkpoints/faced_phase1v3_dense_lr5e4_w10_s1024,False,,incomplete_training_or_missing_final_test,False,False,False,unknown,none,1024.0,,,,,,False,LaBraM/final_test.json:primary_test,True,True,True,False,False
LaBraM,FACED,faced_phase1v3_dense_lr5e4_w10_s42,/panfs/accrepfs.vampire/data/neurogroup/mingyangjiang/EEGxPlore/LaBraM/checkpoints/faced_phase1v3_dense_lr5e4_w10_s42,False,,incomplete_training_or_missing_final_test,False,False,False,unknown,none,42.0,,,,,,False,LaBraM/final_test.json:primary_test,True,True,True,False,False
LaBraM,FACED,faced_phase1v3_dense_lr7e4_w10_s1024,/panfs/accrepfs.vampire/data/neurogroup/mingyangjiang/EEGxPlore/LaBraM/checkpoints/faced_phase1v3_dense_lr7e4_w10_s1024,False,,incomplete_training_or_missing_final_test,False,False,False,unknown,none,1024.0,,,,,,False,LaBraM/final_test.json:primary_test,True,True,True,False,False
LaBraM,FACED,faced_phase1v3_dense_lr7e4_w10_s42,/panfs/accrepfs.vampire/data/neurogroup/mingyangjiang/EEGxPlore/LaBraM/checkpoints/faced_phase1v3_dense_lr7e4_w10_s42,False,,incomplete_training_or_missing_final_test,False,False,False,unknown,none,42.0,,,,,,False,LaBraM/final_test.json:primary_test,True,True,True,False,False
LaBraM,FACED,faced_phase1v3_patch_lr5e4_w10_s1024,/panfs/accrepfs.vampire/data/neurogroup/mingyangjiang/EEGxPlore/LaBraM/checkpoints/faced_phase1v3_patch_lr5e4_w10_s1024,False,,incomplete_training_or_missing_final_test,False,False,False,unknown,patch,1024.0,,,,,,False,LaBraM/final_test.json:primary_test,True,True,True,False,False
LaBraM,FACED,faced_phase1v3_patch_lr5e4_w10_s42,/panfs/accrepfs.vampire/data/neurogroup/mingyangjiang/EEGxPlore/LaBraM/checkpoints/faced_phase1v3_patch_lr5e4_w10_s42,False,,incomplete_training_or_missing_final_test,False,False,False,unknown,patch,42.0,,,,,,False,LaBraM/final_test.json:primary_test,True,True,True,False,False
LaBraM,FACED,faced_phase1v3_patch_lr7e4_w10_s1024,/panfs/accrepfs.vampire/data/neurogroup/mingyangjiang/EEGxPlore/LaBraM/checkpoints/faced_phase1v3_patch_lr7e4_w10_s1024,False,,incomplete_training_or_missing_final_test,False,False,False,unknown,patch,1024.0,,,,,,False,LaBraM/final_test.json:primary_test,True,True,True,False,False
LaBraM,FACED,faced_phase1v3_patch_lr7e4_w10_s42,/panfs/accrepfs.vampire/data/neurogroup/mingyangjiang/EEGxPlore/LaBraM/checkpoints/faced_phase1v3_patch_lr7e4_w10_s42,False,,incomplete_training_or_missing_final_test,False,False,False,unknown,patch,42.0,,,,,,False,LaBraM/final_test.json:primary_test,True,True,True,False,False
LaBraM,FACED,faced_reviewer_r2_frozen_dense_seed1024,/panfs/accrepfs.vampire/data/neurogroup/mingyangjiang/EEGxPlore/LaBraM/checkpoints/faced_reviewer_r2_frozen_dense_seed1024,True,True,registry_complete,True,False,False,frozen_probe,none,1024.0,,0.1379495437466452,0.03298363407469562,0.1075983569963635,0.11280109814543286,True,LaBraM/final_test.json:primary_test,True,True,True,False,True
LaBraM,FACED,faced_reviewer_r2_frozen_dense_seed3407,/panfs/accrepfs.vampire/data/neurogroup/mingyangjiang/EEGxPlore/LaBraM/checkpoints/faced_reviewer_r2_frozen_dense_seed3407,True,True,registry_complete,True,False,False,frozen_probe,none,3407.0,,0.13808373590982287,0.03389688650820222,0.07624393265967677,0.08290504585186034,True,LaBraM/final_test.json:primary_test,True,True,True,False,True
LaBraM,FACED,faced_reviewer_r2_frozen_dense_seed42,/panfs/accrepfs.vampire/data/neurogroup/mingyangjiang/EEGxPlore/LaBraM/checkpoints/faced_reviewer_r2_frozen_dense_seed42,True,True,registry_complete,True,False,False,frozen_probe,none,42.0,,0.1439881910896404,0.03878759969020151,0.10924817505346458,0.11379690817177396,True,LaBraM/final_test.json:primary_test,True,True,True,False,True
LaBraM,FACED,faced_reviewer_r2_frozen_generic_seed1024,/panfs/accrepfs.vampire/data/neurogroup/mingyangjiang/EEGxPlore/LaBraM/checkpoints/faced_reviewer_r2_frozen_generic_seed1024,True,True,registry_complete,True,False,False,frozen_native_generic,generic,1024.0,,0.17901234567901234,0.07853447011751902,0.1688458965936085,0.17218057617635846,True,LaBraM/final_test.json:primary_test,True,True,True,False,True
LaBraM,FACED,faced_reviewer_r2_frozen_generic_seed3407,/panfs/accrepfs.vampire/data/neurogroup/mingyangjiang/EEGxPlore/LaBraM/checkpoints/faced_reviewer_r2_frozen_generic_seed3407,True,True,registry_complete,True,False,False,frozen_native_generic,generic,3407.0,,0.1802200751476114,0.08000753406023076,0.17223045609178297,0.175537123733614,True,LaBraM/final_test.json:primary_test,True,True,True,False,True
LaBraM,FACED,faced_reviewer_r2_frozen_generic_seed42,/panfs/accrepfs.vampire/data/neurogroup/mingyangjiang/EEGxPlore/LaBraM/checkpoints/faced_reviewer_r2_frozen_generic_seed42,True,True,registry_complete,True,False,False,frozen_native_generic,generic,42.0,,0.17525496511003757,0.07405081836828664,0.16686107319258392,0.17003171692657595,True,LaBraM/final_test.json:primary_test,True,True,True,False,True
LaBraM,FACED,faced_reviewer_r2_frozen_patch_seed1024,/panfs/accrepfs.vampire/data/neurogroup/mingyangjiang/EEGxPlore/LaBraM/checkpoints/faced_reviewer_r2_frozen_patch_seed1024,True,True,registry_complete,True,False,False,frozen_native_patch,patch,1024.0,,0.15901771336553944,0.05539212618138567,0.15377196930710296,0.1565857611009523,True,LaBraM/final_test.json:primary_test,True,True,True,False,True
LaBraM,FACED,faced_reviewer_r2_frozen_patch_seed3407,/panfs/accrepfs.vampire/data/neurogroup/mingyangjiang/EEGxPlore/LaBraM/checkpoints/faced_reviewer_r2_frozen_patch_seed3407,True,True,registry_complete,True,False,False,frozen_native_patch,patch,3407.0,,0.1728395061728395,0.07052245034217985,0.15411852264881837,0.15699171474116658,True,LaBraM/final_test.json:primary_test,True,True,True,False,True
LaBraM,FACED,faced_reviewer_r2_frozen_patch_seed42,/panfs/accrepfs.vampire/data/neurogroup/mingyangjiang/EEGxPlore/LaBraM/checkpoints/faced_reviewer_r2_frozen_patch_seed42,True,True,registry_complete,True,False,False,frozen_native_patch,patch,42.0,,0.17028985507246375,0.06693915001876793,0.1533392741107084,0.15555694587822905,True,LaBraM/final_test.json:primary_test,True,True,True,False,True
LaBraM,FACED,faced_reviewer_r2_lora_qkv_r8_seed1024,/panfs/accrepfs.vampire/data/neurogroup/mingyangjiang/EEGxPlore/LaBraM/checkpoints/faced_reviewer_r2_lora_qkv_r8_seed1024,True,True,registry_complete,True,False,False,lora,qkv,1024.0,,0.27281266774020396,0.18078602620087336,0.27009732070772047,0.2702981365613395,True,LaBraM/final_test.json:primary_test,True,True,True,False,True
LaBraM,FACED,faced_reviewer_r2_lora_qkv_r8_seed3407,/panfs/accrepfs.vampire/data/neurogroup/mingyangjiang/EEGxPlore/LaBraM/checkpoints/faced_reviewer_r2_lora_qkv_r8_seed3407,True,True,registry_complete,True,False,False,lora,qkv,3407.0,,0.2557702630166398,0.16233333333333333,0.2537342305352748,0.2543449127780626,True,LaBraM/final_test.json:primary_test,True,True,True,False,True
LaBraM,FACED,faced_reviewer_r2_lora_qkv_r8_seed42,/panfs/accrepfs.vampire/data/neurogroup/mingyangjiang/EEGxPlore/LaBraM/checkpoints/faced_reviewer_r2_lora_qkv_r8_seed42,True,True,registry_complete,True,False,False,lora,qkv,42.0,,0.3184380032206119,0.2321978845673357,0.3156675069815312,0.3157336048813044,True,LaBraM/final_test.json:primary_test,True,True,True,False,True
LaBraM,FACED,faced_reviewer_r2_upper2_seed1024,/panfs/accrepfs.vampire/data/neurogroup/mingyangjiang/EEGxPlore/LaBraM/checkpoints/faced_reviewer_r2_upper2_seed1024,True,True,registry_complete,True,False,False,upper2,upper,1024.0,,0.2966988727858293,0.2087133991419885,0.29621794337742535,0.2970314602486105,True,LaBraM/final_test.json:primary_test,True,True,True,False,True
LaBraM,FACED,faced_reviewer_r2_upper2_seed3407,/panfs/accrepfs.vampire/data/neurogroup/mingyangjiang/EEGxPlore/LaBraM/checkpoints/faced_reviewer_r2_upper2_seed3407,True,True,registry_complete,True,False,False,upper2,upper,3407.0,,0.298040794417606,0.20891759558287337,0.29836967006865045,0.29791769205599455,True,LaBraM/final_test.json:primary_test,True,True,True,False,True
LaBraM,FACED,faced_reviewer_r2_upper2_seed42,/panfs/accrepfs.vampire/data/neurogroup/mingyangjiang/EEGxPlore/LaBraM/checkpoints/faced_reviewer_r2_upper2_seed42,True,True,registry_complete,True,False,False,upper2,upper,42.0,,0.29589371980676327,0.20666666666666655,0.29520037738096866,0.29495016549037856,True,LaBraM/final_test.json:primary_test,True,True,True,False,True
LaBraM,FACED,faced_reviewer_r3_frozen_dense_evalmode_seed1024,/panfs/accrepfs.vampire/data/neurogroup/mingyangjiang/EEGxPlore/LaBraM/checkpoints/faced_reviewer_r3_frozen_dense_evalmode_seed1024,True,True,registry_complete,True,False,False,frozen_probe,none,1024.0,,0.1592860976918948,0.05699481865284983,0.15022852826504143,0.15419307922186778,True,LaBraM/final_test.json:primary_test,True,True,True,False,True
LaBraM,FACED,faced_reviewer_r3_frozen_dense_evalmode_seed3407,/panfs/accrepfs.vampire/data/neurogroup/mingyangjiang/EEGxPlore/LaBraM/checkpoints/faced_reviewer_r3_frozen_dense_evalmode_seed3407,True,True,registry_complete,True,False,False,frozen_probe,none,3407.0,,0.15874932903918412,0.056409827845562366,0.14971851427467084,0.1537012800168676,True,LaBraM/final_test.json:primary_test,True,True,True,False,True
LaBraM,FACED,faced_reviewer_r3_frozen_dense_evalmode_seed42,/panfs/accrepfs.vampire/data/neurogroup/mingyangjiang/EEGxPlore/LaBraM/checkpoints/faced_reviewer_r3_frozen_dense_evalmode_seed42,True,True,registry_complete,True,False,False,frozen_probe,none,42.0,,0.15874932903918412,0.056409827845562366,0.14971851427467084,0.1537012800168676,True,LaBraM/final_test.json:primary_test,True,True,True,False,True
LaBraM,FACED,faced_reviewer_r3_frozen_generic_evalmode_seed1024,/panfs/accrepfs.vampire/data/neurogroup/mingyangjiang/EEGxPlore/LaBraM/checkpoints/faced_reviewer_r3_frozen_generic_evalmode_seed1024,True,True,registry_complete,True,False,False,frozen_native_generic,generic,1024.0,,0.1855877616747182,0.08298979804288975,0.1784017607529779,0.17896381194534272,True,LaBraM/final_test.json:primary_test,True,True,True,False,True
LaBraM,FACED,faced_reviewer_r3_frozen_generic_evalmode_seed3407,/panfs/accrepfs.vampire/data/neurogroup/mingyangjiang/EEGxPlore/LaBraM/checkpoints/faced_reviewer_r3_frozen_generic_evalmode_seed3407,True,True,registry_complete,True,False,False,frozen_native_generic,generic,3407.0,,0.17995169082125606,0.07787047246551693,0.17777174834797294,0.17914097232291554,True,LaBraM/final_test.json:primary_test,True,True,True,False,True
LaBraM,FACED,faced_reviewer_r3_frozen_generic_evalmode_seed42,/panfs/accrepfs.vampire/data/neurogroup/mingyangjiang/EEGxPlore/LaBraM/checkpoints/faced_reviewer_r3_frozen_generic_evalmode_seed42,True,True,registry_complete,True,False,False,frozen_native_generic,generic,42.0,,0.19216317767042404,0.09187927296981802,0.18939946100962612,0.19120662311642517,True,LaBraM/final_test.json:primary_test,True,True,True,False,True
LaBraM,FACED,faced_reviewer_r3_frozen_patch_evalmode_seed1024,/panfs/accrepfs.vampire/data/neurogroup/mingyangjiang/EEGxPlore/LaBraM/checkpoints/faced_reviewer_r3_frozen_patch_evalmode_seed1024,True,True,registry_complete,True,False,False,frozen_native_patch,patch,1024.0,,0.1587493290391841,0.05330916817698905,0.15189807166313885,0.1530799717464735,True,LaBraM/final_test.json:primary_test,True,True,True,False,True
LaBraM,FACED,faced_reviewer_r3_frozen_patch_evalmode_seed3407,/panfs/accrepfs.vampire/data/neurogroup/mingyangjiang/EEGxPlore/LaBraM/checkpoints/faced_reviewer_r3_frozen_patch_evalmode_seed3407,True,True,registry_complete,True,False,False,frozen_native_patch,patch,3407.0,,0.166935050993022,0.0628347539753662,0.16655184840634013,0.1678307422810113,True,LaBraM/final_test.json:primary_test,True,True,True,False,True
LaBraM,FACED,faced_reviewer_r3_frozen_patch_evalmode_seed42,/panfs/accrepfs.vampire/data/neurogroup/mingyangjiang/EEGxPlore/LaBraM/checkpoints/faced_reviewer_r3_frozen_patch_evalmode_seed42,True,True,registry_complete,True,False,False,frozen_native_patch,patch,42.0,,0.16143317230273752,0.05690107966151137,0.16142849270059176,0.16294938145865712,True,LaBraM/final_test.json:primary_test,True,True,True,False,True
LaBraM,unknown,faced_shared_dense_lr5e4_w10_s3407,/panfs/accrepfs.vampire/data/neurogroup/mingyangjiang/EEGxPlore/LaBraM/checkpoints/faced_shared_dense_lr5e4_w10_s3407,True,False,registry_complete,True,False,False,legacy_unknown,unknown,,,0.4036500268384326,0.32593348466232097,,0.40384386721175114,False,LaBraM/final_test.json:primary_test,False,True,True,False,True
LaBraM,unknown,faced_shared_dense_lr5e4_w5_s3407,/panfs/accrepfs.vampire/data/neurogroup/mingyangjiang/EEGxPlore/LaBraM/checkpoints/faced_shared_dense_lr5e4_w5_s3407,True,False,registry_complete,True,False,False,legacy_unknown,unknown,,,0.39318303811057437,0.3122337441034061,,0.38865827599432706,False,LaBraM/final_test.json:primary_test,False,True,True,False,True
LaBraM,unknown,faced_shared_dense_lr7e4_w10_s3407,/panfs/accrepfs.vampire/data/neurogroup/mingyangjiang/EEGxPlore/LaBraM/checkpoints/faced_shared_dense_lr7e4_w10_s3407,True,False,registry_complete,True,False,False,legacy_unknown,unknown,,,0.3985507246376812,0.31890475893469716,,0.39308526459642423,False,LaBraM/final_test.json:primary_test,False,True,True,False,True
LaBraM,unknown,faced_shared_dense_lr7e4_w5_s3407,/panfs/accrepfs.vampire/data/neurogroup/mingyangjiang/EEGxPlore/LaBraM/checkpoints/faced_shared_dense_lr7e4_w5_s3407,True,False,registry_complete,True,False,False,legacy_unknown,unknown,,,0.3276972624798712,0.2420614263404477,,0.32760175973589534,False,LaBraM/final_test.json:primary_test,False,True,True,False,True
LaBraM,unknown,faced_shared_dense_lr9e4_w10_s3407,/panfs/accrepfs.vampire/data/neurogroup/mingyangjiang/EEGxPlore/LaBraM/checkpoints/faced_shared_dense_lr9e4_w10_s3407,True,False,registry_complete,True,False,False,legacy_unknown,unknown,,,0.4155931293612453,0.33921071235497147,,0.41254288842136655,False,LaBraM/final_test.json:primary_test,False,True,True,False,True
LaBraM,unknown,faced_shared_dense_lr9e4_w5_s3407,/panfs/accrepfs.vampire/data/neurogroup/mingyangjiang/EEGxPlore/LaBraM/checkpoints/faced_shared_dense_lr9e4_w5_s3407,True,False,registry_complete,True,False,False,legacy_unknown,unknown,,,0.29066022544283415,0.2002835282590114,,0.2842610790371804,False,LaBraM/final_test.json:primary_test,False,True,True,False,True
LaBraM,unknown,faced_shared_patch_lr5e4_w10_s3407,/panfs/accrepfs.vampire/data/neurogroup/mingyangjiang/EEGxPlore/LaBraM/checkpoints/faced_shared_patch_lr5e4_w10_s3407,True,False,registry_complete,True,False,False,legacy_unknown,unknown,,,0.428341384863124,0.3553898079086629,,0.42904956521241566,False,LaBraM/final_test.json:primary_test,False,True,True,False,True
LaBraM,unknown,faced_shared_patch_lr5e4_w5_s3407,/panfs/accrepfs.vampire/data/neurogroup/mingyangjiang/EEGxPlore/LaBraM/checkpoints/faced_shared_patch_lr5e4_w5_s3407,True,False,registry_complete,True,False,False,legacy_unknown,unknown,,,0.3884863123993559,0.3102413405026885,,0.3901637148819816,False,LaBraM/final_test.json:primary_test,False,True,True,False,True
LaBraM,unknown,faced_shared_patch_lr7e4_w10_s3407,/panfs/accrepfs.vampire/data/neurogroup/mingyangjiang/EEGxPlore/LaBraM/checkpoints/faced_shared_patch_lr7e4_w10_s3407,True,False,registry_complete,True,False,False,legacy_unknown,unknown,,,0.4312936124530327,0.3575414341634048,,0.4315755460052189,False,LaBraM/final_test.json:primary_test,False,True,True,False,True
LaBraM,unknown,faced_shared_patch_lr7e4_w5_s3407,/panfs/accrepfs.vampire/data/neurogroup/mingyangjiang/EEGxPlore/LaBraM/checkpoints/faced_shared_patch_lr7e4_w5_s3407,True,False,registry_complete,True,False,False,legacy_unknown,unknown,,,0.2533548040794418,0.1579429332556348,,0.25541744613359535,False,LaBraM/final_test.json:primary_test,False,True,True,False,True
LaBraM,unknown,faced_shared_patch_lr9e4_w10_s3407,/panfs/accrepfs.vampire/data/neurogroup/mingyangjiang/EEGxPlore/LaBraM/checkpoints/faced_shared_patch_lr9e4_w10_s3407,True,False,registry_complete,True,False,False,legacy_unknown,unknown,,,0.31226516371443913,0.22530336516408833,,0.31290298538879735,False,LaBraM/final_test.json:primary_test,False,True,True,False,True
LaBraM,unknown,faced_shared_patch_lr9e4_w5_s3407,/panfs/accrepfs.vampire/data/neurogroup/mingyangjiang/EEGxPlore/LaBraM/checkpoints/faced_shared_patch_lr9e4_w5_s3407,True,False,registry_complete,True,False,False,legacy_unknown,unknown,,,0.3101180891035964,0.2215414113625942,,0.3092787702063567,False,LaBraM/final_test.json:primary_test,False,True,True,False,True
LaBraM,FACED,faced_stage2_patch_lr5e4_als01_w10_s1024,/panfs/accrepfs.vampire/data/neurogroup/mingyangjiang/EEGxPlore/LaBraM/checkpoints/faced_stage2_patch_lr5e4_als01_w10_s1024,False,,incomplete_training_or_missing_final_test,False,False,False,unknown,patch,1024.0,,,,,,False,LaBraM/final_test.json:primary_test,True,True,True,False,False
LaBraM,FACED,faced_stage2_patch_lr5e4_als01_w10_s3407,/panfs/accrepfs.vampire/data/neurogroup/mingyangjiang/EEGxPlore/LaBraM/checkpoints/faced_stage2_patch_lr5e4_als01_w10_s3407,False,,incomplete_training_or_missing_final_test,False,False,False,unknown,patch,3407.0,,,,,,False,LaBraM/final_test.json:primary_test,True,True,True,False,False
LaBraM,FACED,faced_stage2_patch_lr5e4_als01_w10_s42,/panfs/accrepfs.vampire/data/neurogroup/mingyangjiang/EEGxPlore/LaBraM/checkpoints/faced_stage2_patch_lr5e4_als01_w10_s42,False,,incomplete_training_or_missing_final_test,False,False,False,unknown,patch,42.0,,,,,,False,LaBraM/final_test.json:primary_test,True,True,True,False,False
LaBraM,FACED,faced_stage2_patch_lr5e4_als03_w10_s1024,/panfs/accrepfs.vampire/data/neurogroup/mingyangjiang/EEGxPlore/LaBraM/checkpoints/faced_stage2_patch_lr5e4_als03_w10_s1024,False,,incomplete_training_or_missing_final_test,False,False,False,unknown,patch,1024.0,,,,,,False,LaBraM/final_test.json:primary_test,True,True,True,False,False
LaBraM,FACED,faced_stage2_patch_lr5e4_als03_w10_s3407,/panfs/accrepfs.vampire/data/neurogroup/mingyangjiang/EEGxPlore/LaBraM/checkpoints/faced_stage2_patch_lr5e4_als03_w10_s3407,False,,incomplete_training_or_missing_final_test,False,False,False,unknown,patch,3407.0,,,,,,False,LaBraM/final_test.json:primary_test,True,True,True,False,False
LaBraM,FACED,faced_stage2_patch_lr5e4_als03_w10_s42,/panfs/accrepfs.vampire/data/neurogroup/mingyangjiang/EEGxPlore/LaBraM/checkpoints/faced_stage2_patch_lr5e4_als03_w10_s42,False,,incomplete_training_or_missing_final_test,False,False,False,unknown,patch,42.0,,,,,,False,LaBraM/final_test.json:primary_test,True,True,True,False,False
LaBraM,FACED,faced_stage2_patch_lr7e4_als01_w10_s1024,/panfs/accrepfs.vampire/data/neurogroup/mingyangjiang/EEGxPlore/LaBraM/checkpoints/faced_stage2_patch_lr7e4_als01_w10_s1024,False,,incomplete_training_or_missing_final_test,False,False,False,unknown,patch,1024.0,,,,,,False,LaBraM/final_test.json:primary_test,True,True,True,False,False
LaBraM,FACED,faced_stage2_patch_lr7e4_als01_w10_s3407,/panfs/accrepfs.vampire/data/neurogroup/mingyangjiang/EEGxPlore/LaBraM/checkpoints/faced_stage2_patch_lr7e4_als01_w10_s3407,False,,incomplete_training_or_missing_final_test,False,False,False,unknown,patch,3407.0,,,,,,False,LaBraM/final_test.json:primary_test,True,True,True,False,False
LaBraM,FACED,faced_stage2_patch_lr7e4_als01_w10_s42,/panfs/accrepfs.vampire/data/neurogroup/mingyangjiang/EEGxPlore/LaBraM/checkpoints/faced_stage2_patch_lr7e4_als01_w10_s42,False,,incomplete_training_or_missing_final_test,False,False,False,unknown,patch,42.0,,,,,,False,LaBraM/final_test.json:primary_test,True,True,True,False,False
LaBraM,FACED,faced_stage2_patch_lr7e4_als03_w10_s1024,/panfs/accrepfs.vampire/data/neurogroup/mingyangjiang/EEGxPlore/LaBraM/checkpoints/faced_stage2_patch_lr7e4_als03_w10_s1024,False,,incomplete_training_or_missing_final_test,False,False,False,unknown,patch,1024.0,,,,,,False,LaBraM/final_test.json:primary_test,True,True,True,False,False
LaBraM,FACED,faced_stage2_patch_lr7e4_als03_w10_s3407,/panfs/accrepfs.vampire/data/neurogroup/mingyangjiang/EEGxPlore/LaBraM/checkpoints/faced_stage2_patch_lr7e4_als03_w10_s3407,False,,incomplete_training_or_missing_final_test,False,False,False,unknown,patch,3407.0,,,,,,False,LaBraM/final_test.json:primary_test,True,True,True,False,False
LaBraM,FACED,faced_stage2_patch_lr7e4_als03_w10_s42,/panfs/accrepfs.vampire/data/neurogroup/mingyangjiang/EEGxPlore/LaBraM/checkpoints/faced_stage2_patch_lr7e4_als03_w10_s42,False,,incomplete_training_or_missing_final_test,False,False,False,unknown,patch,42.0,,,,,,False,LaBraM/final_test.json:primary_test,True,True,True,False,False
LaBraM,FACED,faced_stage2_patch_lr9e4_als01_w10_s1024,/panfs/accrepfs.vampire/data/neurogroup/mingyangjiang/EEGxPlore/LaBraM/checkpoints/faced_stage2_patch_lr9e4_als01_w10_s1024,False,,incomplete_training_or_missing_final_test,False,False,False,unknown,patch,1024.0,,,,,,False,LaBraM/final_test.json:primary_test,True,True,True,False,False
LaBraM,FACED,faced_stage2_patch_lr9e4_als01_w10_s3407,/panfs/accrepfs.vampire/data/neurogroup/mingyangjiang/EEGxPlore/LaBraM/checkpoints/faced_stage2_patch_lr9e4_als01_w10_s3407,False,,incomplete_training_or_missing_final_test,False,False,False,unknown,patch,3407.0,,,,,,False,LaBraM/final_test.json:primary_test,True,True,True,False,False
LaBraM,FACED,faced_stage2_patch_lr9e4_als01_w10_s42,/panfs/accrepfs.vampire/data/neurogroup/mingyangjiang/EEGxPlore/LaBraM/checkpoints/faced_stage2_patch_lr9e4_als01_w10_s42,False,,incomplete_training_or_missing_final_test,False,False,False,unknown,patch,42.0,,,,,,False,LaBraM/final_test.json:primary_test,True,True,True,False,False
LaBraM,FACED,faced_stage2_patch_lr9e4_als03_w10_s1024,/panfs/accrepfs.vampire/data/neurogroup/mingyangjiang/EEGxPlore/LaBraM/checkpoints/faced_stage2_patch_lr9e4_als03_w10_s1024,False,,incomplete_training_or_missing_final_test,False,False,False,unknown,patch,1024.0,,,,,,False,LaBraM/final_test.json:primary_test,True,True,True,False,False
LaBraM,FACED,faced_stage2_patch_lr9e4_als03_w10_s3407,/panfs/accrepfs.vampire/data/neurogroup/mingyangjiang/EEGxPlore/LaBraM/checkpoints/faced_stage2_patch_lr9e4_als03_w10_s3407,False,,incomplete_training_or_missing_final_test,False,False,False,unknown,patch,3407.0,,,,,,False,LaBraM/final_test.json:primary_test,True,True,True,False,False
LaBraM,FACED,faced_stage2_patch_lr9e4_als03_w10_s42,/panfs/accrepfs.vampire/data/neurogroup/mingyangjiang/EEGxPlore/LaBraM/checkpoints/faced_stage2_patch_lr9e4_als03_w10_s42,False,,incomplete_training_or_missing_final_test,False,False,False,unknown,patch,42.0,,,,,,False,LaBraM/final_test.json:primary_test,True,True,True,False,False
LaBraM,FACED,faced_stage2confirm_dense_lr9e4_als01_w10_s3407,/panfs/accrepfs.vampire/data/neurogroup/mingyangjiang/EEGxPlore/LaBraM/checkpoints/faced_stage2confirm_dense_lr9e4_als01_w10_s3407,False,,incomplete_training_or_missing_final_test,False,False,False,unknown,none,3407.0,,,,,,False,LaBraM/final_test.json:primary_test,True,True,True,False,False
LaBraM,FACED,faced_stage2confirm_patch_lr9e4_als01_w10_s3407,/panfs/accrepfs.vampire/data/neurogroup/mingyangjiang/EEGxPlore/LaBraM/checkpoints/faced_stage2confirm_patch_lr9e4_als01_w10_s3407,False,,incomplete_training_or_missing_final_test,False,False,False,unknown,patch,3407.0,,,,,,False,LaBraM/final_test.json:primary_test,True,True,True,False,False
LaBraM,FACED,faced_stage3a_exact_oldrecipe_alpha01_s1024_bs16_nw0,/panfs/accrepfs.vampire/data/neurogroup/mingyangjiang/EEGxPlore/LaBraM/checkpoints/faced_stage3a_exact_oldrecipe_alpha01_s1024_bs16_nw0,False,,incomplete_training_or_missing_final_test,False,False,False,unknown,patch,1024.0,,,,,,False,LaBraM/final_test.json:primary_test,True,True,True,False,False
LaBraM,FACED,faced_stage3a_patch_lr7e4_core01_alpha01_init001_s1024,/panfs/accrepfs.vampire/data/neurogroup/mingyangjiang/EEGxPlore/LaBraM/checkpoints/faced_stage3a_patch_lr7e4_core01_alpha01_init001_s1024,False,,incomplete_training_or_missing_final_test,False,False,False,unknown,patch,1024.0,,,,,,False,LaBraM/final_test.json:primary_test,True,True,True,False,False
LaBraM,FACED,faced_stage3a_patch_lr7e4_core01_alpha01_init001_s42,/panfs/accrepfs.vampire/data/neurogroup/mingyangjiang/EEGxPlore/LaBraM/checkpoints/faced_stage3a_patch_lr7e4_core01_alpha01_init001_s42,False,,incomplete_training_or_missing_final_test,False,False,False,unknown,patch,42.0,,,,,,False,LaBraM/final_test.json:primary_test,True,True,True,False,False
LaBraM,FACED,faced_stage3a_patch_lr7e4_core01_alpha03_init001_s1024,/panfs/accrepfs.vampire/data/neurogroup/mingyangjiang/EEGxPlore/LaBraM/checkpoints/faced_stage3a_patch_lr7e4_core01_alpha03_init001_s1024,False,,incomplete_training_or_missing_final_test,False,False,False,unknown,patch,1024.0,,,,,,False,LaBraM/final_test.json:primary_test,True,True,True,False,False
LaBraM,FACED,faced_stage3a_patch_lr7e4_core01_alpha03_init001_s42,/panfs/accrepfs.vampire/data/neurogroup/mingyangjiang/EEGxPlore/LaBraM/checkpoints/faced_stage3a_patch_lr7e4_core01_alpha03_init001_s42,False,,preflight_or_config_only,False,False,False,unknown,patch,42.0,,,,,,False,LaBraM/final_test.json:primary_test,True,False,False,False,False
LaBraM,FACED,faced_stage3a_patch_lr7e4_core01_alpha03_init001_s42_retry_nw0,/panfs/accrepfs.vampire/data/neurogroup/mingyangjiang/EEGxPlore/LaBraM/checkpoints/faced_stage3a_patch_lr7e4_core01_alpha03_init001_s42_retry_nw0,False,,incomplete_training_or_missing_final_test,False,False,False,unknown,patch,42.0,,,,,,False,LaBraM/final_test.json:primary_test,True,True,True,False,False
LaBraM,FACED,faced_stage3a_patch_lr7e4_core01_alpha10_init001_s1024,/panfs/accrepfs.vampire/data/neurogroup/mingyangjiang/EEGxPlore/LaBraM/checkpoints/faced_stage3a_patch_lr7e4_core01_alpha10_init001_s1024,False,,incomplete_training_or_missing_final_test,False,False,False,unknown,patch,1024.0,,,,,,False,LaBraM/final_test.json:primary_test,True,True,True,False,False
LaBraM,FACED,faced_stage3a_patch_lr7e4_core01_alpha10_init001_s42,/panfs/accrepfs.vampire/data/neurogroup/mingyangjiang/EEGxPlore/LaBraM/checkpoints/faced_stage3a_patch_lr7e4_core01_alpha10_init001_s42,False,,incomplete_training_or_missing_final_test,False,False,False,unknown,patch,42.0,,,,,,False,LaBraM/final_test.json:primary_test,True,True,True,False,False
LaBraM,FACED,faced_stage3a_patch_lr7e4_core01_fixedalpha001_s1024,/panfs/accrepfs.vampire/data/neurogroup/mingyangjiang/EEGxPlore/LaBraM/checkpoints/faced_stage3a_patch_lr7e4_core01_fixedalpha001_s1024,False,,incomplete_training_or_missing_final_test,False,False,False,unknown,patch,1024.0,,,,,,False,LaBraM/final_test.json:primary_test,True,True,True,False,False
LaBraM,FACED,faced_stage3a_patch_lr7e4_core01_fixedalpha001_s42,/panfs/accrepfs.vampire/data/neurogroup/mingyangjiang/EEGxPlore/LaBraM/checkpoints/faced_stage3a_patch_lr7e4_core01_fixedalpha001_s42,False,,incomplete_training_or_missing_final_test,False,False,False,unknown,patch,42.0,,,,,,False,LaBraM/final_test.json:primary_test,True,True,True,False,False
LaBraM,FACED,faced_stage3b_batchctl_dense_b16_s1024,/panfs/accrepfs.vampire/data/neurogroup/mingyangjiang/EEGxPlore/LaBraM/checkpoints/faced_stage3b_batchctl_dense_b16_s1024,False,,empty_or_unresolved,False,False,False,unknown,none,1024.0,,,,,,False,LaBraM/final_test.json:primary_test,False,False,False,False,False
LaBraM,FACED,faced_stage3b_batchctl_dense_b16_s42,/panfs/accrepfs.vampire/data/neurogroup/mingyangjiang/EEGxPlore/LaBraM/checkpoints/faced_stage3b_batchctl_dense_b16_s42,False,,empty_or_unresolved,False,False,False,unknown,none,42.0,,,,,,False,LaBraM/final_test.json:primary_test,False,False,False,False,False
LaBraM,FACED,faced_stage3b_batchctl_dense_b32_s1024,/panfs/accrepfs.vampire/data/neurogroup/mingyangjiang/EEGxPlore/LaBraM/checkpoints/faced_stage3b_batchctl_dense_b32_s1024,False,,empty_or_unresolved,False,False,False,unknown,none,1024.0,,,,,,False,LaBraM/final_test.json:primary_test,False,False,False,False,False
LaBraM,FACED,faced_stage3b_batchctl_dense_b32_s42,/panfs/accrepfs.vampire/data/neurogroup/mingyangjiang/EEGxPlore/LaBraM/checkpoints/faced_stage3b_batchctl_dense_b32_s42,False,,empty_or_unresolved,False,False,False,unknown,none,42.0,,,,,,False,LaBraM/final_test.json:primary_test,False,False,False,False,False
LaBraM,FACED,faced_stage3b_batchctl_patch_b16_s1024,/panfs/accrepfs.vampire/data/neurogroup/mingyangjiang/EEGxPlore/LaBraM/checkpoints/faced_stage3b_batchctl_patch_b16_s1024,False,,incomplete_training_or_missing_final_test,False,False,False,unknown,patch,1024.0,,,,,,False,LaBraM/final_test.json:primary_test,True,True,True,False,False
LaBraM,FACED,faced_stage3b_batchctl_patch_b16_s42,/panfs/accrepfs.vampire/data/neurogroup/mingyangjiang/EEGxPlore/LaBraM/checkpoints/faced_stage3b_batchctl_patch_b16_s42,False,,incomplete_training_or_missing_final_test,False,False,False,unknown,patch,42.0,,,,,,False,LaBraM/final_test.json:primary_test,True,True,True,False,False
LaBraM,FACED,faced_stage3b_batchctl_patch_b32_s1024,/panfs/accrepfs.vampire/data/neurogroup/mingyangjiang/EEGxPlore/LaBraM/checkpoints/faced_stage3b_batchctl_patch_b32_s1024,False,,incomplete_training_or_missing_final_test,False,False,False,unknown,patch,1024.0,,,,,,False,LaBraM/final_test.json:primary_test,True,True,True,False,False
LaBraM,FACED,faced_stage3b_batchctl_patch_b32_s42,/panfs/accrepfs.vampire/data/neurogroup/mingyangjiang/EEGxPlore/LaBraM/checkpoints/faced_stage3b_batchctl_patch_b32_s42,False,,incomplete_training_or_missing_final_test,False,False,False,unknown,patch,42.0,,,,,,False,LaBraM/final_test.json:primary_test,True,True,True,False,False
LaBraM,unknown,finetune_faced_e40_lr1e4_1gpu,/panfs/accrepfs.vampire/data/neurogroup/mingyangjiang/EEGxPlore/LaBraM/checkpoints/finetune_faced_e40_lr1e4_1gpu,False,,legacy_log_only,False,False,False,unknown,none,,,,,,,False,LaBraM/final_test.json:primary_test,False,True,True,False,False
LaBraM,unknown,finetune_faced_e40_lr2e4_1gpu,/panfs/accrepfs.vampire/data/neurogroup/mingyangjiang/EEGxPlore/LaBraM/checkpoints/finetune_faced_e40_lr2e4_1gpu,False,,legacy_log_only,False,False,False,unknown,none,,,,,,,False,LaBraM/final_test.json:primary_test,False,True,True,False,False
LaBraM,unknown,finetune_faced_e40_lr3e4_1gpu,/panfs/accrepfs.vampire/data/neurogroup/mingyangjiang/EEGxPlore/LaBraM/checkpoints/finetune_faced_e40_lr3e4_1gpu,False,,legacy_log_only,False,False,False,unknown,none,,,,,,,False,LaBraM/final_test.json:primary_test,False,True,True,False,False
LaBraM,unknown,finetune_faced_e40_lr5e4_1gpu,/panfs/accrepfs.vampire/data/neurogroup/mingyangjiang/EEGxPlore/LaBraM/checkpoints/finetune_faced_e40_lr5e4_1gpu,False,,legacy_log_only,False,False,False,unknown,none,,,,,,,False,LaBraM/final_test.json:primary_test,False,True,True,False,False
LaBraM,unknown,finetune_faced_e40_lr5e4_bs16,/panfs/accrepfs.vampire/data/neurogroup/mingyangjiang/EEGxPlore/LaBraM/checkpoints/finetune_faced_e40_lr5e4_bs16,False,,legacy_log_only,False,False,False,unknown,none,,,,,,,False,LaBraM/final_test.json:primary_test,False,True,True,False,False
LaBraM,unknown,finetune_faced_e40_lr5e4_r2_1gpu,/panfs/accrepfs.vampire/data/neurogroup/mingyangjiang/EEGxPlore/LaBraM/checkpoints/finetune_faced_e40_lr5e4_r2_1gpu,False,,legacy_log_only,False,False,False,unknown,none,,,,,,,False,LaBraM/final_test.json:primary_test,False,True,True,False,False
LaBraM,unknown,finetune_faced_e40_lr5e4_warm10,/panfs/accrepfs.vampire/data/neurogroup/mingyangjiang/EEGxPlore/LaBraM/checkpoints/finetune_faced_e40_lr5e4_warm10,False,,legacy_log_only,False,False,False,unknown,none,,,,,,,False,LaBraM/final_test.json:primary_test,False,True,True,False,False
LaBraM,unknown,finetune_faced_e40_lr5e4_warm10_bs16,/panfs/accrepfs.vampire/data/neurogroup/mingyangjiang/EEGxPlore/LaBraM/checkpoints/finetune_faced_e40_lr5e4_warm10_bs16,False,,legacy_log_only,False,False,False,unknown,none,,,,,,,False,LaBraM/final_test.json:primary_test,False,True,True,False,False
LaBraM,unknown,finetune_faced_e40_lr5e4_warm10_dp0,/panfs/accrepfs.vampire/data/neurogroup/mingyangjiang/EEGxPlore/LaBraM/checkpoints/finetune_faced_e40_lr5e4_warm10_dp0,False,,legacy_log_only,False,False,False,unknown,none,,,,,,,False,LaBraM/final_test.json:primary_test,False,True,True,False,False
LaBraM,unknown,finetune_faced_e40_lr5e4_warm10_ld75,/panfs/accrepfs.vampire/data/neurogroup/mingyangjiang/EEGxPlore/LaBraM/checkpoints/finetune_faced_e40_lr5e4_warm10_ld75,False,,legacy_log_only,False,False,False,unknown,none,,,,,,,False,LaBraM/final_test.json:primary_test,False,True,True,False,False
LaBraM,unknown,finetune_faced_e40_lr5e4_wd3e2,/panfs/accrepfs.vampire/data/neurogroup/mingyangjiang/EEGxPlore/LaBraM/checkpoints/finetune_faced_e40_lr5e4_wd3e2,False,,legacy_log_only,False,False,False,unknown,none,,,,,,,False,LaBraM/final_test.json:primary_test,False,True,True,False,False
LaBraM,unknown,finetune_faced_e50_lr5p5e4_w10_bs16,/panfs/accrepfs.vampire/data/neurogroup/mingyangjiang/EEGxPlore/LaBraM/checkpoints/finetune_faced_e50_lr5p5e4_w10_bs16,False,,legacy_log_only,False,False,False,unknown,none,,,,,,,False,LaBraM/final_test.json:primary_test,False,True,True,False,False
LaBraM,unknown,finetune_faced_e50_lr6e4_w10_bs16,/panfs/accrepfs.vampire/data/neurogroup/mingyangjiang/EEGxPlore/LaBraM/checkpoints/finetune_faced_e50_lr6e4_w10_bs16,False,,legacy_log_only,False,False,False,unknown,none,,,,,,,False,LaBraM/final_test.json:primary_test,False,True,True,False,False
LaBraM,unknown,finetune_faced_e50_lr6e4_w10_bs16_ld75,/panfs/accrepfs.vampire/data/neurogroup/mingyangjiang/EEGxPlore/LaBraM/checkpoints/finetune_faced_e50_lr6e4_w10_bs16_ld75,False,,legacy_log_only,False,False,False,unknown,none,,,,,,,False,LaBraM/final_test.json:primary_test,False,True,True,False,False
LaBraM,unknown,finetune_faced_e50_lr6e4_w10_bs16_wd3e2,/panfs/accrepfs.vampire/data/neurogroup/mingyangjiang/EEGxPlore/LaBraM/checkpoints/finetune_faced_e50_lr6e4_w10_bs16_wd3e2,False,,legacy_log_only,False,False,False,unknown,none,,,,,,,False,LaBraM/final_test.json:primary_test,False,True,True,False,False
LaBraM,unknown,finetune_faced_e50_lr6e4_w5_bs16,/panfs/accrepfs.vampire/data/neurogroup/mingyangjiang/EEGxPlore/LaBraM/checkpoints/finetune_faced_e50_lr6e4_w5_bs16,False,,legacy_log_only,False,False,False,unknown,none,,,,,,,False,LaBraM/final_test.json:primary_test,False,True,True,False,False
LaBraM,unknown,finetune_faced_e50_lr6p5e4_w10_bs16,/panfs/accrepfs.vampire/data/neurogroup/mingyangjiang/EEGxPlore/LaBraM/checkpoints/finetune_faced_e50_lr6p5e4_w10_bs16,False,,legacy_log_only,False,False,False,unknown,none,,,,,,,False,LaBraM/final_test.json:primary_test,False,True,True,False,False
LaBraM,unknown,finetune_faced_e50_lr7e4_w10_bs16,/panfs/accrepfs.vampire/data/neurogroup/mingyangjiang/EEGxPlore/LaBraM/checkpoints/finetune_faced_e50_lr7e4_w10_bs16,False,,legacy_log_only,False,False,False,unknown,none,,,,,,,False,LaBraM/final_test.json:primary_test,False,True,True,False,False
LaBraM,unknown,finetune_faced_e60_lr4e4_w10_bs16,/panfs/accrepfs.vampire/data/neurogroup/mingyangjiang/EEGxPlore/LaBraM/checkpoints/finetune_faced_e60_lr4e4_w10_bs16,False,,legacy_log_only,False,False,False,unknown,none,,,,,,,False,LaBraM/final_test.json:primary_test,False,True,True,False,False
LaBraM,unknown,finetune_faced_e60_lr5e4_w10_bs16,/panfs/accrepfs.vampire/data/neurogroup/mingyangjiang/EEGxPlore/LaBraM/checkpoints/finetune_faced_e60_lr5e4_w10_bs16,False,,legacy_log_only,False,False,False,unknown,none,,,,,,,False,LaBraM/final_test.json:primary_test,False,True,True,False,False
LaBraM,unknown,finetune_faced_e60_lr5e4_w10_bs16_wd2e2,/panfs/accrepfs.vampire/data/neurogroup/mingyangjiang/EEGxPlore/LaBraM/checkpoints/finetune_faced_e60_lr5e4_w10_bs16_wd2e2,False,,legacy_log_only,False,False,False,unknown,none,,,,,,,False,LaBraM/final_test.json:primary_test,False,True,True,False,False
LaBraM,unknown,finetune_faced_e60_lr5e4_w15_bs16,/panfs/accrepfs.vampire/data/neurogroup/mingyangjiang/EEGxPlore/LaBraM/checkpoints/finetune_faced_e60_lr5e4_w15_bs16,False,,legacy_log_only,False,False,False,unknown,none,,,,,,,False,LaBraM/final_test.json:primary_test,False,True,True,False,False
LaBraM,unknown,finetune_faced_e60_lr6e4_w10_bs16,/panfs/accrepfs.vampire/data/neurogroup/mingyangjiang/EEGxPlore/LaBraM/checkpoints/finetune_faced_e60_lr6e4_w10_bs16,False,,legacy_log_only,False,False,False,unknown,none,,,,,,,False,LaBraM/final_test.json:primary_test,False,True,True,False,False
LaBraM,unknown,finetune_faced_e80_lr6e4_w10_bs16,/panfs/accrepfs.vampire/data/neurogroup/mingyangjiang/EEGxPlore/LaBraM/checkpoints/finetune_faced_e80_lr6e4_w10_bs16,False,,legacy_log_only,False,False,False,unknown,none,,,,,,,False,LaBraM/final_test.json:primary_test,False,True,True,False,False
LaBraM,unknown,finetune_faced_e80_lr6e4_w8_bs16,/panfs/accrepfs.vampire/data/neurogroup/mingyangjiang/EEGxPlore/LaBraM/checkpoints/finetune_faced_e80_lr6e4_w8_bs16,False,,legacy_log_only,False,False,False,unknown,none,,,,,,,False,LaBraM/final_test.json:primary_test,False,True,True,False,False
LaBraM,unknown,finetune_faced_e80_lr7e4_w10_bs16,/panfs/accrepfs.vampire/data/neurogroup/mingyangjiang/EEGxPlore/LaBraM/checkpoints/finetune_faced_e80_lr7e4_w10_bs16,False,,legacy_log_only,False,False,False,unknown,none,,,,,,,False,LaBraM/final_test.json:primary_test,False,True,True,False,False
LaBraM,unknown,finetune_faced_e80_lr8e4_w10_bs16,/panfs/accrepfs.vampire/data/neurogroup/mingyangjiang/EEGxPlore/LaBraM/checkpoints/finetune_faced_e80_lr8e4_w10_bs16,False,,legacy_log_only,False,False,False,unknown,none,,,,,,,False,LaBraM/final_test.json:primary_test,False,True,True,False,False
LaBraM,unknown,finetune_seedv_base,/panfs/accrepfs.vampire/data/neurogroup/mingyangjiang/EEGxPlore/LaBraM/checkpoints/finetune_seedv_base,False,,empty_or_unresolved,False,False,False,unknown,none,,,,,,,False,LaBraM/final_test.json:primary_test,False,False,False,False,False
LaBraM,unknown,finetune_seedv_e30_lr5e3_1gpu,/panfs/accrepfs.vampire/data/neurogroup/mingyangjiang/EEGxPlore/LaBraM/checkpoints/finetune_seedv_e30_lr5e3_1gpu,False,,legacy_log_only,False,False,False,unknown,none,,,,,,,False,LaBraM/final_test.json:primary_test,False,True,True,False,False
LaBraM,unknown,finetune_seedv_e30_lr5e3_2gpu_nw2,/panfs/accrepfs.vampire/data/neurogroup/mingyangjiang/EEGxPlore/LaBraM/checkpoints/finetune_seedv_e30_lr5e3_2gpu_nw2,False,,empty_or_unresolved,False,False,False,unknown,none,,,,,,,False,LaBraM/final_test.json:primary_test,False,False,False,False,False
LaBraM,unknown,finetune_seedv_e30_lr5e4_2gpu_nw0,/panfs/accrepfs.vampire/data/neurogroup/mingyangjiang/EEGxPlore/LaBraM/checkpoints/finetune_seedv_e30_lr5e4_2gpu_nw0,False,,legacy_log_only,False,False,False,unknown,none,,,,,,,False,LaBraM/final_test.json:primary_test,False,True,True,False,False
LaBraM,unknown,finetune_seedv_e40,/panfs/accrepfs.vampire/data/neurogroup/mingyangjiang/EEGxPlore/LaBraM/checkpoints/finetune_seedv_e40,False,,legacy_log_only,False,False,False,unknown,none,,,,,,,False,LaBraM/final_test.json:primary_test,False,True,True,False,False
LaBraM,unknown,finetune_seedv_e40_lr1e4_1gpu,/panfs/accrepfs.vampire/data/neurogroup/mingyangjiang/EEGxPlore/LaBraM/checkpoints/finetune_seedv_e40_lr1e4_1gpu,False,,legacy_log_only,False,False,False,unknown,none,,,,,,,False,LaBraM/final_test.json:primary_test,False,True,True,False,False
LaBraM,unknown,finetune_seedv_e40_lr3e4_1gpu,/panfs/accrepfs.vampire/data/neurogroup/mingyangjiang/EEGxPlore/LaBraM/checkpoints/finetune_seedv_e40_lr3e4_1gpu,False,,empty_or_unresolved,False,False,False,unknown,none,,,,,,,False,LaBraM/final_test.json:primary_test,False,False,False,False,False
LaBraM,unknown,finetune_seedv_e40_lr3e4_1gpu_r2,/panfs/accrepfs.vampire/data/neurogroup/mingyangjiang/EEGxPlore/LaBraM/checkpoints/finetune_seedv_e40_lr3e4_1gpu_r2,False,,legacy_log_only,False,False,False,unknown,none,,,,,,,False,LaBraM/final_test.json:primary_test,False,True,True,False,False
LaBraM,unknown,finetune_seedv_e40_lr5e3_2gpu,/panfs/accrepfs.vampire/data/neurogroup/mingyangjiang/EEGxPlore/LaBraM/checkpoints/finetune_seedv_e40_lr5e3_2gpu,False,,empty_or_unresolved,False,False,False,unknown,none,,,,,,,False,LaBraM/final_test.json:primary_test,False,False,False,False,False
LaBraM,unknown,finetune_seedv_smoke,/panfs/accrepfs.vampire/data/neurogroup/mingyangjiang/EEGxPlore/LaBraM/checkpoints/finetune_seedv_smoke,False,,audit_or_smoke,False,True,False,unknown,none,,,,,,,False,LaBraM/final_test.json:primary_test,False,True,True,False,False
LaBraM,unknown,finetune_tuev_base,/panfs/accrepfs.vampire/data/neurogroup/mingyangjiang/EEGxPlore/LaBraM/checkpoints/finetune_tuev_base,False,,empty_or_unresolved,False,False,False,unknown,none,,,,,,,False,LaBraM/final_test.json:primary_test,False,False,False,False,False
LaBraM,unknown,finetune_tuev_smoke,/panfs/accrepfs.vampire/data/neurogroup/mingyangjiang/EEGxPlore/LaBraM/checkpoints/finetune_tuev_smoke,False,,audit_or_smoke,False,True,False,unknown,none,,,,,,,False,LaBraM/final_test.json:primary_test,False,False,False,False,False
LaBraM,ISRUC,isruc_dense_bls0.1_lr2e-4_s42_b16_e30,/panfs/accrepfs.vampire/data/neurogroup/mingyangjiang/EEGxPlore/LaBraM/checkpoints/isruc_dense_bls0.1_lr2e-4_s42_b16_e30,True,False,registry_complete,True,False,False,dense,none,42.0,,0.7995494534424181,0.7664334066137621,0.7954349284178922,0.8178719245951892,True,LaBraM/final_test.json:primary_test,True,True,True,False,True
LaBraM,ISRUC,isruc_dense_bls0_lr2e-4_s42_b16_e30,/panfs/accrepfs.vampire/data/neurogroup/mingyangjiang/EEGxPlore/LaBraM/checkpoints/isruc_dense_bls0_lr2e-4_s42_b16_e30,True,False,registry_complete,True,False,False,frozen_probe,none,42.0,,0.6097929693662935,0.5770197230810676,0.5867969722138385,0.6484400106243549,True,LaBraM/final_test.json:primary_test,True,True,True,False,True
LaBraM,ISRUC,isruc_dense_bls0_s1024_lr2e-4_b16_e30,/panfs/accrepfs.vampire/data/neurogroup/mingyangjiang/EEGxPlore/LaBraM/checkpoints/isruc_dense_bls0_s1024_lr2e-4_b16_e30,True,False,registry_complete,True,False,False,frozen_probe,none,1024.0,,0.6083131754622862,0.5762785465871034,0.586598954550078,0.6476667258218318,True,LaBraM/final_test.json:primary_test,True,True,True,False,True
LaBraM,ISRUC,isruc_dense_bls0_s3407_lr2e-4_b16_e30,/panfs/accrepfs.vampire/data/neurogroup/mingyangjiang/EEGxPlore/LaBraM/checkpoints/isruc_dense_bls0_s3407_lr2e-4_b16_e30,True,False,registry_complete,True,False,False,frozen_probe,none,3407.0,,0.6051158270520026,0.5721682710860597,0.5792513638893252,0.6433133403251572,True,LaBraM/final_test.json:primary_test,True,True,True,False,True
LaBraM,ISRUC,isruc_labram_axis_blind_b400_s1024_b16_lr2e-4_e30,/panfs/accrepfs.vampire/data/neurogroup/mingyangjiang/EEGxPlore/LaBraM/checkpoints/isruc_labram_axis_blind_b400_s1024_b16_lr2e-4_e30,False,,preflight_or_config_only,False,False,False,axis_blind,generic,1024.0,,,,,,False,LaBraM/final_test.json:primary_test,True,False,False,False,False
LaBraM,ISRUC,isruc_labram_axis_blind_b400_s1024_b16_lr2e-4_e30_retry_seqfix,/panfs/accrepfs.vampire/data/neurogroup/mingyangjiang/EEGxPlore/LaBraM/checkpoints/isruc_labram_axis_blind_b400_s1024_b16_lr2e-4_e30_retry_seqfix,True,True,registry_complete,True,False,False,axis_blind,generic_token_control,1024.0,,0.7210454114977808,0.6811703016679138,0.7093507205622345,0.7439472635687449,True,LaBraM/final_test.json:primary_test,True,True,True,False,True
LaBraM,ISRUC,isruc_labram_axis_blind_b400_s3407_b16_lr2e-4_e30,/panfs/accrepfs.vampire/data/neurogroup/mingyangjiang/EEGxPlore/LaBraM/checkpoints/isruc_labram_axis_blind_b400_s3407_b16_lr2e-4_e30,False,,preflight_or_config_only,False,False,False,axis_blind,generic,3407.0,,,,,,False,LaBraM/final_test.json:primary_test,True,False,False,False,False
LaBraM,ISRUC,isruc_labram_axis_blind_b400_s3407_b16_lr2e-4_e30_retry_seqfix,/panfs/accrepfs.vampire/data/neurogroup/mingyangjiang/EEGxPlore/LaBraM/checkpoints/isruc_labram_axis_blind_b400_s3407_b16_lr2e-4_e30_retry_seqfix,True,True,registry_complete,True,False,False,axis_blind,generic_token_control,3407.0,,0.7254112238310519,0.685399386024452,0.7133151800167034,0.7474615397085191,True,LaBraM/final_test.json:primary_test,True,True,True,False,True
LaBraM,ISRUC,isruc_labram_axis_blind_b400_s42_b16_lr2e-4_e30,/panfs/accrepfs.vampire/data/neurogroup/mingyangjiang/EEGxPlore/LaBraM/checkpoints/isruc_labram_axis_blind_b400_s42_b16_lr2e-4_e30,False,,preflight_or_config_only,False,False,False,axis_blind,generic,42.0,,,,,,False,LaBraM/final_test.json:primary_test,True,False,False,False,False
LaBraM,ISRUC,isruc_labram_axis_blind_b400_s42_b16_lr2e-4_e30_retry_seqfix,/panfs/accrepfs.vampire/data/neurogroup/mingyangjiang/EEGxPlore/LaBraM/checkpoints/isruc_labram_axis_blind_b400_s42_b16_lr2e-4_e30_retry_seqfix,True,True,registry_complete,True,False,False,axis_blind,generic_token_control,42.0,,0.7234385958163658,0.6829024792746812,0.7110249776980779,0.7454216054845126,True,LaBraM/final_test.json:primary_test,True,True,True,False,True
LaBraM,ISRUC,isruc_labram_channel_bb0p1_core1_alpha0p5_s42_b16_lr2e-4_e30_test,/panfs/accrepfs.vampire/data/neurogroup/mingyangjiang/EEGxPlore/LaBraM/checkpoints/isruc_labram_channel_bb0p1_core1_alpha0p5_s42_b16_lr2e-4_e30_test,True,False,registry_complete,True,False,False,native_channel,channel,42.0,,0.7972082066063673,0.7617549059544408,0.7919554400792204,0.8133659596870926,True,LaBraM/final_test.json:primary_test,True,True,True,False,True
LaBraM,ISRUC,isruc_labram_current_channel_patch_s42_b16_lr2e-4_e30_test,/panfs/accrepfs.vampire/data/neurogroup/mingyangjiang/EEGxPlore/LaBraM/checkpoints/isruc_labram_current_channel_patch_s42_b16_lr2e-4_e30_test,True,False,registry_complete,True,False,False,native_channel_patch,channel_patch,42.0,,0.7918233149231386,0.7474105783120603,,0.7994631018514831,False,LaBraM/final_test.json:primary_test,True,True,True,False,True
LaBraM,ISRUC,isruc_labram_current_channel_s42_b16_lr2e-4_e30_test,/panfs/accrepfs.vampire/data/neurogroup/mingyangjiang/EEGxPlore/LaBraM/checkpoints/isruc_labram_current_channel_s42_b16_lr2e-4_e30_test,True,False,registry_complete,True,False,False,native_channel,channel,42.0,,0.7914801106444587,0.7480994472229625,,0.79989692130821,False,LaBraM/final_test.json:primary_test,True,True,True,False,True
LaBraM,ISRUC,isruc_labram_current_dense_s42_b16_lr2e-4_e30_test,/panfs/accrepfs.vampire/data/neurogroup/mingyangjiang/EEGxPlore/LaBraM/checkpoints/isruc_labram_current_dense_s42_b16_lr2e-4_e30_test,True,False,registry_complete,True,False,False,dense,none,42.0,,0.7996510009864395,0.758338922484451,,0.8088943980628153,False,LaBraM/final_test.json:primary_test,True,True,True,False,True
LaBraM,ISRUC,isruc_labram_current_patch_s42_b16_lr2e-4_e30_test,/panfs/accrepfs.vampire/data/neurogroup/mingyangjiang/EEGxPlore/LaBraM/checkpoints/isruc_labram_current_patch_s42_b16_lr2e-4_e30_test,True,False,registry_complete,True,False,False,native_patch,patch,42.0,,0.7911529153668593,0.7474934115925004,,0.7994755973083286,False,LaBraM/final_test.json:primary_test,True,True,True,False,True
LaBraM,ISRUC,isruc_labram_dense_bls0p1_final_s3407_b16_lr2e-4_e30_test,/panfs/accrepfs.vampire/data/neurogroup/mingyangjiang/EEGxPlore/LaBraM/checkpoints/isruc_labram_dense_bls0p1_final_s3407_b16_lr2e-4_e30_test,False,,incomplete_training_or_missing_final_test,False,False,False,unknown,none,3407.0,,,,,,False,LaBraM/final_test.json:primary_test,True,True,True,False,False
LaBraM,ISRUC,isruc_labram_dense_dev_s42_e3_scale1,/panfs/accrepfs.vampire/data/neurogroup/mingyangjiang/EEGxPlore/LaBraM/checkpoints/isruc_labram_dense_dev_s42_e3_scale1,False,,incomplete_training_or_missing_final_test,False,False,False,unknown,none,42.0,,,,,,False,LaBraM/final_test.json:primary_test,True,True,True,False,False
LaBraM,ISRUC,isruc_labram_dense_final_s1024_b16_lr2e-4_e30_test,/panfs/accrepfs.vampire/data/neurogroup/mingyangjiang/EEGxPlore/LaBraM/checkpoints/isruc_labram_dense_final_s1024_b16_lr2e-4_e30_test,False,,incomplete_training_or_missing_final_test,False,False,False,unknown,none,1024.0,,,,,,False,LaBraM/final_test.json:primary_test,True,True,True,False,False
LaBraM,ISRUC,isruc_labram_dense_lr1e-4_s42_b16_e30_scale1,/panfs/accrepfs.vampire/data/neurogroup/mingyangjiang/EEGxPlore/LaBraM/checkpoints/isruc_labram_dense_lr1e-4_s42_b16_e30_scale1,False,,incomplete_training_or_missing_final_test,False,False,False,unknown,none,42.0,,,,,,False,LaBraM/final_test.json:primary_test,True,True,True,False,False
LaBraM,ISRUC,isruc_labram_dense_lr1e-4_s42_e30_scale1,/panfs/accrepfs.vampire/data/neurogroup/mingyangjiang/EEGxPlore/LaBraM/checkpoints/isruc_labram_dense_lr1e-4_s42_e30_scale1,False,,empty_or_unresolved,False,False,False,unknown,none,42.0,,,,,,False,LaBraM/final_test.json:primary_test,False,False,False,False,False
LaBraM,ISRUC,isruc_labram_dense_lr2e-4_s1024_b16_e30_scale1,/panfs/accrepfs.vampire/data/neurogroup/mingyangjiang/EEGxPlore/LaBraM/checkpoints/isruc_labram_dense_lr2e-4_s1024_b16_e30_scale1,True,False,registry_complete,True,False,False,dense,none,1024.0,,0.7939134614131003,0.7581307705644715,0.7910671268575485,0.8108319666573279,True,LaBraM/final_test.json:primary_test,True,True,True,False,True
LaBraM,ISRUC,isruc_labram_dense_lr2e-4_s3407_b16_e30_scale1,/panfs/accrepfs.vampire/data/neurogroup/mingyangjiang/EEGxPlore/LaBraM/checkpoints/isruc_labram_dense_lr2e-4_s3407_b16_e30_scale1,True,False,registry_complete,True,False,False,dense,none,3407.0,,0.7932107207206831,0.7509231000184551,0.7874618893101577,0.8040343684536523,True,LaBraM/final_test.json:primary_test,True,True,True,False,True
LaBraM,ISRUC,isruc_labram_dense_lr2e-4_s42_b16_e30_scale1,/panfs/accrepfs.vampire/data/neurogroup/mingyangjiang/EEGxPlore/LaBraM/checkpoints/isruc_labram_dense_lr2e-4_s42_b16_e30_scale1,False,,incomplete_training_or_missing_final_test,False,False,False,unknown,none,42.0,,,,,,False,LaBraM/final_test.json:primary_test,True,True,True,False,False
LaBraM,ISRUC,isruc_labram_dense_lr5e-5_s42_b16_e30_scale1,/panfs/accrepfs.vampire/data/neurogroup/mingyangjiang/EEGxPlore/LaBraM/checkpoints/isruc_labram_dense_lr5e-5_s42_b16_e30_scale1,False,,incomplete_training_or_missing_final_test,False,False,False,unknown,none,42.0,,,,,,False,LaBraM/final_test.json:primary_test,True,True,True,False,False
LaBraM,ISRUC,isruc_labram_dense_lr5e-5_s42_e30_scale1,/panfs/accrepfs.vampire/data/neurogroup/mingyangjiang/EEGxPlore/LaBraM/checkpoints/isruc_labram_dense_lr5e-5_s42_e30_scale1,False,,empty_or_unresolved,False,False,False,unknown,none,42.0,,,,,,False,LaBraM/final_test.json:primary_test,False,False,False,False,False
LaBraM,ISRUC,isruc_labram_dense_scale100_s42_b16_lr2e-4_e30_strict_rerun,/panfs/accrepfs.vampire/data/neurogroup/mingyangjiang/EEGxPlore/LaBraM/checkpoints/isruc_labram_dense_scale100_s42_b16_lr2e-4_e30_strict_rerun,True,True,registry_complete,True,False,False,dense,none,42.0,,0.804765071032708,0.7688569902257629,0.8030067934623039,0.8210639088236777,True,LaBraM/final_test.json:primary_test,True,True,True,False,True
LaBraM,ISRUC,isruc_labram_generic_token_s1024_b16_lr2e-4_e30_test,/panfs/accrepfs.vampire/data/neurogroup/mingyangjiang/EEGxPlore/LaBraM/checkpoints/isruc_labram_generic_token_s1024_b16_lr2e-4_e30_test,True,False,registry_complete,True,False,False,frozen_native_generic,generic,1024.0,,0.6635873863174189,0.6284381351444246,0.6464054467257855,0.6971763985457855,True,LaBraM/final_test.json:primary_test,True,True,True,False,True
LaBraM,ISRUC,isruc_labram_generic_token_s3407_b16_lr2e-4_e30_test,/panfs/accrepfs.vampire/data/neurogroup/mingyangjiang/EEGxPlore/LaBraM/checkpoints/isruc_labram_generic_token_s3407_b16_lr2e-4_e30_test,True,False,registry_complete,True,False,False,frozen_native_generic,generic,3407.0,,0.6658722359389271,0.6298102925143305,0.6447868116439489,0.6971379387873987,True,LaBraM/final_test.json:primary_test,True,True,True,False,True
LaBraM,ISRUC,isruc_labram_generic_token_s42_b16_lr2e-4_e30_test,/panfs/accrepfs.vampire/data/neurogroup/mingyangjiang/EEGxPlore/LaBraM/checkpoints/isruc_labram_generic_token_s42_b16_lr2e-4_e30_test,True,False,registry_complete,True,False,False,frozen_native_generic,generic,42.0,,0.6613605051789536,0.6268966825162423,0.6456829685303799,0.6964467686776508,True,LaBraM/final_test.json:primary_test,True,True,True,False,True
LaBraM,ISRUC,isruc_labram_lora_qkv_r8_s1024_b16_lr2e-4_e30_test,/panfs/accrepfs.vampire/data/neurogroup/mingyangjiang/EEGxPlore/LaBraM/checkpoints/isruc_labram_lora_qkv_r8_s1024_b16_lr2e-4_e30_test,False,,empty_or_unresolved,False,False,False,unknown,none,1024.0,,,,,,False,LaBraM/final_test.json:primary_test,False,False,False,False,False
LaBraM,ISRUC,isruc_labram_lora_qkv_r8_s1024_b16_lr2e-4_e30_test_retry1,/panfs/accrepfs.vampire/data/neurogroup/mingyangjiang/EEGxPlore/LaBraM/checkpoints/isruc_labram_lora_qkv_r8_s1024_b16_lr2e-4_e30_test_retry1,True,False,registry_complete,True,False,False,lora,qkv,1024.0,,0.6904349041510944,0.6566167805631453,0.6760970572383755,0.7216504644864478,True,LaBraM/final_test.json:primary_test,True,True,True,False,True
LaBraM,ISRUC,isruc_labram_lora_qkv_r8_s3407_b16_lr2e-4_e30_test,/panfs/accrepfs.vampire/data/neurogroup/mingyangjiang/EEGxPlore/LaBraM/checkpoints/isruc_labram_lora_qkv_r8_s3407_b16_lr2e-4_e30_test,False,,empty_or_unresolved,False,False,False,unknown,none,3407.0,,,,,,False,LaBraM/final_test.json:primary_test,False,False,False,False,False
LaBraM,ISRUC,isruc_labram_lora_qkv_r8_s3407_b16_lr2e-4_e30_test_retry1,/panfs/accrepfs.vampire/data/neurogroup/mingyangjiang/EEGxPlore/LaBraM/checkpoints/isruc_labram_lora_qkv_r8_s3407_b16_lr2e-4_e30_test_retry1,True,False,registry_complete,True,False,False,lora,qkv,3407.0,,0.6959658223713784,0.6621126587474866,0.6840598576865817,0.727545946554763,True,LaBraM/final_test.json:primary_test,True,True,True,False,True
LaBraM,ISRUC,isruc_labram_lora_qkv_r8_s42_b16_lr2e-4_e30_test,/panfs/accrepfs.vampire/data/neurogroup/mingyangjiang/EEGxPlore/LaBraM/checkpoints/isruc_labram_lora_qkv_r8_s42_b16_lr2e-4_e30_test,False,,empty_or_unresolved,False,False,False,unknown,none,42.0,,,,,,False,LaBraM/final_test.json:primary_test,False,False,False,False,False
LaBraM,ISRUC,isruc_labram_lora_qkv_r8_s42_b16_lr2e-4_e30_test_retry1,/panfs/accrepfs.vampire/data/neurogroup/mingyangjiang/EEGxPlore/LaBraM/checkpoints/isruc_labram_lora_qkv_r8_s42_b16_lr2e-4_e30_test_retry1,True,False,registry_complete,True,False,False,lora,qkv,42.0,,0.6888408814589454,0.6556202699529896,0.6712131429083238,0.7188957921325088,True,LaBraM/final_test.json:primary_test,True,True,True,False,True
LaBraM,ISRUC,isruc_labram_lowrank_a05_channel_patch_s1024_b16_r32_lr2e-4_e30_test,/panfs/accrepfs.vampire/data/neurogroup/mingyangjiang/EEGxPlore/LaBraM/checkpoints/isruc_labram_lowrank_a05_channel_patch_s1024_b16_r32_lr2e-4_e30_test,True,False,registry_complete,True,False,False,native_channel_patch,channel_patch,1024.0,,0.7971940032083148,0.7559041941594695,0.7936178536210741,0.8083352245799028,True,LaBraM/final_test.json:primary_test,True,True,True,False,True
LaBraM,ISRUC,isruc_labram_lowrank_a05_channel_patch_s3407_b16_r32_lr2e-4_e30_test,/panfs/accrepfs.vampire/data/neurogroup/mingyangjiang/EEGxPlore/LaBraM/checkpoints/isruc_labram_lowrank_a05_channel_patch_s3407_b16_r32_lr2e-4_e30_test,True,False,registry_complete,True,False,False,native_channel_patch,channel_patch,3407.0,,0.7859360107020924,0.7425472690457255,0.778321366404518,0.7960366965028962,True,LaBraM/final_test.json:primary_test,True,True,True,False,True
LaBraM,ISRUC,isruc_labram_lowrank_a05_channel_patch_s42_b16_r32_lr2e-4_e30_test,/panfs/accrepfs.vampire/data/neurogroup/mingyangjiang/EEGxPlore/LaBraM/checkpoints/isruc_labram_lowrank_a05_channel_patch_s42_b16_r32_lr2e-4_e30_test,True,False,registry_complete,True,False,False,native_channel_patch,channel_patch,42.0,,0.7920625935655919,0.747194004761618,0.7835626415275271,0.7992493117773547,True,LaBraM/final_test.json:primary_test,True,True,True,False,True
LaBraM,ISRUC,isruc_labram_lowrank_a05_channel_s1024_b16_r32_lr2e-4_e30_test,/panfs/accrepfs.vampire/data/neurogroup/mingyangjiang/EEGxPlore/LaBraM/checkpoints/isruc_labram_lowrank_a05_channel_s1024_b16_r32_lr2e-4_e30_test,True,False,registry_complete,True,False,False,native_channel,channel,1024.0,,0.797690509554901,0.7562246011252517,0.7940787479274436,0.8085786866762186,True,LaBraM/final_test.json:primary_test,True,True,True,False,True
LaBraM,ISRUC,isruc_labram_lowrank_a05_channel_s3407_b16_r32_lr2e-4_e30_test,/panfs/accrepfs.vampire/data/neurogroup/mingyangjiang/EEGxPlore/LaBraM/checkpoints/isruc_labram_lowrank_a05_channel_s3407_b16_r32_lr2e-4_e30_test,True,False,registry_complete,True,False,False,native_channel,channel,3407.0,,0.7867294122399779,0.7431999778311049,0.7791178107807,0.7967132973257968,True,LaBraM/final_test.json:primary_test,True,True,True,False,True
LaBraM,ISRUC,isruc_labram_lowrank_a05_channel_s42_b16_r32_lr2e-4_e30_test,/panfs/accrepfs.vampire/data/neurogroup/mingyangjiang/EEGxPlore/LaBraM/checkpoints/isruc_labram_lowrank_a05_channel_s42_b16_r32_lr2e-4_e30_test,True,False,registry_complete,True,False,False,native_channel,channel,42.0,,0.792887557028774,0.7487975997877472,0.7843511595475989,0.8003828883467888,True,LaBraM/final_test.json:primary_test,True,True,True,False,True
LaBraM,ISRUC,isruc_labram_lowrank_a05_patch_s1024_b16_r32_lr2e-4_e30_test,/panfs/accrepfs.vampire/data/neurogroup/mingyangjiang/EEGxPlore/LaBraM/checkpoints/isruc_labram_lowrank_a05_patch_s1024_b16_r32_lr2e-4_e30_test,True,False,registry_complete,True,False,False,native_patch,patch,1024.0,,0.7969506336259518,0.755874379984669,0.7933656456835062,0.8081788200841074,True,LaBraM/final_test.json:primary_test,True,True,True,False,True
LaBraM,ISRUC,isruc_labram_lowrank_a05_patch_s3407_b16_r32_lr2e-4_e30_test,/panfs/accrepfs.vampire/data/neurogroup/mingyangjiang/EEGxPlore/LaBraM/checkpoints/isruc_labram_lowrank_a05_patch_s3407_b16_r32_lr2e-4_e30_test,True,False,registry_complete,True,False,False,native_patch,patch,3407.0,,0.7845586860676933,0.7410610715488466,0.7768793125746647,0.7948503588704989,True,LaBraM/final_test.json:primary_test,True,True,True,False,True
LaBraM,ISRUC,isruc_labram_lowrank_a05_patch_s42_b16_r32_lr2e-4_e30_test,/panfs/accrepfs.vampire/data/neurogroup/mingyangjiang/EEGxPlore/LaBraM/checkpoints/isruc_labram_lowrank_a05_patch_s42_b16_r32_lr2e-4_e30_test,True,False,registry_complete,True,False,False,native_patch,patch,42.0,,0.7916441660492264,0.7478258353571317,0.7831908982190662,0.799482577884753,True,LaBraM/final_test.json:primary_test,True,True,True,False,True
LaBraM,ISRUC,isruc_labram_lowrank_channel_patch_s42_b16_r32_lr2e-4_e30_test,/panfs/accrepfs.vampire/data/neurogroup/mingyangjiang/EEGxPlore/LaBraM/checkpoints/isruc_labram_lowrank_channel_patch_s42_b16_r32_lr2e-4_e30_test,True,False,registry_complete,True,False,False,native_channel_patch,channel_patch,42.0,,0.7919895603174811,0.7478798743181303,0.7835507098516565,0.7996692020243549,True,LaBraM/final_test.json:primary_test,True,True,True,False,True
LaBraM,ISRUC,isruc_labram_lowrank_channel_retry1_s42_b16_r32_lr2e-4_e30_test,/panfs/accrepfs.vampire/data/neurogroup/mingyangjiang/EEGxPlore/LaBraM/checkpoints/isruc_labram_lowrank_channel_retry1_s42_b16_r32_lr2e-4_e30_test,True,False,registry_complete,True,False,False,native_channel,channel,42.0,,0.7915110010257753,0.7471549558522887,0.7829498536104706,0.7990563544059301,True,LaBraM/final_test.json:primary_test,True,True,True,False,True
LaBraM,ISRUC,isruc_labram_lowrank_channel_s42_b16_r32_lr2e-4_e30_test,/panfs/accrepfs.vampire/data/neurogroup/mingyangjiang/EEGxPlore/LaBraM/checkpoints/isruc_labram_lowrank_channel_s42_b16_r32_lr2e-4_e30_test,False,,empty_or_unresolved,False,False,False,unknown,none,42.0,,,,,,False,LaBraM/final_test.json:primary_test,False,False,False,False,False
LaBraM,ISRUC,isruc_labram_lowrank_dense_s42_b16_r32_lr2e-4_e30_test,/panfs/accrepfs.vampire/data/neurogroup/mingyangjiang/EEGxPlore/LaBraM/checkpoints/isruc_labram_lowrank_dense_s42_b16_r32_lr2e-4_e30_test,True,False,registry_complete,True,False,False,dense,none,42.0,,0.7996510009864395,0.758338922484451,0.7928762508531267,0.8088943980628153,True,LaBraM/final_test.json:primary_test,True,True,True,False,True
LaBraM,ISRUC,isruc_labram_lowrank_patch_s42_b16_r32_lr2e-4_e30_test,/panfs/accrepfs.vampire/data/neurogroup/mingyangjiang/EEGxPlore/LaBraM/checkpoints/isruc_labram_lowrank_patch_s42_b16_r32_lr2e-4_e30_test,True,False,registry_complete,True,False,False,native_patch,patch,42.0,,0.7922563367351894,0.748160017227237,0.7839974437081709,0.799986270371284,True,LaBraM/final_test.json:primary_test,True,True,True,False,True
LaBraM,ISRUC,isruc_labram_patch_lr1e-4_s42_b16_e30_scale1,/panfs/accrepfs.vampire/data/neurogroup/mingyangjiang/EEGxPlore/LaBraM/checkpoints/isruc_labram_patch_lr1e-4_s42_b16_e30_scale1,False,,incomplete_training_or_missing_final_test,False,False,False,unknown,patch,42.0,,,,,,False,LaBraM/final_test.json:primary_test,True,True,True,False,False
LaBraM,ISRUC,isruc_labram_patch_lr2e-4_s1024_b16_e30_scale1,/panfs/accrepfs.vampire/data/neurogroup/mingyangjiang/EEGxPlore/LaBraM/checkpoints/isruc_labram_patch_lr2e-4_s1024_b16_e30_scale1,False,,incomplete_training_or_missing_final_test,False,False,False,unknown,patch,1024.0,,,,,,False,LaBraM/final_test.json:primary_test,True,True,True,False,False
LaBraM,ISRUC,isruc_labram_patch_lr2e-4_s3407_b16_e30_scale1,/panfs/accrepfs.vampire/data/neurogroup/mingyangjiang/EEGxPlore/LaBraM/checkpoints/isruc_labram_patch_lr2e-4_s3407_b16_e30_scale1,False,,incomplete_training_or_missing_final_test,False,False,False,unknown,patch,3407.0,,,,,,False,LaBraM/final_test.json:primary_test,True,True,True,False,False
LaBraM,ISRUC,isruc_labram_patch_lr2e-4_s42_b16_e30_scale1,/panfs/accrepfs.vampire/data/neurogroup/mingyangjiang/EEGxPlore/LaBraM/checkpoints/isruc_labram_patch_lr2e-4_s42_b16_e30_scale1,False,,incomplete_training_or_missing_final_test,False,False,False,unknown,patch,42.0,,,,,,False,LaBraM/final_test.json:primary_test,True,True,True,False,False
LaBraM,ISRUC,isruc_labram_patch_lr5e-5_s42_b16_e30_scale1,/panfs/accrepfs.vampire/data/neurogroup/mingyangjiang/EEGxPlore/LaBraM/checkpoints/isruc_labram_patch_lr5e-5_s42_b16_e30_scale1,False,,incomplete_training_or_missing_final_test,False,False,False,unknown,patch,42.0,,,,,,False,LaBraM/final_test.json:primary_test,True,True,True,False,False
LaBraM,ISRUC,isruc_labram_patch_util_lr2e-4_s42_b16_e30_als1.0,/panfs/accrepfs.vampire/data/neurogroup/mingyangjiang/EEGxPlore/LaBraM/checkpoints/isruc_labram_patch_util_lr2e-4_s42_b16_e30_als1.0,False,,incomplete_training_or_missing_final_test,False,False,False,unknown,patch,42.0,,,,,,False,LaBraM/final_test.json:primary_test,True,True,True,False,False
LaBraM,ISRUC,isruc_labram_upper2_s1024_b16_lr2e-4_e30_test,/panfs/accrepfs.vampire/data/neurogroup/mingyangjiang/EEGxPlore/LaBraM/checkpoints/isruc_labram_upper2_s1024_b16_lr2e-4_e30_test,True,False,registry_complete,True,False,False,upper2,upper,1024.0,,0.7998409495538057,0.7528211437327585,0.7891636174323663,0.804970651291737,True,LaBraM/final_test.json:primary_test,True,True,True,False,True
LaBraM,ISRUC,isruc_labram_upper2_s3407_b16_lr2e-4_e30_test,/panfs/accrepfs.vampire/data/neurogroup/mingyangjiang/EEGxPlore/LaBraM/checkpoints/isruc_labram_upper2_s3407_b16_lr2e-4_e30_test,True,False,registry_complete,True,False,False,upper2,upper,3407.0,,0.7918618929666731,0.745802577376445,0.7833637653717956,0.797763265213219,True,LaBraM/final_test.json:primary_test,True,True,True,False,True
LaBraM,ISRUC,isruc_labram_upper2_s42_b16_lr2e-4_e30_test,/panfs/accrepfs.vampire/data/neurogroup/mingyangjiang/EEGxPlore/LaBraM/checkpoints/isruc_labram_upper2_s42_b16_lr2e-4_e30_test,True,False,registry_complete,True,False,False,upper2,upper,42.0,,0.7899176254316815,0.7470242717064333,0.7815458294000099,0.7975335940496057,True,LaBraM/final_test.json:primary_test,True,True,True,False,True
LaBraM,ISRUC,isruc_patch_util_bls0.1_lr2e-4_s42_b16_e30,/panfs/accrepfs.vampire/data/neurogroup/mingyangjiang/EEGxPlore/LaBraM/checkpoints/isruc_patch_util_bls0.1_lr2e-4_s42_b16_e30,False,,incomplete_training_or_missing_final_test,False,False,False,unknown,patch,42.0,,,,,,False,LaBraM/final_test.json:primary_test,True,True,True,False,False
LaBraM,ISRUC,isruc_patch_util_bls0_lr2e-4_s42_b16_e30,/panfs/accrepfs.vampire/data/neurogroup/mingyangjiang/EEGxPlore/LaBraM/checkpoints/isruc_patch_util_bls0_lr2e-4_s42_b16_e30,True,False,registry_complete,True,False,False,frozen_native_patch,patch,42.0,,0.7219609391510933,0.6808162186315714,0.7092237576556134,0.744375591976531,True,LaBraM/final_test.json:primary_test,True,True,True,False,True
LaBraM,ISRUC,isruc_patch_util_bls0_s1024_lr2e-4_b16_e30,/panfs/accrepfs.vampire/data/neurogroup/mingyangjiang/EEGxPlore/LaBraM/checkpoints/isruc_patch_util_bls0_s1024_lr2e-4_b16_e30,True,False,registry_complete,True,False,False,frozen_native_patch,patch,1024.0,,0.7284350949641585,0.6884962759227304,0.7153039275956329,0.7495507074826273,True,LaBraM/final_test.json:primary_test,True,True,True,False,True
LaBraM,ISRUC,isruc_patch_util_bls0_s3407_lr2e-4_b16_e30,/panfs/accrepfs.vampire/data/neurogroup/mingyangjiang/EEGxPlore/LaBraM/checkpoints/isruc_patch_util_bls0_s3407_lr2e-4_b16_e30,True,False,registry_complete,True,False,False,frozen_native_patch,patch,3407.0,,0.7250388777715873,0.6847717813352125,0.7119455876915654,0.7470601945845469,True,LaBraM/final_test.json:primary_test,True,True,True,False,True
LaBraM,unknown,labram_faced_channel_a001_seed0,/panfs/accrepfs.vampire/data/neurogroup/mingyangjiang/EEGxPlore/LaBraM/checkpoints/labram_faced_channel_a001_seed0,False,,legacy_log_only,False,False,False,unknown,none,,,,,,,False,LaBraM/final_test.json:primary_test,False,True,True,False,False
LaBraM,unknown,labram_faced_channel_patch_a001_seed0,/panfs/accrepfs.vampire/data/neurogroup/mingyangjiang/EEGxPlore/LaBraM/checkpoints/labram_faced_channel_patch_a001_seed0,False,,legacy_log_only,False,False,False,unknown,none,,,,,,,False,LaBraM/final_test.json:primary_test,False,True,True,False,False
LaBraM,unknown,labram_faced_dense_seed0,/panfs/accrepfs.vampire/data/neurogroup/mingyangjiang/EEGxPlore/LaBraM/checkpoints/labram_faced_dense_seed0,False,,legacy_log_only,False,False,False,unknown,none,,,,,,,False,LaBraM/final_test.json:primary_test,False,True,True,False,False
LaBraM,unknown,labram_faced_gamma0_seed0,/panfs/accrepfs.vampire/data/neurogroup/mingyangjiang/EEGxPlore/LaBraM/checkpoints/labram_faced_gamma0_seed0,False,,legacy_log_only,False,False,False,unknown,none,,,,,,,False,LaBraM/final_test.json:primary_test,False,True,True,False,False
LaBraM,unknown,labram_faced_orig_lr1e-4_bs16_e50,/panfs/accrepfs.vampire/data/neurogroup/mingyangjiang/EEGxPlore/LaBraM/checkpoints/labram_faced_orig_lr1e-4_bs16_e50,False,,legacy_log_only,False,False,False,unknown,none,,,,,,,False,LaBraM/final_test.json:primary_test,False,True,True,False,False
LaBraM,unknown,labram_faced_orig_lr1e-5_bs16_e50,/panfs/accrepfs.vampire/data/neurogroup/mingyangjiang/EEGxPlore/LaBraM/checkpoints/labram_faced_orig_lr1e-5_bs16_e50,False,,legacy_log_only,False,False,False,unknown,none,,,,,,,False,LaBraM/final_test.json:primary_test,False,True,True,False,False
LaBraM,unknown,labram_faced_orig_lr3e-4_bs16_e50,/panfs/accrepfs.vampire/data/neurogroup/mingyangjiang/EEGxPlore/LaBraM/checkpoints/labram_faced_orig_lr3e-4_bs16_e50,False,,legacy_log_only,False,False,False,unknown,none,,,,,,,False,LaBraM/final_test.json:primary_test,False,True,True,False,False
LaBraM,unknown,labram_faced_orig_lr3e-4_bs32_e50,/panfs/accrepfs.vampire/data/neurogroup/mingyangjiang/EEGxPlore/LaBraM/checkpoints/labram_faced_orig_lr3e-4_bs32_e50,False,,legacy_log_only,False,False,False,unknown,none,,,,,,,False,LaBraM/final_test.json:primary_test,False,True,True,False,False
LaBraM,unknown,labram_faced_orig_lr3e-5_bs16_e50,/panfs/accrepfs.vampire/data/neurogroup/mingyangjiang/EEGxPlore/LaBraM/checkpoints/labram_faced_orig_lr3e-5_bs16_e50,False,,legacy_log_only,False,False,False,unknown,none,,,,,,,False,LaBraM/final_test.json:primary_test,False,True,True,False,False
LaBraM,unknown,labram_faced_orig_lr5e-4_bs16_e50,/panfs/accrepfs.vampire/data/neurogroup/mingyangjiang/EEGxPlore/LaBraM/checkpoints/labram_faced_orig_lr5e-4_bs16_e50,False,,legacy_log_only,False,False,False,unknown,none,,,,,,,False,LaBraM/final_test.json:primary_test,False,True,True,False,False
LaBraM,unknown,labram_faced_orig_lr5e-4_bs32_e50,/panfs/accrepfs.vampire/data/neurogroup/mingyangjiang/EEGxPlore/LaBraM/checkpoints/labram_faced_orig_lr5e-4_bs32_e50,False,,legacy_log_only,False,False,False,unknown,none,,,,,,,False,LaBraM/final_test.json:primary_test,False,True,True,False,False
LaBraM,unknown,labram_faced_patch_a001_seed0,/panfs/accrepfs.vampire/data/neurogroup/mingyangjiang/EEGxPlore/LaBraM/checkpoints/labram_faced_patch_a001_seed0,False,,empty_or_unresolved,False,False,False,unknown,none,,,,,,,False,LaBraM/final_test.json:primary_test,False,False,False,False,False
LaBraM,unknown,labram_faced_patch_a001_seed0_retry,/panfs/accrepfs.vampire/data/neurogroup/mingyangjiang/EEGxPlore/LaBraM/checkpoints/labram_faced_patch_a001_seed0_retry,False,,legacy_log_only,False,False,False,unknown,none,,,,,,,False,LaBraM/final_test.json:primary_test,False,True,True,False,False
LaBraM,unknown,parity_dense_seed0,/panfs/accrepfs.vampire/data/neurogroup/mingyangjiang/EEGxPlore/LaBraM/checkpoints/parity_dense_seed0,False,,supplemental_parity,True,False,False,unknown,none,,,0.14492753623188406,0.04237342243599285,,0.07302246805970125,False,LaBraM/final_test.json:primary_test,False,True,True,False,True
LaBraM,unknown,parity_gamma0_seed0,/panfs/accrepfs.vampire/data/neurogroup/mingyangjiang/EEGxPlore/LaBraM/checkpoints/parity_gamma0_seed0,False,,supplemental_parity,True,False,False,unknown,none,,,0.13070316693505102,0.026144069603787234,,0.059825323260654095,False,LaBraM/final_test.json:primary_test,False,True,True,False,True
LaBraM,PhysioNet-MI,physio_mi_frozen_channel_patch_lowrank_locked_lr5e4_s1024_b64_e40,/panfs/accrepfs.vampire/data/neurogroup/mingyangjiang/EEGxPlore/LaBraM/checkpoints/physio_mi_frozen_channel_patch_lowrank_locked_lr5e4_s1024_b64_e40,True,True,registry_complete,True,False,False,frozen_native_channel_patch,channel_patch,1024.0,,0.27920721937012916,0.03904783513665111,0.26130891272989676,0.26154024467936204,True,LaBraM/final_test.json:primary_test,True,True,True,False,True
LaBraM,PhysioNet-MI,physio_mi_frozen_channel_patch_lowrank_locked_lr5e4_s3407_b64_e40,/panfs/accrepfs.vampire/data/neurogroup/mingyangjiang/EEGxPlore/LaBraM/checkpoints/physio_mi_frozen_channel_patch_lowrank_locked_lr5e4_s3407_b64_e40,True,True,registry_complete,True,False,False,frozen_native_channel_patch,channel_patch,3407.0,,0.2814281606695931,0.042012783091985195,0.26170117299452134,0.26194032125215694,True,LaBraM/final_test.json:primary_test,True,True,True,False,True
LaBraM,PhysioNet-MI,physio_mi_frozen_channel_patch_lowrank_locked_lr5e4_s42_b64_e40,/panfs/accrepfs.vampire/data/neurogroup/mingyangjiang/EEGxPlore/LaBraM/checkpoints/physio_mi_frozen_channel_patch_lowrank_locked_lr5e4_s42_b64_e40,True,True,registry_complete,True,False,False,frozen_native_channel_patch,channel_patch,42.0,,0.28914047739135995,0.052272578992569985,0.2780629879646054,0.2782369231757911,True,LaBraM/final_test.json:primary_test,True,True,True,False,True
LaBraM,PhysioNet-MI,physio_mi_frozen_dense_locked_lr5e4_s1024_b64_e40,/panfs/accrepfs.vampire/data/neurogroup/mingyangjiang/EEGxPlore/LaBraM/checkpoints/physio_mi_frozen_dense_locked_lr5e4_s1024_b64_e40,True,True,registry_complete,True,False,False,frozen_probe,none,1024.0,,0.2699090531941725,0.02662003135822455,0.2559342156789311,0.256095490387544,True,LaBraM/final_test.json:primary_test,True,True,True,False,True
LaBraM,PhysioNet-MI,physio_mi_frozen_dense_locked_lr5e4_s3407_b64_e40,/panfs/accrepfs.vampire/data/neurogroup/mingyangjiang/EEGxPlore/LaBraM/checkpoints/physio_mi_frozen_dense_locked_lr5e4_s3407_b64_e40,True,True,registry_complete,True,False,False,frozen_probe,none,3407.0,,0.2693969181057666,0.02591434711819185,0.26480346408618316,0.2648999125148436,True,LaBraM/final_test.json:primary_test,True,True,True,False,True
LaBraM,PhysioNet-MI,physio_mi_frozen_dense_locked_lr5e4_s42_b64_e40,/panfs/accrepfs.vampire/data/neurogroup/mingyangjiang/EEGxPlore/LaBraM/checkpoints/physio_mi_frozen_dense_locked_lr5e4_s42_b64_e40,True,True,registry_complete,True,False,False,frozen_probe,none,42.0,,0.2688425943807112,0.025175522259483718,0.2642122742361701,0.2643087026465435,True,LaBraM/final_test.json:primary_test,True,True,True,False,True
LaBraM,PhysioNet-MI,physio_mi_full_channel_lowrank_locked_lr5e4_s1024_b64_e40,/panfs/accrepfs.vampire/data/neurogroup/mingyangjiang/EEGxPlore/LaBraM/checkpoints/physio_mi_full_channel_lowrank_locked_lr5e4_s1024_b64_e40,True,True,registry_complete,True,False,False,native_channel,channel,1024.0,,0.6192289915867678,0.49205644268385706,0.621480244068229,0.6213838503274354,True,LaBraM/final_test.json:primary_test,True,True,True,False,True
LaBraM,PhysioNet-MI,physio_mi_full_channel_lowrank_locked_lr5e4_s3407_b64_e40,/panfs/accrepfs.vampire/data/neurogroup/mingyangjiang/EEGxPlore/LaBraM/checkpoints/physio_mi_full_channel_lowrank_locked_lr5e4_s3407_b64_e40,True,True,registry_complete,True,False,False,native_channel,channel,3407.0,,0.6251979018303168,0.5001392343545903,0.624605122829376,0.624564618214474,True,LaBraM/final_test.json:primary_test,True,True,True,False,True
LaBraM,PhysioNet-MI,physio_mi_full_channel_lowrank_locked_lr5e4_s42_b64_e40,/panfs/accrepfs.vampire/data/neurogroup/mingyangjiang/EEGxPlore/LaBraM/checkpoints/physio_mi_full_channel_lowrank_locked_lr5e4_s42_b64_e40,True,True,registry_complete,True,False,False,native_channel,channel,42.0,,0.6015737982314221,0.46843186709863815,0.6018168231756214,0.6016663654695473,True,LaBraM/final_test.json:primary_test,True,True,True,False,True
LaBraM,PhysioNet-MI,physio_mi_full_channel_patch_lowrank_locked_lr5e4_s1024_b64_e40,/panfs/accrepfs.vampire/data/neurogroup/mingyangjiang/EEGxPlore/LaBraM/checkpoints/physio_mi_full_channel_patch_lowrank_locked_lr5e4_s1024_b64_e40,True,True,registry_complete,True,False,False,native_channel_patch,channel_patch,1024.0,,0.6302398003829567,0.5067903421869848,0.6331906984494085,0.6330909482318485,True,LaBraM/final_test.json:primary_test,True,True,True,False,True
LaBraM,PhysioNet-MI,physio_mi_full_channel_patch_lowrank_locked_lr5e4_s3407_b64_e40,/panfs/accrepfs.vampire/data/neurogroup/mingyangjiang/EEGxPlore/LaBraM/checkpoints/physio_mi_full_channel_patch_lowrank_locked_lr5e4_s3407_b64_e40,True,True,registry_complete,True,False,False,native_channel_patch,channel_patch,3407.0,,0.6158282889039495,0.48760575613560897,0.6160303104145651,0.6159926365705106,True,LaBraM/final_test.json:primary_test,True,True,True,False,True
LaBraM,PhysioNet-MI,physio_mi_full_channel_patch_lowrank_locked_lr5e4_s42_b64_e40,/panfs/accrepfs.vampire/data/neurogroup/mingyangjiang/EEGxPlore/LaBraM/checkpoints/physio_mi_full_channel_patch_lowrank_locked_lr5e4_s42_b64_e40,True,True,registry_complete,True,False,False,native_channel_patch,channel_patch,42.0,,0.6297170793176202,0.5060737876723087,0.6310644911652062,0.6309687148760922,True,LaBraM/final_test.json:primary_test,True,True,True,False,True
LaBraM,PhysioNet-MI,physio_mi_full_patch_lowrank_locked_lr5e4_s1024_b64_e40,/panfs/accrepfs.vampire/data/neurogroup/mingyangjiang/EEGxPlore/LaBraM/checkpoints/physio_mi_full_patch_lowrank_locked_lr5e4_s1024_b64_e40,False,,empty_or_unresolved,False,False,False,unknown,none,1024.0,,,,,,False,LaBraM/final_test.json:primary_test,False,False,False,False,False
LaBraM,PhysioNet-MI,physio_mi_full_patch_lowrank_locked_lr5e4_s1024_b64_e40_retry_geomfix,/panfs/accrepfs.vampire/data/neurogroup/mingyangjiang/EEGxPlore/LaBraM/checkpoints/physio_mi_full_patch_lowrank_locked_lr5e4_s1024_b64_e40_retry_geomfix,True,True,registry_complete,True,False,False,native_patch,patch,1024.0,,0.6224215960026853,0.4964335719974704,0.6214576232652247,0.6214109298562424,True,LaBraM/final_test.json:primary_test,True,True,True,False,True
LaBraM,PhysioNet-MI,physio_mi_full_patch_lowrank_locked_lr5e4_s3407_b64_e40,/panfs/accrepfs.vampire/data/neurogroup/mingyangjiang/EEGxPlore/LaBraM/checkpoints/physio_mi_full_patch_lowrank_locked_lr5e4_s3407_b64_e40,False,,empty_or_unresolved,False,False,False,unknown,none,3407.0,,,,,,False,LaBraM/final_test.json:primary_test,False,False,False,False,False
LaBraM,PhysioNet-MI,physio_mi_full_patch_lowrank_locked_lr5e4_s3407_b64_e40_retry_geomfix,/panfs/accrepfs.vampire/data/neurogroup/mingyangjiang/EEGxPlore/LaBraM/checkpoints/physio_mi_full_patch_lowrank_locked_lr5e4_s3407_b64_e40_retry_geomfix,True,True,registry_complete,True,False,False,native_patch,patch,3407.0,,0.6175220393806322,0.4898086397931791,0.6192550939376882,0.619157923715456,True,LaBraM/final_test.json:primary_test,True,True,True,False,True
LaBraM,PhysioNet-MI,physio_mi_full_patch_lowrank_locked_lr5e4_s42_b64_e40,/panfs/accrepfs.vampire/data/neurogroup/mingyangjiang/EEGxPlore/LaBraM/checkpoints/physio_mi_full_patch_lowrank_locked_lr5e4_s42_b64_e40,False,,empty_or_unresolved,False,False,False,unknown,none,42.0,,,,,,False,LaBraM/final_test.json:primary_test,False,False,False,False,False
LaBraM,PhysioNet-MI,physio_mi_full_patch_lowrank_locked_lr5e4_s42_b64_e40_retry_geomfix,/panfs/accrepfs.vampire/data/neurogroup/mingyangjiang/EEGxPlore/LaBraM/checkpoints/physio_mi_full_patch_lowrank_locked_lr5e4_s42_b64_e40_retry_geomfix,True,True,registry_complete,True,False,False,native_patch,patch,42.0,,0.6367799358967028,0.5156402392258544,0.6401529827318019,0.6401240759857082,True,LaBraM/final_test.json:primary_test,True,True,True,False,True
LaBraM,PhysioNet-MI,physio_mi_generic_locked_lr5e4_s1024_b64_e40,/panfs/accrepfs.vampire/data/neurogroup/mingyangjiang/EEGxPlore/LaBraM/checkpoints/physio_mi_generic_locked_lr5e4_s1024_b64_e40,True,True,registry_complete,True,False,False,frozen_native_generic,generic,1024.0,,0.2697106347141692,0.02640075926648555,0.25743467136190645,0.25764757770551155,True,LaBraM/final_test.json:primary_test,True,True,True,False,True
LaBraM,PhysioNet-MI,physio_mi_generic_locked_lr5e4_s3407_b64_e40,/panfs/accrepfs.vampire/data/neurogroup/mingyangjiang/EEGxPlore/LaBraM/checkpoints/physio_mi_generic_locked_lr5e4_s3407_b64_e40,True,True,registry_complete,True,False,False,frozen_native_generic,generic,3407.0,,0.26861923318176184,0.024927126622417473,0.257127138463068,0.257323653155011,True,LaBraM/final_test.json:primary_test,True,True,True,False,True
LaBraM,PhysioNet-MI,physio_mi_generic_locked_lr5e4_s42_b64_e40,/panfs/accrepfs.vampire/data/neurogroup/mingyangjiang/EEGxPlore/LaBraM/checkpoints/physio_mi_generic_locked_lr5e4_s42_b64_e40,True,True,registry_complete,True,False,False,frozen_native_generic,generic,42.0,,0.2713674956837422,0.02860745563193645,0.25873346836803796,0.25894625578852154,True,LaBraM/final_test.json:primary_test,True,True,True,False,True
LaBraM,PhysioNet-MI,physio_mi_labram_dense_locked_lr5e4_s1024_b64_e40_scale100,/panfs/accrepfs.vampire/data/neurogroup/mingyangjiang/EEGxPlore/LaBraM/checkpoints/physio_mi_labram_dense_locked_lr5e4_s1024_b64_e40_scale100,True,True,registry_complete,True,False,False,dense,none,1024.0,,0.6223072517575746,0.4963901982048199,0.6233126789396745,0.6232948413059111,True,LaBraM/final_test.json:primary_test,True,True,True,False,True
LaBraM,PhysioNet-MI,physio_mi_labram_dense_locked_lr5e4_s3407_b64_e40_scale100,/panfs/accrepfs.vampire/data/neurogroup/mingyangjiang/EEGxPlore/LaBraM/checkpoints/physio_mi_labram_dense_locked_lr5e4_s3407_b64_e40_scale100,True,True,registry_complete,True,False,False,dense,none,3407.0,,0.5933300625025842,0.4578504673663968,0.5933578329561651,0.5933492955145299,True,LaBraM/final_test.json:primary_test,True,True,True,False,True
LaBraM,PhysioNet-MI,physio_mi_labram_dense_smoke_lr5e4_s42_b64_e3_scale100,/panfs/accrepfs.vampire/data/neurogroup/mingyangjiang/EEGxPlore/LaBraM/checkpoints/physio_mi_labram_dense_smoke_lr5e4_s42_b64_e3_scale100,True,True,registry_complete,True,True,False,dense,none,42.0,,0.25,,0.10039893617021277,0.1009000955853719,True,LaBraM/final_test.json:primary_test,True,True,True,False,True
LaBraM,PhysioNet-MI,physio_mi_labram_dense_stable_lr1e4_s42_b64_e40_scale100_clip1,/panfs/accrepfs.vampire/data/neurogroup/mingyangjiang/EEGxPlore/LaBraM/checkpoints/physio_mi_labram_dense_stable_lr1e4_s42_b64_e40_scale100_clip1,True,True,registry_complete,True,False,False,dense,none,42.0,,0.558090583254218,0.4106574471095582,0.5573211877947005,0.557247194751819,True,LaBraM/final_test.json:primary_test,True,True,True,False,True
LaBraM,PhysioNet-MI,physio_mi_labram_dense_sweep_lr2e4_s42_b64_e40_scale100,/panfs/accrepfs.vampire/data/neurogroup/mingyangjiang/EEGxPlore/LaBraM/checkpoints/physio_mi_labram_dense_sweep_lr2e4_s42_b64_e40_scale100,True,True,registry_complete,True,False,False,dense,none,42.0,,0.5986024254787787,0.4646483578000652,0.5990848566087783,0.5990175965023835,True,LaBraM/final_test.json:primary_test,True,True,True,False,True
LaBraM,PhysioNet-MI,physio_mi_labram_dense_sweep_lr3e4_s42_b64_e40_scale100,/panfs/accrepfs.vampire/data/neurogroup/mingyangjiang/EEGxPlore/LaBraM/checkpoints/physio_mi_labram_dense_sweep_lr3e4_s42_b64_e40_scale100,True,True,registry_complete,True,False,False,dense,none,42.0,,0.6057068648357246,0.4742196244452255,0.6063357894697061,0.6063085012983617,True,LaBraM/final_test.json:primary_test,True,True,True,False,True
LaBraM,PhysioNet-MI,physio_mi_labram_dense_sweep_lr5e4_s42_b64_e40_scale100,/panfs/accrepfs.vampire/data/neurogroup/mingyangjiang/EEGxPlore/LaBraM/checkpoints/physio_mi_labram_dense_sweep_lr5e4_s42_b64_e40_scale100,True,True,registry_complete,True,False,False,dense,none,42.0,,0.6123109472490749,0.4830437282960296,0.6142765798293944,0.6142119774327689,True,LaBraM/final_test.json:primary_test,True,True,True,False,True
LaBraM,PhysioNet-MI,physio_mi_lora_locked_lr5e4_s1024_b64_e40,/panfs/accrepfs.vampire/data/neurogroup/mingyangjiang/EEGxPlore/LaBraM/checkpoints/physio_mi_lora_locked_lr5e4_s1024_b64_e40,True,True,registry_complete,True,False,False,lora,qkv,1024.0,,0.531337027959996,0.3750689623347724,0.5294464622817436,0.5293968411562315,True,LaBraM/final_test.json:primary_test,True,True,True,False,True
LaBraM,PhysioNet-MI,physio_mi_lora_locked_lr5e4_s3407_b64_e40,/panfs/accrepfs.vampire/data/neurogroup/mingyangjiang/EEGxPlore/LaBraM/checkpoints/physio_mi_lora_locked_lr5e4_s3407_b64_e40,True,True,registry_complete,True,False,False,lora,qkv,3407.0,,0.5268508642895542,0.3690807696599345,0.5272685750343707,0.5271852842834744,True,LaBraM/final_test.json:primary_test,True,True,True,False,True
LaBraM,PhysioNet-MI,physio_mi_lora_locked_lr5e4_s42_b64_e40,/panfs/accrepfs.vampire/data/neurogroup/mingyangjiang/EEGxPlore/LaBraM/checkpoints/physio_mi_lora_locked_lr5e4_s42_b64_e40,True,True,registry_complete,True,False,False,lora,qkv,42.0,,0.5723966199257133,0.4298109177001016,0.5745895444491693,0.5745333680908417,True,LaBraM/final_test.json:primary_test,True,True,True,False,True
LaBraM,PhysioNet-MI,physio_mi_native_smoke_frozen_channel_patch_lr5e4_s42_b64_e3,/panfs/accrepfs.vampire/data/neurogroup/mingyangjiang/EEGxPlore/LaBraM/checkpoints/physio_mi_native_smoke_frozen_channel_patch_lr5e4_s42_b64_e3,True,True,registry_complete,True,True,False,frozen_native_channel_patch,channel_patch,42.0,,0.25607932825264434,0.008118191082091664,0.1300425124505898,0.1301479148738808,True,LaBraM/final_test.json:primary_test,True,True,True,False,True
LaBraM,PhysioNet-MI,physio_mi_upper2_locked_lr5e4_s1024_b64_e40,/panfs/accrepfs.vampire/data/neurogroup/mingyangjiang/EEGxPlore/LaBraM/checkpoints/physio_mi_upper2_locked_lr5e4_s1024_b64_e40,True,True,registry_complete,True,False,False,upper2,upper,1024.0,,0.4937348798433915,0.3248495497257996,0.49297911621534585,0.4928994821391977,True,LaBraM/final_test.json:primary_test,True,True,True,False,True
LaBraM,PhysioNet-MI,physio_mi_upper2_locked_lr5e4_s3407_b64_e40,/panfs/accrepfs.vampire/data/neurogroup/mingyangjiang/EEGxPlore/LaBraM/checkpoints/physio_mi_upper2_locked_lr5e4_s3407_b64_e40,True,True,registry_complete,True,False,False,upper2,upper,3407.0,,0.5193809766394943,0.3589713202180611,0.5157919556935562,0.5156858650542416,True,LaBraM/final_test.json:primary_test,True,True,True,False,True
LaBraM,PhysioNet-MI,physio_mi_upper2_locked_lr5e4_s42_b64_e40,/panfs/accrepfs.vampire/data/neurogroup/mingyangjiang/EEGxPlore/LaBraM/checkpoints/physio_mi_upper2_locked_lr5e4_s42_b64_e40,True,True,registry_complete,True,False,False,upper2,upper,42.0,,0.5335640136211067,0.37803410403486215,0.5348256117001645,0.534769702802344,True,LaBraM/final_test.json:primary_test,True,True,True,False,True
LaBraM,SEED-V,seedv_capacity_bottleneck64_s3407_9cd1b95,/panfs/accrepfs.vampire/data/neurogroup/mingyangjiang/EEGxPlore/LaBraM/checkpoints/seedv_capacity_bottleneck64_s3407_9cd1b95,False,,incomplete_training_or_missing_final_test,False,False,False,unknown,patch,3407.0,,,,,,False,LaBraM/final_test.json:primary_test,True,True,True,False,False
LaBraM,SEED-V,seedv_capacity_dropout_s3407_9cd1b95,/panfs/accrepfs.vampire/data/neurogroup/mingyangjiang/EEGxPlore/LaBraM/checkpoints/seedv_capacity_dropout_s3407_9cd1b95,False,,incomplete_training_or_missing_final_test,False,False,False,unknown,patch,3407.0,,,,,,False,LaBraM/final_test.json:primary_test,True,True,True,False,False
LaBraM,SEED-V,seedv_channel_conservative_wd0.05_lr1e-4_s3407_2cf493c,/panfs/accrepfs.vampire/data/neurogroup/mingyangjiang/EEGxPlore/LaBraM/checkpoints/seedv_channel_conservative_wd0.05_lr1e-4_s3407_2cf493c,False,,incomplete_training_or_missing_final_test,False,False,False,unknown,channel,3407.0,,,,,,False,LaBraM/final_test.json:primary_test,True,True,True,False,False
LaBraM,SEED-V,seedv_channel_depth_k2_wd0.05_lr2e-4_s3407_2cf493c,/panfs/accrepfs.vampire/data/neurogroup/mingyangjiang/EEGxPlore/LaBraM/checkpoints/seedv_channel_depth_k2_wd0.05_lr2e-4_s3407_2cf493c,False,,incomplete_training_or_missing_final_test,False,False,False,unknown,channel,3407.0,,,,,,False,LaBraM/final_test.json:primary_test,True,True,True,False,False
LaBraM,SEED-V,seedv_channel_depth_k2_wd0.05_lr3e-4_s3407_2cf493c,/panfs/accrepfs.vampire/data/neurogroup/mingyangjiang/EEGxPlore/LaBraM/checkpoints/seedv_channel_depth_k2_wd0.05_lr3e-4_s3407_2cf493c,False,,incomplete_training_or_missing_final_test,False,False,False,unknown,channel,3407.0,,,,,,False,LaBraM/final_test.json:primary_test,True,True,True,False,False
LaBraM,SEED-V,seedv_channel_depth_k2_wd0.05_lr5e-4_s3407_2cf493c,/panfs/accrepfs.vampire/data/neurogroup/mingyangjiang/EEGxPlore/LaBraM/checkpoints/seedv_channel_depth_k2_wd0.05_lr5e-4_s3407_2cf493c,False,,incomplete_training_or_missing_final_test,False,False,False,unknown,channel,3407.0,,,,,,False,LaBraM/final_test.json:primary_test,True,True,True,False,False
LaBraM,SEED-V,seedv_channel_depth_k2_wd0.05_lr5e-5_s3407_2cf493c,/panfs/accrepfs.vampire/data/neurogroup/mingyangjiang/EEGxPlore/LaBraM/checkpoints/seedv_channel_depth_k2_wd0.05_lr5e-5_s3407_2cf493c,False,,incomplete_training_or_missing_final_test,False,False,False,unknown,channel,3407.0,,,,,,False,LaBraM/final_test.json:primary_test,True,True,True,False,False
LaBraM,SEED-V,seedv_channel_depth_lastk_delta_k2_wd0.05_lr1e-4_s3407_2cf493c,/panfs/accrepfs.vampire/data/neurogroup/mingyangjiang/EEGxPlore/LaBraM/checkpoints/seedv_channel_depth_lastk_delta_k2_wd0.05_lr1e-4_s3407_2cf493c,False,,incomplete_training_or_missing_final_test,False,False,False,unknown,channel,3407.0,,,,,,False,LaBraM/final_test.json:primary_test,True,True,True,False,False
LaBraM,SEED-V,seedv_channel_depth_lastk_delta_k4_wd0.05_lr1e-4_s3407_2cf493c,/panfs/accrepfs.vampire/data/neurogroup/mingyangjiang/EEGxPlore/LaBraM/checkpoints/seedv_channel_depth_lastk_delta_k4_wd0.05_lr1e-4_s3407_2cf493c,False,,incomplete_training_or_missing_final_test,False,False,False,unknown,channel,3407.0,,,,,,False,LaBraM/final_test.json:primary_test,True,True,True,False,False
LaBraM,SEED-V,seedv_channel_dropout0.1_lr1e-4_s3407_6737b04_retry,/panfs/accrepfs.vampire/data/neurogroup/mingyangjiang/EEGxPlore/LaBraM/checkpoints/seedv_channel_dropout0.1_lr1e-4_s3407_6737b04_retry,False,,incomplete_training_or_missing_final_test,False,False,False,unknown,channel,3407.0,,,,,,False,LaBraM/final_test.json:primary_test,True,True,True,False,False
LaBraM,SEED-V,seedv_channel_lr2e-4_s3407_73892ca_retry,/panfs/accrepfs.vampire/data/neurogroup/mingyangjiang/EEGxPlore/LaBraM/checkpoints/seedv_channel_lr2e-4_s3407_73892ca_retry,False,,incomplete_training_or_missing_final_test,False,False,False,unknown,channel,3407.0,,,,,,False,LaBraM/final_test.json:primary_test,True,True,True,False,False
LaBraM,SEED-V,seedv_channel_lr3e-4_s3407_73892ca_retry,/panfs/accrepfs.vampire/data/neurogroup/mingyangjiang/EEGxPlore/LaBraM/checkpoints/seedv_channel_lr3e-4_s3407_73892ca_retry,False,,incomplete_training_or_missing_final_test,False,False,False,unknown,channel,3407.0,,,,,,False,LaBraM/final_test.json:primary_test,True,True,True,False,False
LaBraM,SEED-V,seedv_channel_lr3e-5_s3407_73892ca_retry,/panfs/accrepfs.vampire/data/neurogroup/mingyangjiang/EEGxPlore/LaBraM/checkpoints/seedv_channel_lr3e-5_s3407_73892ca_retry,False,,incomplete_training_or_missing_final_test,False,False,False,unknown,channel,3407.0,,,,,,False,LaBraM/final_test.json:primary_test,True,True,True,False,False
LaBraM,SEED-V,seedv_channel_lr5e-5_s3407_73892ca_retry,/panfs/accrepfs.vampire/data/neurogroup/mingyangjiang/EEGxPlore/LaBraM/checkpoints/seedv_channel_lr5e-5_s3407_73892ca_retry,False,,incomplete_training_or_missing_final_test,False,False,False,unknown,channel,3407.0,,,,,,False,LaBraM/final_test.json:primary_test,True,True,True,False,False
LaBraM,SEED-V,seedv_channel_lr7e-4_s3407_73892ca_retry,/panfs/accrepfs.vampire/data/neurogroup/mingyangjiang/EEGxPlore/LaBraM/checkpoints/seedv_channel_lr7e-4_s3407_73892ca_retry,False,,incomplete_training_or_missing_final_test,False,False,False,unknown,channel,3407.0,,,,,,False,LaBraM/final_test.json:primary_test,True,True,True,False,False
LaBraM,SEED-V,seedv_channel_lr9e-4_s3407_73892ca_retry,/panfs/accrepfs.vampire/data/neurogroup/mingyangjiang/EEGxPlore/LaBraM/checkpoints/seedv_channel_lr9e-4_s3407_73892ca_retry,False,,incomplete_training_or_missing_final_test,False,False,False,unknown,channel,3407.0,,,,,,False,LaBraM/final_test.json:primary_test,True,True,True,False,False
LaBraM,SEED-V,seedv_channel_wd0.05_lr1e-4_s1024_2cf493c,/panfs/accrepfs.vampire/data/neurogroup/mingyangjiang/EEGxPlore/LaBraM/checkpoints/seedv_channel_wd0.05_lr1e-4_s1024_2cf493c,False,,incomplete_training_or_missing_final_test,False,False,False,unknown,channel,1024.0,,,,,,False,LaBraM/final_test.json:primary_test,True,True,True,False,False
LaBraM,SEED-V,seedv_channel_wd0.05_lr1e-4_s3407_6737b04_retry,/panfs/accrepfs.vampire/data/neurogroup/mingyangjiang/EEGxPlore/LaBraM/checkpoints/seedv_channel_wd0.05_lr1e-4_s3407_6737b04_retry,False,,incomplete_training_or_missing_final_test,False,False,False,unknown,channel,3407.0,,,,,,False,LaBraM/final_test.json:primary_test,True,True,True,False,False
LaBraM,SEED-V,seedv_channel_wd0.05_lr1e-4_s42_2cf493c,/panfs/accrepfs.vampire/data/neurogroup/mingyangjiang/EEGxPlore/LaBraM/checkpoints/seedv_channel_wd0.05_lr1e-4_s42_2cf493c,False,,incomplete_training_or_missing_final_test,False,False,False,unknown,channel,42.0,,,,,,False,LaBraM/final_test.json:primary_test,True,True,True,False,False
LaBraM,SEED-V,seedv_current_dense_1gpu_3b1fd8a_s1024,/panfs/accrepfs.vampire/data/neurogroup/mingyangjiang/EEGxPlore/LaBraM/checkpoints/seedv_current_dense_1gpu_3b1fd8a_s1024,False,,incomplete_training_or_missing_final_test,False,False,False,unknown,none,1024.0,,,,,,False,LaBraM/final_test.json:primary_test,True,True,True,False,False
LaBraM,SEED-V,seedv_current_dense_1gpu_3b1fd8a_s3407,/panfs/accrepfs.vampire/data/neurogroup/mingyangjiang/EEGxPlore/LaBraM/checkpoints/seedv_current_dense_1gpu_3b1fd8a_s3407,False,,incomplete_training_or_missing_final_test,False,False,False,unknown,none,3407.0,,,,,,False,LaBraM/final_test.json:primary_test,True,True,True,False,False
LaBraM,SEED-V,seedv_current_dense_1gpu_3b1fd8a_s42,/panfs/accrepfs.vampire/data/neurogroup/mingyangjiang/EEGxPlore/LaBraM/checkpoints/seedv_current_dense_1gpu_3b1fd8a_s42,False,,incomplete_training_or_missing_final_test,False,False,False,unknown,none,42.0,,,,,,False,LaBraM/final_test.json:primary_test,True,True,True,False,False
LaBraM,SEED-V,seedv_current_patch_1gpu_3b1fd8a_s1024,/panfs/accrepfs.vampire/data/neurogroup/mingyangjiang/EEGxPlore/LaBraM/checkpoints/seedv_current_patch_1gpu_3b1fd8a_s1024,False,,incomplete_training_or_missing_final_test,False,False,False,unknown,patch,1024.0,,,,,,False,LaBraM/final_test.json:primary_test,True,True,True,False,False
LaBraM,SEED-V,seedv_current_patch_1gpu_3b1fd8a_s3407,/panfs/accrepfs.vampire/data/neurogroup/mingyangjiang/EEGxPlore/LaBraM/checkpoints/seedv_current_patch_1gpu_3b1fd8a_s3407,False,,incomplete_training_or_missing_final_test,False,False,False,unknown,patch,3407.0,,,,,,False,LaBraM/final_test.json:primary_test,True,True,True,False,False
LaBraM,SEED-V,seedv_current_patch_1gpu_3b1fd8a_s42,/panfs/accrepfs.vampire/data/neurogroup/mingyangjiang/EEGxPlore/LaBraM/checkpoints/seedv_current_patch_1gpu_3b1fd8a_s42,False,,incomplete_training_or_missing_final_test,False,False,False,unknown,patch,42.0,,,,,,False,LaBraM/final_test.json:primary_test,True,True,True,False,False
LaBraM,SEED-V,seedv_dense_bls01_matched_s1024_b16_lr3e-4_e40_test,/panfs/accrepfs.vampire/data/neurogroup/mingyangjiang/EEGxPlore/LaBraM/checkpoints/seedv_dense_bls01_matched_s1024_b16_lr3e-4_e40_test,True,True,registry_complete,True,False,False,dense,none,1024.0,,0.4058876963411448,0.25834976679509325,0.40137202245996184,0.40899992934578205,True,LaBraM/final_test.json:primary_test,True,True,True,False,True
LaBraM,SEED-V,seedv_dense_bls01_matched_s3407_b16_lr3e-4_e40_test,/panfs/accrepfs.vampire/data/neurogroup/mingyangjiang/EEGxPlore/LaBraM/checkpoints/seedv_dense_bls01_matched_s3407_b16_lr3e-4_e40_test,True,True,registry_complete,True,False,False,dense,none,3407.0,,0.4119863633223651,0.2669427530051153,0.4095226609661636,0.4175128731313333,True,LaBraM/final_test.json:primary_test,True,True,True,False,True
LaBraM,SEED-V,seedv_dense_bls01_matched_s42_b16_lr3e-4_e40_test,/panfs/accrepfs.vampire/data/neurogroup/mingyangjiang/EEGxPlore/LaBraM/checkpoints/seedv_dense_bls01_matched_s42_b16_lr3e-4_e40_test,True,True,registry_complete,True,False,False,dense,none,42.0,,0.40834841472773836,0.25800889151992745,0.40809844411968604,0.41262222643035146,True,LaBraM/final_test.json:primary_test,True,True,True,False,True
LaBraM,SEED-V,seedv_dense_conservative_wd0.05_lr1e-4_s3407_2cf493c,/panfs/accrepfs.vampire/data/neurogroup/mingyangjiang/EEGxPlore/LaBraM/checkpoints/seedv_dense_conservative_wd0.05_lr1e-4_s3407_2cf493c,False,,incomplete_training_or_missing_final_test,False,False,False,unknown,none,3407.0,,,,,,False,LaBraM/final_test.json:primary_test,True,True,True,False,False
LaBraM,SEED-V,seedv_dense_matched_s42_b16_lr3e-4_e40_test_r4,/panfs/accrepfs.vampire/data/neurogroup/mingyangjiang/EEGxPlore/LaBraM/checkpoints/seedv_dense_matched_s42_b16_lr3e-4_e40_test_r4,True,True,registry_complete,True,False,False,dense,none,42.0,,0.40231714667678153,0.2505057270944647,0.4003554491244108,0.40486375606960295,True,LaBraM/final_test.json:primary_test,True,True,True,False,True
LaBraM,SEED-V,seedv_dense_wd0.05_lr1e-4_s1024_2cf493c,/panfs/accrepfs.vampire/data/neurogroup/mingyangjiang/EEGxPlore/LaBraM/checkpoints/seedv_dense_wd0.05_lr1e-4_s1024_2cf493c,False,,incomplete_training_or_missing_final_test,False,False,False,unknown,none,1024.0,,,,,,False,LaBraM/final_test.json:primary_test,True,True,True,False,False
LaBraM,SEED-V,seedv_dense_wd0.05_lr1e-4_s3407_6737b04_retry,/panfs/accrepfs.vampire/data/neurogroup/mingyangjiang/EEGxPlore/LaBraM/checkpoints/seedv_dense_wd0.05_lr1e-4_s3407_6737b04_retry,False,,incomplete_training_or_missing_final_test,False,False,False,unknown,none,3407.0,,,,,,False,LaBraM/final_test.json:primary_test,True,True,True,False,False
LaBraM,SEED-V,seedv_dense_wd0.05_lr1e-4_s42_2cf493c,/panfs/accrepfs.vampire/data/neurogroup/mingyangjiang/EEGxPlore/LaBraM/checkpoints/seedv_dense_wd0.05_lr1e-4_s42_2cf493c,False,,incomplete_training_or_missing_final_test,False,False,False,unknown,none,42.0,,,,,,False,LaBraM/final_test.json:primary_test,True,True,True,False,False
LaBraM,SEED-V,seedv_diag_dense_1gpu_06236d4_s3407,/panfs/accrepfs.vampire/data/neurogroup/mingyangjiang/EEGxPlore/LaBraM/checkpoints/seedv_diag_dense_1gpu_06236d4_s3407,False,,incomplete_training_or_missing_final_test,False,False,False,unknown,none,1024.0,,,,,,False,LaBraM/final_test.json:primary_test,True,True,True,False,False
LaBraM,SEED-V,seedv_diag_patch_1gpu_06236d4_s3407,/panfs/accrepfs.vampire/data/neurogroup/mingyangjiang/EEGxPlore/LaBraM/checkpoints/seedv_diag_patch_1gpu_06236d4_s3407,False,,incomplete_training_or_missing_final_test,False,False,False,unknown,patch,1024.0,,,,,,False,LaBraM/final_test.json:primary_test,True,True,True,False,False
LaBraM,SEED-V,seedv_diag_v2_dense_1gpu_06236d4_s3407,/panfs/accrepfs.vampire/data/neurogroup/mingyangjiang/EEGxPlore/LaBraM/checkpoints/seedv_diag_v2_dense_1gpu_06236d4_s3407,False,,incomplete_training_or_missing_final_test,False,False,False,unknown,none,3407.0,,,,,,False,LaBraM/final_test.json:primary_test,True,True,True,False,False
LaBraM,SEED-V,seedv_diag_v2_patch_1gpu_06236d4_s3407,/panfs/accrepfs.vampire/data/neurogroup/mingyangjiang/EEGxPlore/LaBraM/checkpoints/seedv_diag_v2_patch_1gpu_06236d4_s3407,False,,incomplete_training_or_missing_final_test,False,False,False,unknown,patch,3407.0,,,,,,False,LaBraM/final_test.json:primary_test,True,True,True,False,False
LaBraM,SEED-V,seedv_final_generic_frozen_s1024_b16_lr3e-4_e40_test_r3,/panfs/accrepfs.vampire/data/neurogroup/mingyangjiang/EEGxPlore/LaBraM/checkpoints/seedv_final_generic_frozen_s1024_b16_lr3e-4_e40_test_r3,True,True,registry_complete,True,False,False,frozen_native_generic,generic,1024.0,,0.2948071243135587,0.1148411716101041,0.27619523395900286,0.2797795110917704,True,LaBraM/final_test.json:primary_test,True,True,True,False,True
LaBraM,SEED-V,seedv_final_generic_frozen_s3407_b16_lr3e-4_e40_test_r3,/panfs/accrepfs.vampire/data/neurogroup/mingyangjiang/EEGxPlore/LaBraM/checkpoints/seedv_final_generic_frozen_s3407_b16_lr3e-4_e40_test_r3,True,True,registry_complete,True,False,False,frozen_native_generic,generic,3407.0,,0.29642443578781263,0.11693206444222493,0.2785874875466146,0.28245073340299764,True,LaBraM/final_test.json:primary_test,True,True,True,False,True
LaBraM,SEED-V,seedv_final_generic_frozen_s42_b16_lr3e-4_e40_test_r3,/panfs/accrepfs.vampire/data/neurogroup/mingyangjiang/EEGxPlore/LaBraM/checkpoints/seedv_final_generic_frozen_s42_b16_lr3e-4_e40_test_r3,True,True,registry_complete,True,False,False,frozen_native_generic,generic,42.0,,0.29490536142074136,0.11518778578330846,0.27634313131206356,0.28000393688923325,True,LaBraM/final_test.json:primary_test,True,True,True,False,True
LaBraM,SEED-V,seedv_final_lora_qkv_r8_s1024_b16_lr3e-4_e40_test,/panfs/accrepfs.vampire/data/neurogroup/mingyangjiang/EEGxPlore/LaBraM/checkpoints/seedv_final_lora_qkv_r8_s1024_b16_lr3e-4_e40_test,False,,empty_or_unresolved,False,False,False,unknown,none,1024.0,,,,,,False,LaBraM/final_test.json:primary_test,False,False,False,False,False
LaBraM,SEED-V,seedv_final_lora_qkv_r8_s1024_b16_lr3e-4_e40_test_r3,/panfs/accrepfs.vampire/data/neurogroup/mingyangjiang/EEGxPlore/LaBraM/checkpoints/seedv_final_lora_qkv_r8_s1024_b16_lr3e-4_e40_test_r3,True,True,registry_complete,True,False,False,lora,qkv,1024.0,,0.287573850219264,0.11126640723965231,0.27134706463216435,0.28106262259083997,True,LaBraM/final_test.json:primary_test,True,True,True,False,True
LaBraM,SEED-V,seedv_final_lora_qkv_r8_s3407_b16_lr3e-4_e40_test_r3,/panfs/accrepfs.vampire/data/neurogroup/mingyangjiang/EEGxPlore/LaBraM/checkpoints/seedv_final_lora_qkv_r8_s3407_b16_lr3e-4_e40_test_r3,True,True,registry_complete,True,False,False,lora,qkv,3407.0,,0.2814287786933532,0.10189204009778197,0.26267058598598214,0.2706965939282741,True,LaBraM/final_test.json:primary_test,True,True,True,False,True
LaBraM,SEED-V,seedv_final_lora_qkv_r8_s42_b16_lr3e-4_e40_test,/panfs/accrepfs.vampire/data/neurogroup/mingyangjiang/EEGxPlore/LaBraM/checkpoints/seedv_final_lora_qkv_r8_s42_b16_lr3e-4_e40_test,False,,empty_or_unresolved,False,False,False,unknown,none,42.0,,,,,,False,LaBraM/final_test.json:primary_test,False,False,False,False,False
LaBraM,SEED-V,seedv_final_lora_qkv_r8_s42_b16_lr3e-4_e40_test_r3,/panfs/accrepfs.vampire/data/neurogroup/mingyangjiang/EEGxPlore/LaBraM/checkpoints/seedv_final_lora_qkv_r8_s42_b16_lr3e-4_e40_test_r3,True,True,registry_complete,True,False,False,lora,qkv,42.0,,0.28794075948298564,0.11072582874879411,0.2761240557288307,0.2843296914928396,True,LaBraM/final_test.json:primary_test,True,True,True,False,True
LaBraM,SEED-V,seedv_final_upper2_s1024_b16_lr3e-4_e40_test,/panfs/accrepfs.vampire/data/neurogroup/mingyangjiang/EEGxPlore/LaBraM/checkpoints/seedv_final_upper2_s1024_b16_lr3e-4_e40_test,True,True,registry_complete,True,False,False,upper2,upper,1024.0,,0.3814504473898107,0.22877175383226178,0.38045446393731164,0.3881916002066703,True,LaBraM/final_test.json:primary_test,True,True,True,False,True
LaBraM,SEED-V,seedv_final_upper2_s3407_b16_lr3e-4_e40_test_r3,/panfs/accrepfs.vampire/data/neurogroup/mingyangjiang/EEGxPlore/LaBraM/checkpoints/seedv_final_upper2_s3407_b16_lr3e-4_e40_test_r3,True,True,registry_complete,True,False,False,upper2,upper,3407.0,,0.3896273654079126,0.2395835478364169,0.39092104492032387,0.39865418018498017,True,LaBraM/final_test.json:primary_test,True,True,True,False,True
LaBraM,SEED-V,seedv_final_upper2_s42_b16_lr3e-4_e40_test,/panfs/accrepfs.vampire/data/neurogroup/mingyangjiang/EEGxPlore/LaBraM/checkpoints/seedv_final_upper2_s42_b16_lr3e-4_e40_test,True,True,registry_complete,True,False,False,upper2,upper,42.0,,0.3865104415469833,0.23497558200146218,0.38690879618343954,0.3943653956180901,True,LaBraM/final_test.json:primary_test,True,True,True,False,True
LaBraM,SEED-V,seedv_fixed_dense_lr1e-4_s1024_8a8cd75,/panfs/accrepfs.vampire/data/neurogroup/mingyangjiang/EEGxPlore/LaBraM/checkpoints/seedv_fixed_dense_lr1e-4_s1024_8a8cd75,False,,incomplete_training_or_missing_final_test,False,False,False,unknown,none,1024.0,,,,,,False,LaBraM/final_test.json:primary_test,True,True,True,False,False
LaBraM,SEED-V,seedv_fixed_dense_lr1e-4_s3407_8a8cd75,/panfs/accrepfs.vampire/data/neurogroup/mingyangjiang/EEGxPlore/LaBraM/checkpoints/seedv_fixed_dense_lr1e-4_s3407_8a8cd75,False,,incomplete_training_or_missing_final_test,False,False,False,unknown,none,3407.0,,,,,,False,LaBraM/final_test.json:primary_test,True,True,True,False,False
LaBraM,SEED-V,seedv_fixed_dense_lr1e-4_s42_8a8cd75,/panfs/accrepfs.vampire/data/neurogroup/mingyangjiang/EEGxPlore/LaBraM/checkpoints/seedv_fixed_dense_lr1e-4_s42_8a8cd75,False,,incomplete_training_or_missing_final_test,False,False,False,unknown,none,42.0,,,,,,False,LaBraM/final_test.json:primary_test,True,True,True,False,False
LaBraM,SEED-V,seedv_fixed_patch_lr1e-4_s1024_8a8cd75,/panfs/accrepfs.vampire/data/neurogroup/mingyangjiang/EEGxPlore/LaBraM/checkpoints/seedv_fixed_patch_lr1e-4_s1024_8a8cd75,False,,incomplete_training_or_missing_final_test,False,False,False,unknown,patch,1024.0,,,,,,False,LaBraM/final_test.json:primary_test,True,True,True,False,False
LaBraM,SEED-V,seedv_fixed_patch_lr1e-4_s3407_8a8cd75,/panfs/accrepfs.vampire/data/neurogroup/mingyangjiang/EEGxPlore/LaBraM/checkpoints/seedv_fixed_patch_lr1e-4_s3407_8a8cd75,False,,incomplete_training_or_missing_final_test,False,False,False,unknown,patch,3407.0,,,,,,False,LaBraM/final_test.json:primary_test,True,True,True,False,False
LaBraM,SEED-V,seedv_fixed_patch_lr1e-4_s42_8a8cd75,/panfs/accrepfs.vampire/data/neurogroup/mingyangjiang/EEGxPlore/LaBraM/checkpoints/seedv_fixed_patch_lr1e-4_s42_8a8cd75,False,,incomplete_training_or_missing_final_test,False,False,False,unknown,patch,42.0,,,,,,False,LaBraM/final_test.json:primary_test,True,True,True,False,False
LaBraM,SEED-V,seedv_geom_channel_lr1e-4_s3407_73892ca,/panfs/accrepfs.vampire/data/neurogroup/mingyangjiang/EEGxPlore/LaBraM/checkpoints/seedv_geom_channel_lr1e-4_s3407_73892ca,False,,incomplete_training_or_missing_final_test,False,False,False,unknown,channel,3407.0,,,,,,False,LaBraM/final_test.json:primary_test,True,True,True,False,False
LaBraM,SEED-V,seedv_geom_channel_lr5e-4_s3407_73892ca,/panfs/accrepfs.vampire/data/neurogroup/mingyangjiang/EEGxPlore/LaBraM/checkpoints/seedv_geom_channel_lr5e-4_s3407_73892ca,False,,incomplete_training_or_missing_final_test,False,False,False,unknown,channel,3407.0,,,,,,False,LaBraM/final_test.json:primary_test,True,True,True,False,False
LaBraM,SEED-V,seedv_geom_dense_lr1e-4_s3407_73892ca,/panfs/accrepfs.vampire/data/neurogroup/mingyangjiang/EEGxPlore/LaBraM/checkpoints/seedv_geom_dense_lr1e-4_s3407_73892ca,False,,incomplete_training_or_missing_final_test,False,False,False,unknown,none,3407.0,,,,,,False,LaBraM/final_test.json:primary_test,True,True,True,False,False
LaBraM,SEED-V,seedv_geom_dense_lr5e-4_s3407_73892ca,/panfs/accrepfs.vampire/data/neurogroup/mingyangjiang/EEGxPlore/LaBraM/checkpoints/seedv_geom_dense_lr5e-4_s3407_73892ca,False,,incomplete_training_or_missing_final_test,False,False,False,unknown,none,3407.0,,,,,,False,LaBraM/final_test.json:primary_test,True,True,True,False,False
LaBraM,SEED-V,seedv_labram_channel_alpha05_bls0.1_conservative_s42_lr2e-4_b16_e40_test,/panfs/accrepfs.vampire/data/neurogroup/mingyangjiang/EEGxPlore/LaBraM/checkpoints/seedv_labram_channel_alpha05_bls0.1_conservative_s42_lr2e-4_b16_e40_test,True,False,registry_complete,True,False,False,native_channel,channel,42.0,,0.39677186430236605,0.24599356411796702,,0.400829715582352,False,LaBraM/final_test.json:primary_test,True,True,True,False,True
LaBraM,SEED-V,seedv_labram_channel_alpha05_bls0.1_s42_lr3e-4_b16_e40_test,/panfs/accrepfs.vampire/data/neurogroup/mingyangjiang/EEGxPlore/LaBraM/checkpoints/seedv_labram_channel_alpha05_bls0.1_s42_lr3e-4_b16_e40_test,True,False,registry_complete,True,False,False,native_channel,channel,42.0,,0.4176379393482034,0.27428742155592445,,0.42478713704947896,False,LaBraM/final_test.json:primary_test,True,True,True,False,True
LaBraM,SEED-V,seedv_labram_channel_alpha05_full_s42_lr3e-4_b16_e40_test,/panfs/accrepfs.vampire/data/neurogroup/mingyangjiang/EEGxPlore/LaBraM/checkpoints/seedv_labram_channel_alpha05_full_s42_lr3e-4_b16_e40_test,True,False,registry_complete,True,False,False,native_channel,channel,42.0,,0.41265823618729247,0.2655303799283706,,0.4171075048855402,False,LaBraM/final_test.json:primary_test,True,True,True,False,True
LaBraM,SEED-V,seedv_labram_channel_bls005_a05_s42_lr3e-4_b16_e40_test,/panfs/accrepfs.vampire/data/neurogroup/mingyangjiang/EEGxPlore/LaBraM/checkpoints/seedv_labram_channel_bls005_a05_s42_lr3e-4_b16_e40_test,True,False,registry_complete,True,False,False,native_channel,channel,42.0,,0.3838048399376512,0.22878780762768225,,0.3871414808977859,False,LaBraM/final_test.json:primary_test,True,True,True,False,True
LaBraM,SEED-V,seedv_labram_channel_bls005_a10_s42_lr3e-4_b16_e40_test,/panfs/accrepfs.vampire/data/neurogroup/mingyangjiang/EEGxPlore/LaBraM/checkpoints/seedv_labram_channel_bls005_a10_s42_lr3e-4_b16_e40_test,True,False,registry_complete,True,False,False,native_channel,channel,42.0,,0.3899376270035443,0.23748127093387084,,0.39274062935563103,False,LaBraM/final_test.json:primary_test,True,True,True,False,True
LaBraM,SEED-V,seedv_labram_channel_bls01_a05_adapterwd01_s1024_lr3e-4_b16_e40_test,/panfs/accrepfs.vampire/data/neurogroup/mingyangjiang/EEGxPlore/LaBraM/checkpoints/seedv_labram_channel_bls01_a05_adapterwd01_s1024_lr3e-4_b16_e40_test,True,False,registry_complete,True,False,False,native_channel,channel,1024.0,,0.41057887850350194,0.2652598675858362,,0.41723915417764085,False,LaBraM/final_test.json:primary_test,True,True,True,False,True
LaBraM,SEED-V,seedv_labram_channel_bls01_a05_adapterwd01_s3407_lr3e-4_b16_e40_test,/panfs/accrepfs.vampire/data/neurogroup/mingyangjiang/EEGxPlore/LaBraM/checkpoints/seedv_labram_channel_bls01_a05_adapterwd01_s3407_lr3e-4_b16_e40_test,True,False,registry_complete,True,False,False,native_channel,channel,3407.0,,0.41396034026890716,0.26979632663197795,,0.42121540287326986,False,LaBraM/final_test.json:primary_test,True,True,True,False,True
LaBraM,SEED-V,seedv_labram_channel_bls01_a05_adapterwd01_s42_lr3e-4_b16_e40_test,/panfs/accrepfs.vampire/data/neurogroup/mingyangjiang/EEGxPlore/LaBraM/checkpoints/seedv_labram_channel_bls01_a05_adapterwd01_s42_lr3e-4_b16_e40_test,True,False,registry_complete,True,False,False,native_channel,channel,42.0,,0.41996497827878515,0.27688891669755045,,0.42702596957829153,False,LaBraM/final_test.json:primary_test,True,True,True,False,True
LaBraM,SEED-V,seedv_labram_channel_bls01_a05_drop005_s42_lr3e-4_b16_e40_test,/panfs/accrepfs.vampire/data/neurogroup/mingyangjiang/EEGxPlore/LaBraM/checkpoints/seedv_labram_channel_bls01_a05_drop005_s42_lr3e-4_b16_e40_test,True,False,registry_complete,True,False,False,native_channel,channel,42.0,,0.4057796809263271,0.256952155156582,,0.4099165474505936,False,LaBraM/final_test.json:primary_test,True,True,True,False,True
LaBraM,SEED-V,seedv_labram_channel_bls01_a05_headwd01_adapterwd01_s42_lr3e-4_b16_e40_test,/panfs/accrepfs.vampire/data/neurogroup/mingyangjiang/EEGxPlore/LaBraM/checkpoints/seedv_labram_channel_bls01_a05_headwd01_adapterwd01_s42_lr3e-4_b16_e40_test,True,False,registry_complete,True,False,False,native_channel,channel,42.0,,0.4194835189089641,0.27652320122497,,0.42670332554619894,False,LaBraM/final_test.json:primary_test,True,True,True,False,True
LaBraM,SEED-V,seedv_labram_channel_bls01_a05_headwd01_s42_lr3e-4_b16_e40_test,/panfs/accrepfs.vampire/data/neurogroup/mingyangjiang/EEGxPlore/LaBraM/checkpoints/seedv_labram_channel_bls01_a05_headwd01_s42_lr3e-4_b16_e40_test,True,False,registry_complete,True,False,False,native_channel,channel,42.0,,0.41866955315744614,0.27475051621111746,,0.4237795889275495,False,LaBraM/final_test.json:primary_test,True,True,True,False,True
LaBraM,SEED-V,seedv_labram_channel_bls01_a10_s42_lr3e-4_b16_e40_test,/panfs/accrepfs.vampire/data/neurogroup/mingyangjiang/EEGxPlore/LaBraM/checkpoints/seedv_labram_channel_bls01_a10_s42_lr3e-4_b16_e40_test,True,False,registry_complete,True,False,False,native_channel,channel,42.0,,0.40515001181083765,0.2576823917124622,,0.4095317232279821,False,LaBraM/final_test.json:primary_test,True,True,True,False,True
LaBraM,SEED-V,seedv_labram_channel_bls02_a05_adapterwd01_ld05_s42_lr3e-4_b16_e40_test,/panfs/accrepfs.vampire/data/neurogroup/mingyangjiang/EEGxPlore/LaBraM/checkpoints/seedv_labram_channel_bls02_a05_adapterwd01_ld05_s42_lr3e-4_b16_e40_test,True,False,registry_complete,True,False,False,native_channel,channel,42.0,,0.39071807816269777,0.23843426179613114,,0.39577046388653053,False,LaBraM/final_test.json:primary_test,True,True,True,False,True
LaBraM,SEED-V,seedv_labram_channel_bls02_a05_adapterwd01_s42_lr3e-4_b16_e40_test,/panfs/accrepfs.vampire/data/neurogroup/mingyangjiang/EEGxPlore/LaBraM/checkpoints/seedv_labram_channel_bls02_a05_adapterwd01_s42_lr3e-4_b16_e40_test,True,False,registry_complete,True,False,False,native_channel,channel,42.0,,0.4048492652147512,0.2552477171963313,,0.4085923524697287,False,LaBraM/final_test.json:primary_test,True,True,True,False,True
LaBraM,SEED-V,seedv_labram_channel_bls02_a05_adapterwd01_sm02_s42_lr3e-4_b16_e40_test,/panfs/accrepfs.vampire/data/neurogroup/mingyangjiang/EEGxPlore/LaBraM/checkpoints/seedv_labram_channel_bls02_a05_adapterwd01_sm02_s42_lr3e-4_b16_e40_test,True,False,registry_complete,True,False,False,native_channel,channel,42.0,,0.4125213454351041,0.2679894901153228,,0.4197287278947624,False,LaBraM/final_test.json:primary_test,True,True,True,False,True
LaBraM,SEED-V,seedv_labram_channel_final_bls01_a05_adapterwd01_s1024_lr3e-4_b16_e30_test,/panfs/accrepfs.vampire/data/neurogroup/mingyangjiang/EEGxPlore/LaBraM/checkpoints/seedv_labram_channel_final_bls01_a05_adapterwd01_s1024_lr3e-4_b16_e30_test,True,False,registry_complete,True,False,False,native_channel,channel,1024.0,,0.4045644828312519,0.25642735422686525,,0.41073174140281066,False,LaBraM/final_test.json:primary_test,True,True,True,False,True
LaBraM,SEED-V,seedv_labram_channel_final_bls01_a05_adapterwd01_s3407_lr3e-4_b16_e30_test,/panfs/accrepfs.vampire/data/neurogroup/mingyangjiang/EEGxPlore/LaBraM/checkpoints/seedv_labram_channel_final_bls01_a05_adapterwd01_s3407_lr3e-4_b16_e30_test,True,False,registry_complete,True,False,False,native_channel,channel,3407.0,,0.407642451348325,0.261256564550283,,0.4147683462207359,False,LaBraM/final_test.json:primary_test,True,True,True,False,True
LaBraM,SEED-V,seedv_labram_channel_final_bls01_a05_adapterwd01_s42_lr3e-4_b16_e30_test,/panfs/accrepfs.vampire/data/neurogroup/mingyangjiang/EEGxPlore/LaBraM/checkpoints/seedv_labram_channel_final_bls01_a05_adapterwd01_s42_lr3e-4_b16_e30_test,True,False,registry_complete,True,False,False,native_channel,channel,42.0,,0.41029385097507554,0.2641941654909168,,0.4170963827189188,False,LaBraM/final_test.json:primary_test,True,True,True,False,True
LaBraM,SEED-V,seedv_labram_dense_matched_s1024_lr3e-4_b16_e40_test,/panfs/accrepfs.vampire/data/neurogroup/mingyangjiang/EEGxPlore/LaBraM/checkpoints/seedv_labram_dense_matched_s1024_lr3e-4_b16_e40_test,True,False,registry_complete,True,False,False,dense,none,1024.0,,0.4145189373931017,0.26847559749934435,,0.42004061369634976,False,LaBraM/final_test.json:primary_test,True,True,True,False,True
LaBraM,SEED-V,seedv_labram_dense_matched_s3407_lr3e-4_b16_e40_test,/panfs/accrepfs.vampire/data/neurogroup/mingyangjiang/EEGxPlore/LaBraM/checkpoints/seedv_labram_dense_matched_s3407_lr3e-4_b16_e40_test,True,False,registry_complete,True,False,False,dense,none,3407.0,,0.40484616091822934,0.2526762224275886,,0.4035928333960459,False,LaBraM/final_test.json:primary_test,True,True,True,False,True
LaBraM,SEED-V,seedv_labram_frozen_channel_s42_b32_lr1e-4_e40_test,/panfs/accrepfs.vampire/data/neurogroup/mingyangjiang/EEGxPlore/LaBraM/checkpoints/seedv_labram_frozen_channel_s42_b32_lr1e-4_e40_test,True,False,registry_complete,True,False,False,frozen_native_channel,channel,42.0,,0.2988180795939128,0.12079413042353482,,0.29809038032073454,False,LaBraM/final_test.json:primary_test,True,True,True,False,True
LaBraM,SEED-V,seedv_labram_frozen_d1_channel_s1024_b32_headlr1e-3_e40_test,/panfs/accrepfs.vampire/data/neurogroup/mingyangjiang/EEGxPlore/LaBraM/checkpoints/seedv_labram_frozen_d1_channel_s1024_b32_headlr1e-3_e40_test,True,False,registry_complete,True,False,False,frozen_native_channel,channel,1024.0,,0.30435420233306915,0.12871015829963128,,0.3103765180163824,False,LaBraM/final_test.json:primary_test,True,True,True,False,True
LaBraM,SEED-V,seedv_labram_frozen_d1_channel_s3407_b32_headlr1e-3_e40_test,/panfs/accrepfs.vampire/data/neurogroup/mingyangjiang/EEGxPlore/LaBraM/checkpoints/seedv_labram_frozen_d1_channel_s3407_b32_headlr1e-3_e40_test,True,False,registry_complete,True,False,False,frozen_native_channel,channel,3407.0,,0.3041389432139551,0.1282648316641568,,0.30996170898745,False,LaBraM/final_test.json:primary_test,True,True,True,False,True
LaBraM,SEED-V,seedv_labram_frozen_d1_channel_s42_b32_headlr1e-3_e40_test,/panfs/accrepfs.vampire/data/neurogroup/mingyangjiang/EEGxPlore/LaBraM/checkpoints/seedv_labram_frozen_d1_channel_s42_b32_headlr1e-3_e40_test,True,False,registry_complete,True,False,False,frozen_native_channel,channel,42.0,,0.30372491255135836,0.1276031585496723,,0.3094503957442398,False,LaBraM/final_test.json:primary_test,True,True,True,False,True
LaBraM,SEED-V,seedv_labram_frozen_d1_none_s1024_b32_headlr1e-3_e40_test,/panfs/accrepfs.vampire/data/neurogroup/mingyangjiang/EEGxPlore/LaBraM/checkpoints/seedv_labram_frozen_d1_none_s1024_b32_headlr1e-3_e40_test,True,False,registry_complete,True,False,False,frozen_probe,none,1024.0,,0.24189148728039322,0.05756389992851385,,0.22820247647601807,False,LaBraM/final_test.json:primary_test,True,True,True,False,True
LaBraM,SEED-V,seedv_labram_frozen_d1_none_s3407_b32_headlr1e-3_e40_test,/panfs/accrepfs.vampire/data/neurogroup/mingyangjiang/EEGxPlore/LaBraM/checkpoints/seedv_labram_frozen_d1_none_s3407_b32_headlr1e-3_e40_test,True,False,registry_complete,True,False,False,frozen_probe,none,3407.0,,0.24185993110503742,0.05752981594416662,,0.22813867578076902,False,LaBraM/final_test.json:primary_test,True,True,True,False,True
LaBraM,SEED-V,seedv_labram_frozen_d1_none_s42_b32_headlr1e-3_e40_test,/panfs/accrepfs.vampire/data/neurogroup/mingyangjiang/EEGxPlore/LaBraM/checkpoints/seedv_labram_frozen_d1_none_s42_b32_headlr1e-3_e40_test,True,False,registry_complete,True,False,False,frozen_probe,none,42.0,,0.2417401542551399,0.05737666453792645,,0.22797734760602567,False,LaBraM/final_test.json:primary_test,True,True,True,False,True
LaBraM,SEED-V,seedv_labram_frozen_d1_patch_s1024_b32_headlr1e-3_e40_test,/panfs/accrepfs.vampire/data/neurogroup/mingyangjiang/EEGxPlore/LaBraM/checkpoints/seedv_labram_frozen_d1_patch_s1024_b32_headlr1e-3_e40_test,True,False,registry_complete,True,False,False,frozen_native_patch,patch,1024.0,,0.24402282138803377,0.05990423699904235,,0.23788289045510252,False,LaBraM/final_test.json:primary_test,True,True,True,False,True
LaBraM,SEED-V,seedv_labram_frozen_d1_patch_s3407_b32_headlr1e-3_e40_test,/panfs/accrepfs.vampire/data/neurogroup/mingyangjiang/EEGxPlore/LaBraM/checkpoints/seedv_labram_frozen_d1_patch_s3407_b32_headlr1e-3_e40_test,True,False,registry_complete,True,False,False,frozen_native_patch,patch,3407.0,,0.24393954071967405,0.05979110163919077,,0.2377630210333066,False,LaBraM/final_test.json:primary_test,True,True,True,False,True
LaBraM,SEED-V,seedv_labram_frozen_d1_patch_s42_b32_headlr1e-3_e40_test,/panfs/accrepfs.vampire/data/neurogroup/mingyangjiang/EEGxPlore/LaBraM/checkpoints/seedv_labram_frozen_d1_patch_s42_b32_headlr1e-3_e40_test,True,False,registry_complete,True,False,False,frozen_native_patch,patch,42.0,,0.24398288313433522,0.0598451643610608,,0.23782655977387793,False,LaBraM/final_test.json:primary_test,True,True,True,False,True
LaBraM,SEED-V,seedv_labram_frozen_dense_d0_s42_b32_lr1e-4_e40_val,/panfs/accrepfs.vampire/data/neurogroup/mingyangjiang/EEGxPlore/LaBraM/checkpoints/seedv_labram_frozen_dense_d0_s42_b32_lr1e-4_e40_val,False,,incomplete_training_or_missing_final_test,False,False,False,unknown,none,42.0,,,,,,False,LaBraM/final_test.json:primary_test,True,True,True,False,False
LaBraM,SEED-V,seedv_labram_frozen_dense_d1_s42_b32_headlr1e-3_e40_val,/panfs/accrepfs.vampire/data/neurogroup/mingyangjiang/EEGxPlore/LaBraM/checkpoints/seedv_labram_frozen_dense_d1_s42_b32_headlr1e-3_e40_val,False,,incomplete_training_or_missing_final_test,False,False,False,unknown,none,42.0,,,,,,False,LaBraM/final_test.json:primary_test,True,True,True,False,False
LaBraM,SEED-V,seedv_labram_frozen_none_s42_b32_lr1e-4_e40_test,/panfs/accrepfs.vampire/data/neurogroup/mingyangjiang/EEGxPlore/LaBraM/checkpoints/seedv_labram_frozen_none_s42_b32_lr1e-4_e40_test,True,False,registry_complete,True,False,False,frozen_probe,none,42.0,,0.2000585023400936,9.377909071073276e-05,,0.08886278247463651,False,LaBraM/final_test.json:primary_test,True,True,True,False,True
LaBraM,SEED-V,seedv_labram_frozen_patch_s42_b32_lr1e-4_e40_test,/panfs/accrepfs.vampire/data/neurogroup/mingyangjiang/EEGxPlore/LaBraM/checkpoints/seedv_labram_frozen_patch_s42_b32_lr1e-4_e40_test,True,False,registry_complete,True,False,False,frozen_native_patch,patch,42.0,,0.20639636298327696,0.0088217598845729,,0.13068230768011715,False,LaBraM/final_test.json:primary_test,True,True,True,False,True
LaBraM,SEED-V,seedv_labram_full_channel_bestlr3e-4_s42_b16_e40_test,/panfs/accrepfs.vampire/data/neurogroup/mingyangjiang/EEGxPlore/LaBraM/checkpoints/seedv_labram_full_channel_bestlr3e-4_s42_b16_e40_test,True,False,registry_complete,True,False,False,native_channel,channel,42.0,,0.40604414938079286,0.2546044355903485,,0.4079573371140363,False,LaBraM/final_test.json:primary_test,True,True,True,False,True
LaBraM,SEED-V,seedv_labram_full_none_bestlr3e-4_s42_b16_e40_test,/panfs/accrepfs.vampire/data/neurogroup/mingyangjiang/EEGxPlore/LaBraM/checkpoints/seedv_labram_full_none_bestlr3e-4_s42_b16_e40_test,True,False,registry_complete,True,False,False,dense,none,42.0,,0.40231714667678153,0.2505057270944647,,0.40486375606960295,False,LaBraM/final_test.json:primary_test,True,True,True,False,True
LaBraM,SEED-V,seedv_lr3em4_dense_1gpu_3405043_s1024,/panfs/accrepfs.vampire/data/neurogroup/mingyangjiang/EEGxPlore/LaBraM/checkpoints/seedv_lr3em4_dense_1gpu_3405043_s1024,False,,incomplete_training_or_missing_final_test,False,False,False,unknown,none,1024.0,,,,,,False,LaBraM/final_test.json:primary_test,True,True,True,False,False
LaBraM,SEED-V,seedv_lr3em4_dense_1gpu_3405043_s3407,/panfs/accrepfs.vampire/data/neurogroup/mingyangjiang/EEGxPlore/LaBraM/checkpoints/seedv_lr3em4_dense_1gpu_3405043_s3407,False,,incomplete_training_or_missing_final_test,False,False,False,unknown,none,3407.0,,,,,,False,LaBraM/final_test.json:primary_test,True,True,True,False,False
LaBraM,SEED-V,seedv_lr3em4_dense_1gpu_3405043_s42,/panfs/accrepfs.vampire/data/neurogroup/mingyangjiang/EEGxPlore/LaBraM/checkpoints/seedv_lr3em4_dense_1gpu_3405043_s42,False,,incomplete_training_or_missing_final_test,False,False,False,unknown,none,42.0,,,,,,False,LaBraM/final_test.json:primary_test,True,True,True,False,False
LaBraM,SEED-V,seedv_lr3em4_patch_corefast_1gpu_3405043_s1024,/panfs/accrepfs.vampire/data/neurogroup/mingyangjiang/EEGxPlore/LaBraM/checkpoints/seedv_lr3em4_patch_corefast_1gpu_3405043_s1024,False,,incomplete_training_or_missing_final_test,False,False,False,unknown,patch,1024.0,,,,,,False,LaBraM/final_test.json:primary_test,True,True,True,False,False
LaBraM,SEED-V,seedv_lr3em4_patch_corefast_1gpu_3405043_s3407,/panfs/accrepfs.vampire/data/neurogroup/mingyangjiang/EEGxPlore/LaBraM/checkpoints/seedv_lr3em4_patch_corefast_1gpu_3405043_s3407,False,,incomplete_training_or_missing_final_test,False,False,False,unknown,patch,3407.0,,,,,,False,LaBraM/final_test.json:primary_test,True,True,True,False,False
LaBraM,SEED-V,seedv_lr3em4_patch_corefast_1gpu_3405043_s42,/panfs/accrepfs.vampire/data/neurogroup/mingyangjiang/EEGxPlore/LaBraM/checkpoints/seedv_lr3em4_patch_corefast_1gpu_3405043_s42,False,,incomplete_training_or_missing_final_test,False,False,False,unknown,patch,42.0,,,,,,False,LaBraM/final_test.json:primary_test,True,True,True,False,False
LaBraM,SEED-V,seedv_lr3em5_dense_1gpu_3405043_s1024,/panfs/accrepfs.vampire/data/neurogroup/mingyangjiang/EEGxPlore/LaBraM/checkpoints/seedv_lr3em5_dense_1gpu_3405043_s1024,False,,incomplete_training_or_missing_final_test,False,False,False,unknown,none,1024.0,,,,,,False,LaBraM/final_test.json:primary_test,True,True,True,False,False
LaBraM,SEED-V,seedv_lr3em5_patch_corefast_1gpu_3405043_s1024,/panfs/accrepfs.vampire/data/neurogroup/mingyangjiang/EEGxPlore/LaBraM/checkpoints/seedv_lr3em5_patch_corefast_1gpu_3405043_s1024,False,,incomplete_training_or_missing_final_test,False,False,False,unknown,patch,1024.0,,,,,,False,LaBraM/final_test.json:primary_test,True,True,True,False,False
LaBraM,SEED-V,seedv_lr3em5_patch_corefast_1gpu_3405043_s42,/panfs/accrepfs.vampire/data/neurogroup/mingyangjiang/EEGxPlore/LaBraM/checkpoints/seedv_lr3em5_patch_corefast_1gpu_3405043_s42,False,,incomplete_training_or_missing_final_test,False,False,False,unknown,patch,42.0,,,,,,False,LaBraM/final_test.json:primary_test,True,True,True,False,False
LaBraM,SEED-V,seedv_lr5em4_dense_1gpu_3405043_s3407,/panfs/accrepfs.vampire/data/neurogroup/mingyangjiang/EEGxPlore/LaBraM/checkpoints/seedv_lr5em4_dense_1gpu_3405043_s3407,False,,incomplete_training_or_missing_final_test,False,False,False,unknown,none,3407.0,,,,,,False,LaBraM/final_test.json:primary_test,True,True,True,False,False
LaBraM,SEED-V,seedv_lr5em4_dense_1gpu_3405043_s42,/panfs/accrepfs.vampire/data/neurogroup/mingyangjiang/EEGxPlore/LaBraM/checkpoints/seedv_lr5em4_dense_1gpu_3405043_s42,False,,incomplete_training_or_missing_final_test,False,False,False,unknown,none,42.0,,,,,,False,LaBraM/final_test.json:primary_test,True,True,True,False,False
LaBraM,SEED-V,seedv_lr5em4_patch_corefast_1gpu_3405043_s1024,/panfs/accrepfs.vampire/data/neurogroup/mingyangjiang/EEGxPlore/LaBraM/checkpoints/seedv_lr5em4_patch_corefast_1gpu_3405043_s1024,False,,incomplete_training_or_missing_final_test,False,False,False,unknown,patch,1024.0,,,,,,False,LaBraM/final_test.json:primary_test,True,True,True,False,False
LaBraM,SEED-V,seedv_lr5em4_patch_corefast_1gpu_3405043_s42,/panfs/accrepfs.vampire/data/neurogroup/mingyangjiang/EEGxPlore/LaBraM/checkpoints/seedv_lr5em4_patch_corefast_1gpu_3405043_s42,False,,incomplete_training_or_missing_final_test,False,False,False,unknown,patch,42.0,,,,,,False,LaBraM/final_test.json:primary_test,True,True,True,False,False
LaBraM,SEED-V,seedv_lr7em4_dense_1gpu_3405043_s1024,/panfs/accrepfs.vampire/data/neurogroup/mingyangjiang/EEGxPlore/LaBraM/checkpoints/seedv_lr7em4_dense_1gpu_3405043_s1024,False,,incomplete_training_or_missing_final_test,False,False,False,unknown,none,1024.0,,,,,,False,LaBraM/final_test.json:primary_test,True,True,True,False,False
LaBraM,SEED-V,seedv_lr7em4_patch_corefast_1gpu_3405043_s1024,/panfs/accrepfs.vampire/data/neurogroup/mingyangjiang/EEGxPlore/LaBraM/checkpoints/seedv_lr7em4_patch_corefast_1gpu_3405043_s1024,False,,incomplete_training_or_missing_final_test,False,False,False,unknown,patch,1024.0,,,,,,False,LaBraM/final_test.json:primary_test,True,True,True,False,False
LaBraM,SEED-V,seedv_lr7em4_patch_corefast_1gpu_3405043_s42,/panfs/accrepfs.vampire/data/neurogroup/mingyangjiang/EEGxPlore/LaBraM/checkpoints/seedv_lr7em4_patch_corefast_1gpu_3405043_s42,False,,incomplete_training_or_missing_final_test,False,False,False,unknown,patch,42.0,,,,,,False,LaBraM/final_test.json:primary_test,True,True,True,False,False
LaBraM,SEED-V,seedv_lr9em4_dense_1gpu_3405043_s1024,/panfs/accrepfs.vampire/data/neurogroup/mingyangjiang/EEGxPlore/LaBraM/checkpoints/seedv_lr9em4_dense_1gpu_3405043_s1024,False,,incomplete_training_or_missing_final_test,False,False,False,unknown,none,1024.0,,,,,,False,LaBraM/final_test.json:primary_test,True,True,True,False,False
LaBraM,SEED-V,seedv_lr9em4_dense_1gpu_3405043_s3407,/panfs/accrepfs.vampire/data/neurogroup/mingyangjiang/EEGxPlore/LaBraM/checkpoints/seedv_lr9em4_dense_1gpu_3405043_s3407,False,,incomplete_training_or_missing_final_test,False,False,False,unknown,none,3407.0,,,,,,False,LaBraM/final_test.json:primary_test,True,True,True,False,False
LaBraM,SEED-V,seedv_lr9em4_dense_1gpu_3405043_s42,/panfs/accrepfs.vampire/data/neurogroup/mingyangjiang/EEGxPlore/LaBraM/checkpoints/seedv_lr9em4_dense_1gpu_3405043_s42,False,,incomplete_training_or_missing_final_test,False,False,False,unknown,none,42.0,,,,,,False,LaBraM/final_test.json:primary_test,True,True,True,False,False
LaBraM,SEED-V,seedv_mapped_dense_f38654c_s1024,/panfs/accrepfs.vampire/data/neurogroup/mingyangjiang/EEGxPlore/LaBraM/checkpoints/seedv_mapped_dense_f38654c_s1024,False,,empty_or_unresolved,False,False,False,unknown,none,1024.0,,,,,,False,LaBraM/final_test.json:primary_test,False,False,False,False,False
LaBraM,SEED-V,seedv_mapped_dense_f38654c_s3407,/panfs/accrepfs.vampire/data/neurogroup/mingyangjiang/EEGxPlore/LaBraM/checkpoints/seedv_mapped_dense_f38654c_s3407,False,,empty_or_unresolved,False,False,False,unknown,none,3407.0,,,,,,False,LaBraM/final_test.json:primary_test,False,False,False,False,False
LaBraM,SEED-V,seedv_mapped_dense_f38654c_s42,/panfs/accrepfs.vampire/data/neurogroup/mingyangjiang/EEGxPlore/LaBraM/checkpoints/seedv_mapped_dense_f38654c_s42,False,,empty_or_unresolved,False,False,False,unknown,none,42.0,,,,,,False,LaBraM/final_test.json:primary_test,False,False,False,False,False
LaBraM,SEED-V,seedv_mapped_patch_f38654c_s42,/panfs/accrepfs.vampire/data/neurogroup/mingyangjiang/EEGxPlore/LaBraM/checkpoints/seedv_mapped_patch_f38654c_s42,False,,incomplete_training_or_missing_final_test,False,False,False,unknown,patch,42.0,,,,,,False,LaBraM/final_test.json:primary_test,True,True,True,False,False
LaBraM,SEED-V,seedv_native_dense_lr1e4_b64_e40_s1024,/panfs/accrepfs.vampire/data/neurogroup/mingyangjiang/EEGxPlore/LaBraM/checkpoints/seedv_native_dense_lr1e4_b64_e40_s1024,False,,incomplete_training_or_missing_final_test,False,False,False,unknown,none,1024.0,,,,,,False,LaBraM/final_test.json:primary_test,True,True,True,False,False
LaBraM,SEED-V,seedv_native_dense_lr1e4_b64_e40_s3407,/panfs/accrepfs.vampire/data/neurogroup/mingyangjiang/EEGxPlore/LaBraM/checkpoints/seedv_native_dense_lr1e4_b64_e40_s3407,False,,incomplete_training_or_missing_final_test,False,False,False,unknown,none,3407.0,,,,,,False,LaBraM/final_test.json:primary_test,True,True,True,False,False
LaBraM,SEED-V,seedv_native_dense_lr1e4_b64_e40_s42,/panfs/accrepfs.vampire/data/neurogroup/mingyangjiang/EEGxPlore/LaBraM/checkpoints/seedv_native_dense_lr1e4_b64_e40_s42,False,,incomplete_training_or_missing_final_test,False,False,False,unknown,none,42.0,,,,,,False,LaBraM/final_test.json:primary_test,True,True,True,False,False
LaBraM,SEED-V,seedv_native_dense_scaledfix_lr1e4_b64_e40_s1024,/panfs/accrepfs.vampire/data/neurogroup/mingyangjiang/EEGxPlore/LaBraM/checkpoints/seedv_native_dense_scaledfix_lr1e4_b64_e40_s1024,False,,incomplete_training_or_missing_final_test,False,False,False,unknown,none,1024.0,,,,,,False,LaBraM/final_test.json:primary_test,True,True,True,False,False
LaBraM,SEED-V,seedv_native_dense_scaledfix_lr1e4_b64_e40_s3407,/panfs/accrepfs.vampire/data/neurogroup/mingyangjiang/EEGxPlore/LaBraM/checkpoints/seedv_native_dense_scaledfix_lr1e4_b64_e40_s3407,False,,incomplete_training_or_missing_final_test,False,False,False,unknown,none,3407.0,,,,,,False,LaBraM/final_test.json:primary_test,True,True,True,False,False
LaBraM,SEED-V,seedv_native_dense_scaledfix_lr1e4_b64_e40_s42,/panfs/accrepfs.vampire/data/neurogroup/mingyangjiang/EEGxPlore/LaBraM/checkpoints/seedv_native_dense_scaledfix_lr1e4_b64_e40_s42,False,,incomplete_training_or_missing_final_test,False,False,False,unknown,none,42.0,,,,,,False,LaBraM/final_test.json:primary_test,True,True,True,False,False
LaBraM,SEED-V,seedv_native_patch_lr1e4_b64_e40_s1024,/panfs/accrepfs.vampire/data/neurogroup/mingyangjiang/EEGxPlore/LaBraM/checkpoints/seedv_native_patch_lr1e4_b64_e40_s1024,False,,incomplete_training_or_missing_final_test,False,False,False,unknown,patch,1024.0,,,,,,False,LaBraM/final_test.json:primary_test,True,True,True,False,False
LaBraM,SEED-V,seedv_native_patch_lr1e4_b64_e40_s3407,/panfs/accrepfs.vampire/data/neurogroup/mingyangjiang/EEGxPlore/LaBraM/checkpoints/seedv_native_patch_lr1e4_b64_e40_s3407,False,,incomplete_training_or_missing_final_test,False,False,False,unknown,patch,3407.0,,,,,,False,LaBraM/final_test.json:primary_test,True,True,True,False,False
LaBraM,SEED-V,seedv_native_patch_lr1e4_b64_e40_s42,/panfs/accrepfs.vampire/data/neurogroup/mingyangjiang/EEGxPlore/LaBraM/checkpoints/seedv_native_patch_lr1e4_b64_e40_s42,False,,incomplete_training_or_missing_final_test,False,False,False,unknown,patch,42.0,,,,,,False,LaBraM/final_test.json:primary_test,True,True,True,False,False
LaBraM,SEED-V,seedv_screen_alphafast_1gpu_3405043_s3407,/panfs/accrepfs.vampire/data/neurogroup/mingyangjiang/EEGxPlore/LaBraM/checkpoints/seedv_screen_alphafast_1gpu_3405043_s3407,False,,incomplete_training_or_missing_final_test,False,False,False,unknown,patch,3407.0,,,,,,False,LaBraM/final_test.json:primary_test,True,True,True,False,False
LaBraM,SEED-V,seedv_screen_bothfast_1gpu_3405043_s3407,/panfs/accrepfs.vampire/data/neurogroup/mingyangjiang/EEGxPlore/LaBraM/checkpoints/seedv_screen_bothfast_1gpu_3405043_s3407,False,,incomplete_training_or_missing_final_test,False,False,False,unknown,patch,3407.0,,,,,,False,LaBraM/final_test.json:primary_test,True,True,True,False,False
LaBraM,SEED-V,seedv_screen_corefast_1gpu_3405043_s3407,/panfs/accrepfs.vampire/data/neurogroup/mingyangjiang/EEGxPlore/LaBraM/checkpoints/seedv_screen_corefast_1gpu_3405043_s3407,False,,incomplete_training_or_missing_final_test,False,False,False,unknown,patch,3407.0,,,,,,False,LaBraM/final_test.json:primary_test,True,True,True,False,False
LaBraM,TUEV,tuev_labram_axis_blind_b213_s1024_b64_lr5e-4_e15_scale100,/panfs/accrepfs.vampire/data/neurogroup/mingyangjiang/EEGxPlore/LaBraM/checkpoints/tuev_labram_axis_blind_b213_s1024_b64_lr5e-4_e15_scale100,True,True,registry_complete,True,False,False,axis_blind,generic_token_control,1024.0,,0.4297489266835283,0.5260672304345931,0.4322124881313854,0.751857384315639,True,LaBraM/final_test.json:primary_test,True,True,True,False,True
LaBraM,TUEV,tuev_labram_axis_blind_b213_s3407_b64_lr5e-4_e15_scale100,/panfs/accrepfs.vampire/data/neurogroup/mingyangjiang/EEGxPlore/LaBraM/checkpoints/tuev_labram_axis_blind_b213_s3407_b64_lr5e-4_e15_scale100,True,True,registry_complete,True,False,False,axis_blind,generic_token_control,3407.0,,0.43082288210020714,0.5260089006630086,0.4325061950140919,0.7517128976491558,True,LaBraM/final_test.json:primary_test,True,True,True,False,True
LaBraM,TUEV,tuev_labram_axis_blind_b213_s42_b64_lr5e-4_e15_scale100,/panfs/accrepfs.vampire/data/neurogroup/mingyangjiang/EEGxPlore/LaBraM/checkpoints/tuev_labram_axis_blind_b213_s42_b64_lr5e-4_e15_scale100,True,True,registry_complete,True,False,False,axis_blind,generic_token_control,42.0,,0.4316529581471065,0.5286269743140721,0.4340075367913332,0.7532389595752711,True,LaBraM/final_test.json:primary_test,True,True,True,False,True
LaBraM,TUEV,tuev_labram_dense_15ep_dp20_s42_b64_scale100,/panfs/accrepfs.vampire/data/neurogroup/mingyangjiang/EEGxPlore/LaBraM/checkpoints/tuev_labram_dense_15ep_dp20_s42_b64_scale100,True,True,registry_complete,True,False,False,dense,none,42.0,,0.6061168414490288,0.5704621257151221,0.5610207004378795,0.7788502935784166,True,LaBraM/final_test.json:primary_test,True,True,True,False,True
LaBraM,TUEV,tuev_labram_dense_15ep_raw_s42_b64_scale100,/panfs/accrepfs.vampire/data/neurogroup/mingyangjiang/EEGxPlore/LaBraM/checkpoints/tuev_labram_dense_15ep_raw_s42_b64_scale100,True,True,registry_complete,True,False,False,dense,none,42.0,,0.6014953168632365,0.5743250428713349,0.5387430107280756,0.7765912571213209,True,LaBraM/final_test.json:primary_test,True,True,True,False,True
LaBraM,TUEV,tuev_labram_dense_faithful_lr5e4_s42_b64_e40_scale100,/panfs/accrepfs.vampire/data/neurogroup/mingyangjiang/EEGxPlore/LaBraM/checkpoints/tuev_labram_dense_faithful_lr5e4_s42_b64_e40_scale100,False,,incomplete_training_or_missing_final_test,False,False,False,unknown,none,42.0,,,,,,False,LaBraM/final_test.json:primary_test,True,True,True,False,False
LaBraM,TUEV,tuev_labram_dense_lr1e3_s42_b64_e25_scale100,/panfs/accrepfs.vampire/data/neurogroup/mingyangjiang/EEGxPlore/LaBraM/checkpoints/tuev_labram_dense_lr1e3_s42_b64_e25_scale100,True,True,registry_complete,True,False,False,dense,none,42.0,,0.5925477855979596,0.5931820223255871,0.5456438209573528,0.7898020452279113,True,LaBraM/final_test.json:primary_test,True,True,True,False,True
LaBraM,TUEV,tuev_labram_dense_lr1e4_s42_b64_e25_scale100,/panfs/accrepfs.vampire/data/neurogroup/mingyangjiang/EEGxPlore/LaBraM/checkpoints/tuev_labram_dense_lr1e4_s42_b64_e25_scale100,True,True,registry_complete,True,False,False,dense,none,42.0,,0.5734334976773591,0.5517768827295009,0.5336285131913248,0.7665913180896053,True,LaBraM/final_test.json:primary_test,True,True,True,False,True
LaBraM,TUEV,tuev_labram_dense_lr2p5e4_s42_b64_e25_scale100,/panfs/accrepfs.vampire/data/neurogroup/mingyangjiang/EEGxPlore/LaBraM/checkpoints/tuev_labram_dense_lr2p5e4_s42_b64_e25_scale100,True,True,registry_complete,True,False,False,dense,none,42.0,,0.5987743618152771,0.5700258783283444,0.5380050641841692,0.7767030443789315,True,LaBraM/final_test.json:primary_test,True,True,True,False,True
LaBraM,TUEV,tuev_labram_dense_lr5e4_s42_b64_e25_scale100,/panfs/accrepfs.vampire/data/neurogroup/mingyangjiang/EEGxPlore/LaBraM/checkpoints/tuev_labram_dense_lr5e4_s42_b64_e25_scale100,True,True,registry_complete,True,False,False,dense,none,42.0,,0.6014953168632365,0.5743250428713349,0.5387430107280756,0.7765912571213209,True,LaBraM/final_test.json:primary_test,True,True,True,False,True
LaBraM,TUEV,tuev_labram_dense_reg_dp20_s42_b64_e25_scale100,/panfs/accrepfs.vampire/data/neurogroup/mingyangjiang/EEGxPlore/LaBraM/checkpoints/tuev_labram_dense_reg_dp20_s42_b64_e25_scale100,True,True,registry_complete,True,False,False,dense,none,42.0,,0.6061168414490288,0.5704621257151221,0.5610207004378795,0.7788502935784166,True,LaBraM/final_test.json:primary_test,True,True,True,False,True
LaBraM,TUEV,tuev_labram_dense_reg_wd10_s42_b64_e25_scale100,/panfs/accrepfs.vampire/data/neurogroup/mingyangjiang/EEGxPlore/LaBraM/checkpoints/tuev_labram_dense_reg_wd10_s42_b64_e25_scale100,True,True,registry_complete,True,False,False,dense,none,42.0,,0.6076382660485945,0.601241765304149,0.551571051327555,0.7936744054133563,True,LaBraM/final_test.json:primary_test,True,True,True,False,True
LaBraM,TUEV,tuev_labram_dense_reg_wd10dp20_s42_b64_e25_scale100,/panfs/accrepfs.vampire/data/neurogroup/mingyangjiang/EEGxPlore/LaBraM/checkpoints/tuev_labram_dense_reg_wd10dp20_s42_b64_e25_scale100,True,True,registry_complete,True,False,False,dense,none,42.0,,0.5750137173217001,0.6198502743104091,0.5328069596267826,0.8021591530888922,True,LaBraM/final_test.json:primary_test,True,True,True,False,True
LaBraM,TUEV,tuev_labram_dense_reg_wd10dp20sm20_s42_b64_e25_scale100,/panfs/accrepfs.vampire/data/neurogroup/mingyangjiang/EEGxPlore/LaBraM/checkpoints/tuev_labram_dense_reg_wd10dp20sm20_s42_b64_e25_scale100,True,True,registry_complete,True,False,False,dense,none,42.0,,0.5773318954054562,0.6230753962003932,0.547578747542304,0.8023089107208937,True,LaBraM/final_test.json:primary_test,True,True,True,False,True
LaBraM,TUEV,tuev_labram_dense_smoke_audit_s42_b16_e1_scale100,/panfs/accrepfs.vampire/data/neurogroup/mingyangjiang/EEGxPlore/LaBraM/checkpoints/tuev_labram_dense_smoke_audit_s42_b16_e1_scale100,False,,audit_or_smoke,False,True,False,unknown,none,42.0,,,,,,False,LaBraM/final_test.json:primary_test,True,False,False,False,False
LaBraM,TUEV,tuev_labram_dense_smoke_audit_s42_b64_e1_scale100,/panfs/accrepfs.vampire/data/neurogroup/mingyangjiang/EEGxPlore/LaBraM/checkpoints/tuev_labram_dense_smoke_audit_s42_b64_e1_scale100,True,True,registry_complete,True,True,False,dense,none,42.0,,0.6105291842054572,0.5442123398795365,0.561517399175521,0.7609866119531656,True,LaBraM/final_test.json:primary_test,True,True,True,False,True
LaBraM,TUEV,tuev_labram_frozen_axis_decomposed_mlp_s1024_b106_lr5e-4_b64_e15_scale100,/panfs/accrepfs.vampire/data/neurogroup/mingyangjiang/EEGxPlore/LaBraM/checkpoints/tuev_labram_frozen_axis_decomposed_mlp_s1024_b106_lr5e-4_b64_e15_scale100,False,,supplemental_operator_audit,True,False,True,axis_decomposed_mlp,channel_patch,1024.0,,0.43477952371508416,0.5282015880379327,0.43697480806962713,0.7534524673300231,True,LaBraM/final_test.json:primary_test,True,True,True,False,True
LaBraM,TUEV,tuev_labram_frozen_axis_decomposed_mlp_s3407_b106_lr5e-4_b64_e15_scale100,/panfs/accrepfs.vampire/data/neurogroup/mingyangjiang/EEGxPlore/LaBraM/checkpoints/tuev_labram_frozen_axis_decomposed_mlp_s3407_b106_lr5e-4_b64_e15_scale100,False,,supplemental_operator_audit,True,False,True,axis_decomposed_mlp,channel_patch,3407.0,,0.4301253096193087,0.5372828289803946,0.4329095984758837,0.7578671914126424,True,LaBraM/final_test.json:primary_test,True,True,True,False,True
LaBraM,TUEV,tuev_labram_frozen_axis_decomposed_mlp_s42_b106_lr5e-4_b64_e15_scale100,/panfs/accrepfs.vampire/data/neurogroup/mingyangjiang/EEGxPlore/LaBraM/checkpoints/tuev_labram_frozen_axis_decomposed_mlp_s42_b106_lr5e-4_b64_e15_scale100,False,,supplemental_operator_audit,True,False,True,axis_decomposed_mlp,channel_patch,42.0,,0.42832355896489904,0.5309847905620203,0.431035339481725,0.7545743425170295,True,LaBraM/final_test.json:primary_test,True,True,True,False,True
LaBraM,TUEV,tuev_labram_frozen_channel_lr5e-4_s1024_b64_e15_scale100,/panfs/accrepfs.vampire/data/neurogroup/mingyangjiang/EEGxPlore/LaBraM/checkpoints/tuev_labram_frozen_channel_lr5e-4_s1024_b64_e15_scale100,True,True,registry_complete,True,False,False,frozen_native_channel,channel,1024.0,,0.4154078220257804,0.4829673290067068,0.3869531252779118,0.7248009185381545,True,LaBraM/final_test.json:primary_test,True,True,True,False,True
LaBraM,TUEV,tuev_labram_frozen_channel_lr5e-4_s3407_b64_e15_scale100,/panfs/accrepfs.vampire/data/neurogroup/mingyangjiang/EEGxPlore/LaBraM/checkpoints/tuev_labram_frozen_channel_lr5e-4_s3407_b64_e15_scale100,True,True,registry_complete,True,False,False,frozen_native_channel,channel,3407.0,,0.42933198222716656,0.42499385484122976,0.3941153570066772,0.6888490552494598,True,LaBraM/final_test.json:primary_test,True,True,True,False,True
LaBraM,TUEV,tuev_labram_frozen_channel_lr5e-4_s42_b64_e15_scale100,/panfs/accrepfs.vampire/data/neurogroup/mingyangjiang/EEGxPlore/LaBraM/checkpoints/tuev_labram_frozen_channel_lr5e-4_s42_b64_e15_scale100,True,True,registry_complete,True,False,False,frozen_native_channel,channel,42.0,,0.4521834354068331,0.4726116949612613,0.44647163687881647,0.7247374136712004,True,LaBraM/final_test.json:primary_test,True,True,True,False,True
LaBraM,TUEV,tuev_labram_frozen_channel_patch_lr5e-4_s1024_b64_e15_scale100,/panfs/accrepfs.vampire/data/neurogroup/mingyangjiang/EEGxPlore/LaBraM/checkpoints/tuev_labram_frozen_channel_patch_lr5e-4_s1024_b64_e15_scale100,True,True,registry_complete,True,False,False,frozen_native_channel_patch,channel_patch,1024.0,,0.3806402643698943,0.45672501143136013,0.34482653756768783,0.7089334400412954,True,LaBraM/final_test.json:primary_test,True,True,True,False,True
LaBraM,TUEV,tuev_labram_frozen_channel_patch_lr5e-4_s3407_b64_e15_scale100,/panfs/accrepfs.vampire/data/neurogroup/mingyangjiang/EEGxPlore/LaBraM/checkpoints/tuev_labram_frozen_channel_patch_lr5e-4_s3407_b64_e15_scale100,True,True,registry_complete,True,False,False,frozen_native_channel_patch,channel_patch,3407.0,,0.3815180323887642,0.41657264005542294,0.362165342745402,0.6896527708113209,True,LaBraM/final_test.json:primary_test,True,True,True,False,True
LaBraM,TUEV,tuev_labram_frozen_channel_patch_lr5e-4_s42_b64_e15_scale100,/panfs/accrepfs.vampire/data/neurogroup/mingyangjiang/EEGxPlore/LaBraM/checkpoints/tuev_labram_frozen_channel_patch_lr5e-4_s42_b64_e15_scale100,True,True,registry_complete,True,False,False,frozen_native_channel_patch,channel_patch,42.0,,0.41266905925860636,0.5104404149071955,0.3958836938024674,0.7408350916780715,True,LaBraM/final_test.json:primary_test,True,True,True,False,True
LaBraM,TUEV,tuev_labram_frozen_dense_lr5e-4_s1024_b64_e15_scale100,/panfs/accrepfs.vampire/data/neurogroup/mingyangjiang/EEGxPlore/LaBraM/checkpoints/tuev_labram_frozen_dense_lr5e-4_s1024_b64_e15_scale100,True,True,registry_complete,True,False,False,frozen_probe,none,1024.0,,0.3657863675540372,0.44681521755643017,0.3483298279386331,0.7084236754238097,True,LaBraM/final_test.json:primary_test,True,True,True,False,True
LaBraM,TUEV,tuev_labram_frozen_dense_lr5e-4_s3407_b64_e15_scale100,/panfs/accrepfs.vampire/data/neurogroup/mingyangjiang/EEGxPlore/LaBraM/checkpoints/tuev_labram_frozen_dense_lr5e-4_s3407_b64_e15_scale100,True,True,registry_complete,True,False,False,frozen_probe,none,3407.0,,0.3657863675540372,0.44681521755643017,0.3483298279386331,0.7084236754238097,True,LaBraM/final_test.json:primary_test,True,True,True,False,True
LaBraM,TUEV,tuev_labram_frozen_dense_lr5e-4_s42_b64_e15_scale100,/panfs/accrepfs.vampire/data/neurogroup/mingyangjiang/EEGxPlore/LaBraM/checkpoints/tuev_labram_frozen_dense_lr5e-4_s42_b64_e15_scale100,True,True,registry_complete,True,False,False,frozen_probe,none,42.0,,0.3657863675540372,0.44681521755643017,0.3483298279386331,0.7084236754238097,True,LaBraM/final_test.json:primary_test,True,True,True,False,True
LaBraM,TUEV,tuev_labram_frozen_patch_lr5e-4_s1024_b64_e15_scale100,/panfs/accrepfs.vampire/data/neurogroup/mingyangjiang/EEGxPlore/LaBraM/checkpoints/tuev_labram_frozen_patch_lr5e-4_s1024_b64_e15_scale100,True,True,registry_complete,True,False,False,frozen_native_patch,patch,1024.0,,0.3947483728958548,0.5010763417059159,0.38146299707016534,0.7382778969362866,True,LaBraM/final_test.json:primary_test,True,True,True,False,True
LaBraM,TUEV,tuev_labram_frozen_patch_lr5e-4_s3407_b64_e15_scale100,/panfs/accrepfs.vampire/data/neurogroup/mingyangjiang/EEGxPlore/LaBraM/checkpoints/tuev_labram_frozen_patch_lr5e-4_s3407_b64_e15_scale100,True,True,registry_complete,True,False,False,frozen_native_patch,patch,3407.0,,0.41867457464451907,0.4860200031127988,0.4108647034931207,0.7299285255408341,True,LaBraM/final_test.json:primary_test,True,True,True,False,True
LaBraM,TUEV,tuev_labram_frozen_patch_lr5e-4_s42_b64_e15_scale100,/panfs/accrepfs.vampire/data/neurogroup/mingyangjiang/EEGxPlore/LaBraM/checkpoints/tuev_labram_frozen_patch_lr5e-4_s42_b64_e15_scale100,True,True,registry_complete,True,False,False,frozen_native_patch,patch,42.0,,0.3828483756804982,0.48493135105386387,0.3626813596916463,0.7284932789053812,True,LaBraM/final_test.json:primary_test,True,True,True,False,True
LaBraM,TUEV,tuev_labram_full_dense_lr5e-4_s1024_b64_e15_scale100,/panfs/accrepfs.vampire/data/neurogroup/mingyangjiang/EEGxPlore/LaBraM/checkpoints/tuev_labram_full_dense_lr5e-4_s1024_b64_e15_scale100,True,True,registry_complete,True,False,False,dense,none,1024.0,,0.600101816775092,0.6187903029459325,0.5564044198579696,0.8003392170990256,True,LaBraM/final_test.json:primary_test,True,True,True,False,True
LaBraM,TUEV,tuev_labram_full_dense_lr5e-4_s3407_b64_e15_scale100,/panfs/accrepfs.vampire/data/neurogroup/mingyangjiang/EEGxPlore/LaBraM/checkpoints/tuev_labram_full_dense_lr5e-4_s3407_b64_e15_scale100,True,True,registry_complete,True,False,False,dense,none,3407.0,,0.5821160970300286,0.5957905434573185,0.5390254804908605,0.7874031369630364,True,LaBraM/final_test.json:primary_test,True,True,True,False,True
LaBraM,TUEV,tuev_labram_generic_lr5e-4_s1024_b64_e15_scale100,/panfs/accrepfs.vampire/data/neurogroup/mingyangjiang/EEGxPlore/LaBraM/checkpoints/tuev_labram_generic_lr5e-4_s1024_b64_e15_scale100,True,True,registry_complete,True,False,False,frozen_native_generic,generic,1024.0,,0.4222147152804263,0.5301822109375504,0.4188235273287652,0.7531304659998824,True,LaBraM/final_test.json:primary_test,True,True,True,False,True
LaBraM,TUEV,tuev_labram_generic_lr5e-4_s3407_b64_e15_scale100,/panfs/accrepfs.vampire/data/neurogroup/mingyangjiang/EEGxPlore/LaBraM/checkpoints/tuev_labram_generic_lr5e-4_s3407_b64_e15_scale100,True,True,registry_complete,True,False,False,frozen_native_generic,generic,3407.0,,0.4424056685285543,0.5039280129410464,0.4375227108116974,0.7398735643764255,True,LaBraM/final_test.json:primary_test,True,True,True,False,True
LaBraM,TUEV,tuev_labram_generic_lr5e-4_s42_b64_e15_scale100,/panfs/accrepfs.vampire/data/neurogroup/mingyangjiang/EEGxPlore/LaBraM/checkpoints/tuev_labram_generic_lr5e-4_s42_b64_e15_scale100,True,True,registry_complete,True,False,False,frozen_native_generic,generic,42.0,,0.44534336746787995,0.5114098197426435,0.44092438506602916,0.7442085989247073,True,LaBraM/final_test.json:primary_test,True,True,True,False,True
LaBraM,TUEV,tuev_labram_lora_lr5e-4_s1024_b64_e15_scale100,/panfs/accrepfs.vampire/data/neurogroup/mingyangjiang/EEGxPlore/LaBraM/checkpoints/tuev_labram_lora_lr5e-4_s1024_b64_e15_scale100,True,True,registry_complete,True,False,False,lora,qkv,1024.0,,0.5544674620001503,0.5778734723674348,0.5405105994407671,0.7815878179803782,True,LaBraM/final_test.json:primary_test,True,True,True,False,True
LaBraM,TUEV,tuev_labram_lora_lr5e-4_s3407_b64_e15_scale100,/panfs/accrepfs.vampire/data/neurogroup/mingyangjiang/EEGxPlore/LaBraM/checkpoints/tuev_labram_lora_lr5e-4_s3407_b64_e15_scale100,True,True,registry_complete,True,False,False,lora,qkv,3407.0,,0.5977283322538559,0.5649072383034774,0.5446227932741166,0.7761774282002611,True,LaBraM/final_test.json:primary_test,True,True,True,False,True
LaBraM,TUEV,tuev_labram_lora_lr5e-4_s42_b64_e15_scale100,/panfs/accrepfs.vampire/data/neurogroup/mingyangjiang/EEGxPlore/LaBraM/checkpoints/tuev_labram_lora_lr5e-4_s42_b64_e15_scale100,True,True,registry_complete,True,False,False,lora,qkv,42.0,,0.5628134503483032,0.6010881595771316,0.5361471809221658,0.7906025463508185,True,LaBraM/final_test.json:primary_test,True,True,True,False,True
LaBraM,TUEV,tuev_labram_native_channel_lr5e-4_s1024_b64_e15_scale100,/panfs/accrepfs.vampire/data/neurogroup/mingyangjiang/EEGxPlore/LaBraM/checkpoints/tuev_labram_native_channel_lr5e-4_s1024_b64_e15_scale100,True,True,registry_complete,True,False,False,native_channel,channel,1024.0,,0.6055153049067213,0.5821919995908839,0.5781717729654366,0.7870359343027892,True,LaBraM/final_test.json:primary_test,True,True,True,False,True
LaBraM,TUEV,tuev_labram_native_channel_lr5e-4_s3407_b64_e15_scale100,/panfs/accrepfs.vampire/data/neurogroup/mingyangjiang/EEGxPlore/LaBraM/checkpoints/tuev_labram_native_channel_lr5e-4_s3407_b64_e15_scale100,True,True,registry_complete,True,False,False,native_channel,channel,3407.0,,0.5896620888615157,0.5807637609233693,0.511369280889,0.7772626528303568,True,LaBraM/final_test.json:primary_test,True,True,True,False,True
LaBraM,TUEV,tuev_labram_native_channel_lr5e-4_s42_b64_e15_scale100,/panfs/accrepfs.vampire/data/neurogroup/mingyangjiang/EEGxPlore/LaBraM/checkpoints/tuev_labram_native_channel_lr5e-4_s42_b64_e15_scale100,True,True,registry_complete,True,False,False,native_channel,channel,42.0,,0.584921974494361,0.5655573987934158,0.4893654910865459,0.7697968015082839,True,LaBraM/final_test.json:primary_test,True,True,True,False,True
LaBraM,TUEV,tuev_labram_native_channel_patch_lr5e-4_s1024_b64_e15_scale100,/panfs/accrepfs.vampire/data/neurogroup/mingyangjiang/EEGxPlore/LaBraM/checkpoints/tuev_labram_native_channel_patch_lr5e-4_s1024_b64_e15_scale100,True,True,registry_complete,True,False,False,native_channel_patch,channel_patch,1024.0,,0.5819094452595186,0.5634967974957412,0.48849569645674484,0.7678019965994775,True,LaBraM/final_test.json:primary_test,True,True,True,False,True
LaBraM,TUEV,tuev_labram_native_channel_patch_lr5e-4_s3407_b64_e15_scale100,/panfs/accrepfs.vampire/data/neurogroup/mingyangjiang/EEGxPlore/LaBraM/checkpoints/tuev_labram_native_channel_patch_lr5e-4_s3407_b64_e15_scale100,True,True,registry_complete,True,False,False,native_channel_patch,channel_patch,3407.0,,0.6067759683516318,0.5083252302990214,0.5523276870033464,0.7377922002405405,True,LaBraM/final_test.json:primary_test,True,True,True,False,True
LaBraM,TUEV,tuev_labram_native_channel_patch_lr5e-4_s42_b64_e15_scale100,/panfs/accrepfs.vampire/data/neurogroup/mingyangjiang/EEGxPlore/LaBraM/checkpoints/tuev_labram_native_channel_patch_lr5e-4_s42_b64_e15_scale100,True,True,registry_complete,True,False,False,native_channel_patch,channel_patch,42.0,,0.5814869413621627,0.5518564031692129,0.49306759357182667,0.7613118835619999,True,LaBraM/final_test.json:primary_test,True,True,True,False,True
LaBraM,TUEV,tuev_labram_native_channel_patch_zeroout_lr5e-4_s42_b64_e15_scale100,/panfs/accrepfs.vampire/data/neurogroup/mingyangjiang/EEGxPlore/LaBraM/checkpoints/tuev_labram_native_channel_patch_zeroout_lr5e-4_s42_b64_e15_scale100,True,True,registry_complete,True,False,False,native_channel_patch,channel_patch,42.0,,0.5622813647473861,0.5211067085494356,0.4576272157852487,0.7429030685853735,True,LaBraM/final_test.json:primary_test,True,True,True,False,True
LaBraM,TUEV,tuev_labram_native_channel_zeroout_lr5e-4_s42_b64_e15_scale100,/panfs/accrepfs.vampire/data/neurogroup/mingyangjiang/EEGxPlore/LaBraM/checkpoints/tuev_labram_native_channel_zeroout_lr5e-4_s42_b64_e15_scale100,True,True,registry_complete,True,False,False,native_channel,channel,42.0,,0.5930522386034414,0.5676871986909722,0.5513221524791919,0.7770607898865947,True,LaBraM/final_test.json:primary_test,True,True,True,False,True
LaBraM,TUEV,tuev_labram_native_patch_lr5e-4_s1024_b64_e15_scale100,/panfs/accrepfs.vampire/data/neurogroup/mingyangjiang/EEGxPlore/LaBraM/checkpoints/tuev_labram_native_patch_lr5e-4_s1024_b64_e15_scale100,True,True,registry_complete,True,False,False,native_patch,patch,1024.0,,0.5350291674571239,0.5271813921726334,0.5119757106671775,0.7567552703996683,True,LaBraM/final_test.json:primary_test,True,True,True,False,True
LaBraM,TUEV,tuev_labram_native_patch_lr5e-4_s3407_b64_e15_scale100,/panfs/accrepfs.vampire/data/neurogroup/mingyangjiang/EEGxPlore/LaBraM/checkpoints/tuev_labram_native_patch_lr5e-4_s3407_b64_e15_scale100,True,True,registry_complete,True,False,False,native_patch,patch,3407.0,,0.6524444383780593,0.6106894908164991,0.6050621780433467,0.800392412237172,True,LaBraM/final_test.json:primary_test,True,True,True,False,True
LaBraM,TUEV,tuev_labram_native_patch_lr5e-4_s42_b64_e15_scale100,/panfs/accrepfs.vampire/data/neurogroup/mingyangjiang/EEGxPlore/LaBraM/checkpoints/tuev_labram_native_patch_lr5e-4_s42_b64_e15_scale100,True,True,registry_complete,True,False,False,native_patch,patch,42.0,,0.5793780042171851,0.5409392889267195,0.48158619584281226,0.7529112640690235,True,LaBraM/final_test.json:primary_test,True,True,True,False,True
LaBraM,TUEV,tuev_labram_native_patch_zeroout_lr5e-4_s42_b64_e15_scale100,/panfs/accrepfs.vampire/data/neurogroup/mingyangjiang/EEGxPlore/LaBraM/checkpoints/tuev_labram_native_patch_zeroout_lr5e-4_s42_b64_e15_scale100,True,True,registry_complete,True,False,False,native_patch,patch,42.0,,0.5509844021869928,0.6002883232537916,0.5185911941101506,0.7910367172256644,True,LaBraM/final_test.json:primary_test,True,True,True,False,True
LaBraM,TUEV,tuev_labram_upper2_lr5e-4_s1024_b64_e15_scale100,/panfs/accrepfs.vampire/data/neurogroup/mingyangjiang/EEGxPlore/LaBraM/checkpoints/tuev_labram_upper2_lr5e-4_s1024_b64_e15_scale100,True,True,registry_complete,True,False,False,upper2,upper,1024.0,,0.5593111373142944,0.5188681160984254,0.5355936467172961,0.7525803704245614,True,LaBraM/final_test.json:primary_test,True,True,True,False,True
LaBraM,TUEV,tuev_labram_upper2_lr5e-4_s3407_b64_e15_scale100,/panfs/accrepfs.vampire/data/neurogroup/mingyangjiang/EEGxPlore/LaBraM/checkpoints/tuev_labram_upper2_lr5e-4_s3407_b64_e15_scale100,True,True,registry_complete,True,False,False,upper2,upper,3407.0,,0.5191840344640534,0.5696205532498113,0.5060684591476596,0.7740174522623927,True,LaBraM/final_test.json:primary_test,True,True,True,False,True
LaBraM,TUEV,tuev_labram_upper2_lr5e-4_s42_b64_e15_scale100,/panfs/accrepfs.vampire/data/neurogroup/mingyangjiang/EEGxPlore/LaBraM/checkpoints/tuev_labram_upper2_lr5e-4_s42_b64_e15_scale100,True,True,registry_complete,True,False,False,upper2,upper,42.0,,0.5452374561737329,0.6028601446418473,0.5339045939602751,0.7920364656582201,True,LaBraM/final_test.json:primary_test,True,True,True,False,True
